Emp_ID,Dept_ID
E00001,D07
E00002,D06
E00003,D01
E00004,D18
E00005,D13
E00006,D19
E00007,D11
E00008,D06
E00009,D17
E00010,D11
E00011,D11
E00012,D05
E00013,D18
E00014,D20
E00015,D17
E00016,D08
E00017,D19
E00018,D01
E00019,D17
E00020,D01
E00021,D18
E00022,D15
E00023,D03
E00024,D11
E00025,D19
E00026,D06
E00027,D07
E00028,D08
E00029,D15
E00030,D15
E00031,D19
E00032,D03
E00033,D10
E00034,D12
E00035,D09
E00036,D07
E00037,D08
E00038,D03
E00039,D01
E00040,D10
E00041,D19
E00042,D11
E00043,D15
E00044,D03
E00045,D07
E00046,D14
E00047,D03
E00048,D18
E00049,D14
E00050,D08
E00051,D16
E00052,D19
E00053,D14
E00054,D02
E00055,D06
E00056,D15
E00057,D01
E00058,D08
E00059,D07
E00060,D08
E00061,D07
E00062,D16
E00063,D20
E00064,D20
E00065,D15
E00066,D06
E00067,D04
E00068,D16
E00069,D10
E00070,D02
E00071,D10
E00072,D08
E00073,D12
E00074,D17
E00075,D16
E00076,D15
E00077,D12
E00078,D09
E00079,D11
E00080,D19
E00081,D06
E00082,D13
E00083,D01
E00084,D05
E00085,D08
E00086,D04
E00087,D16
E00088,D03
E00089,D14
E00090,D03
E00091,D10
E00092,D13
E00093,D09
E00094,D03
E00095,D11
E00096,D10
E00097,D18
E00098,D17
E00099,D20
E00100,D04
E00101,D10
E00102,D11
E00103,D06
E00104,D12
E00105,D02
E00106,D03
E00107,D09
E00108,D16
E00109,D18
E00110,D02
E00111,D17
E00112,D04
E00113,D08
E00114,D05
E00115,D15
E00116,D05
E00117,D05
E00118,D19
E00119,D11
E00120,D15
E00121,D01
E00122,D18
E00123,D02
E00124,D19
E00125,D06
E00126,D03
E00127,D03
E00128,D16
E00129,D01
E00130,D11
E00131,D10
E00132,D11
E00133,D16
E00134,D18
E00135,D15
E00136,D14
E00137,D04
E00138,D03
E00139,D11
E00140,D01
E00141,D12
E00142,D09
E00143,D11
E00144,D16
E00145,D14
E00146,D01
E00147,D12
E00148,D16
E00149,D20
E00150,D14
E00151,D05
E00152,D18
E00153,D06
E00154,D19
E00155,D10
E00156,D10
E00157,D07
E00158,D16
E00159,D09
E00160,D17
E00161,D14
E00162,D17
E00163,D01
E00164,D03
E00165,D03
E00166,D06
E00167,D14
E00168,D07
E00169,D11
E00170,D08
E00171,D13
E00172,D06
E00173,D11
E00174,D02
E00175,D01
E00176,D11
E00177,D15
E00178,D02
E00179,D14
E00180,D20
E00181,D11
E00182,D19
E00183,D05
E00184,D14
E00185,D04
E00186,D04
E00187,D18
E00188,D17
E00189,D18
E00190,D09
E00191,D12
E00192,D13
E00193,D20
E00194,D06
E00195,D05
E00196,D19
E00197,D01
E00198,D09
E00199,D09
E00200,D17
E00201,D05
E00202,D12
E00203,D10
E00204,D08
E00205,D02
E00206,D07
E00207,D20
E00208,D03
E00209,D10
E00210,D07
E00211,D12
E00212,D20
E00213,D12
E00214,D14
E00215,D20
E00216,D13
E00217,D04
E00218,D15
E00219,D18
E00220,D09
E00221,D05
E00222,D12
E00223,D20
E00224,D03
E00225,D08
E00226,D10
E00227,D13
E00228,D07
E00229,D18
E00230,D10
E00231,D20
E00232,D08
E00233,D03
E00234,D18
E00235,D05
E00236,D19
E00237,D06
E00238,D17
E00239,D19
E00240,D12
E00241,D12
E00242,D12
E00243,D11
E00244,D04
E00245,D02
E00246,D18
E00247,D17
E00248,D11
E00249,D11
E00250,D19
E00251,D07
E00252,D17
E00253,D20
E00254,D19
E00255,D16
E00256,D08
E00257,D10
E00258,D15
E00259,D06
E00260,D11
E00261,D07
E00262,D19
E00263,D07
E00264,D16
E00265,D11
E00266,D03
E00267,D10
E00268,D13
E00269,D15
E00270,D01
E00271,D14
E00272,D05
E00273,D03
E00274,D16
E00275,D08
E00276,D03
E00277,D08
E00278,D03
E00279,D18
E00280,D14
E00281,D08
E00282,D20
E00283,D05
E00284,D09
E00285,D10
E00286,D18
E00287,D14
E00288,D18
E00289,D04
E00290,D19
E00291,D01
E00292,D13
E00293,D03
E00294,D06
E00295,D03
E00296,D12
E00297,D03
E00298,D06
E00299,D03
E00300,D12
E00301,D13
E00302,D07
E00303,D16
E00304,D13
E00305,D14
E00306,D05
E00307,D16
E00308,D20
E00309,D18
E00310,D09
E00311,D10
E00312,D20
E00313,D10
E00314,D06
E00315,D11
E00316,D13
E00317,D12
E00318,D13
E00319,D17
E00320,D16
E00321,D16
E00322,D06
E00323,D07
E00324,D18
E00325,D16
E00326,D05
E00327,D14
E00328,D01
E00329,D16
E00330,D19
E00331,D15
E00332,D05
E00333,D07
E00334,D05
E00335,D06
E00336,D11
E00337,D12
E00338,D19
E00339,D11
E00340,D14
E00341,D17
E00342,D17
E00343,D20
E00344,D02
E00345,D18
E00346,D03
E00347,D10
E00348,D03
E00349,D17
E00350,D19
E00351,D15
E00352,D06
E00353,D07
E00354,D11
E00355,D03
E00356,D05
E00357,D17
E00358,D18
E00359,D05
E00360,D01
E00361,D05
E00362,D13
E00363,D08
E00364,D07
E00365,D09
E00366,D03
E00367,D08
E00368,D14
E00369,D12
E00370,D05
E00371,D19
E00372,D05
E00373,D05
E00374,D15
E00375,D20
E00376,D01
E00377,D19
E00378,D19
E00379,D17
E00380,D18
E00381,D12
E00382,D16
E00383,D20
E00384,D19
E00385,D17
E00386,D17
E00387,D02
E00388,D12
E00389,D02
E00390,D17
E00391,D06
E00392,D16
E00393,D14
E00394,D14
E00395,D19
E00396,D18
E00397,D20
E00398,D14
E00399,D17
E00400,D20
E00401,D07
E00402,D09
E00403,D17
E00404,D12
E00405,D17
E00406,D18
E00407,D11
E00408,D03
E00409,D09
E00410,D17
E00411,D17
E00412,D16
E00413,D15
E00414,D07
E00415,D04
E00416,D03
E00417,D07
E00418,D01
E00419,D10
E00420,D08
E00421,D11
E00422,D02
E00423,D12
E00424,D20
E00425,D18
E00426,D13
E00427,D02
E00428,D08
E00429,D07
E00430,D04
E00431,D13
E00432,D19
E00433,D09
E00434,D05
E00435,D19
E00436,D07
E00437,D04
E00438,D03
E00439,D14
E00440,D08
E00441,D01
E00442,D12
E00443,D04
E00444,D16
E00445,D19
E00446,D12
E00447,D20
E00448,D03
E00449,D08
E00450,D01
E00451,D05
E00452,D02
E00453,D12
E00454,D13
E00455,D15
E00456,D02
E00457,D01
E00458,D01
E00459,D12
E00460,D07
E00461,D15
E00462,D15
E00463,D11
E00464,D14
E00465,D12
E00466,D01
E00467,D04
E00468,D20
E00469,D20
E00470,D06
E00471,D20
E00472,D15
E00473,D15
E00474,D10
E00475,D13
E00476,D03
E00477,D04
E00478,D16
E00479,D01
E00480,D05
E00481,D06
E00482,D20
E00483,D16
E00484,D17
E00485,D11
E00486,D16
E00487,D16
E00488,D19
E00489,D08
E00490,D17
E00491,D09
E00492,D01
E00493,D20
E00494,D03
E00495,D16
E00496,D17
E00497,D06
E00498,D18
E00499,D07
E00500,D01
E00501,D05
E00502,D18
E00503,D20
E00504,D19
E00505,D06
E00506,D09
E00507,D04
E00508,D10
E00509,D09
E00510,D01
E00511,D18
E00512,D05
E00513,D10
E00514,D14
E00515,D17
E00516,D02
E00517,D01
E00518,D01
E00519,D12
E00520,D16
E00521,D09
E00522,D15
E00523,D06
E00524,D02
E00525,D13
E00526,D13
E00527,D12
E00528,D13
E00529,D19
E00530,D03
E00531,D16
E00532,D19
E00533,D08
E00534,D19
E00535,D08
E00536,D15
E00537,D08
E00538,D05
E00539,D15
E00540,D01
E00541,D12
E00542,D04
E00543,D17
E00544,D17
E00545,D11
E00546,D11
E00547,D12
E00548,D17
E00549,D19
E00550,D16
E00551,D18
E00552,D19
E00553,D10
E00554,D02
E00555,D07
E00556,D12
E00557,D15
E00558,D07
E00559,D19
E00560,D17
E00561,D13
E00562,D04
E00563,D14
E00564,D12
E00565,D13
E00566,D07
E00567,D10
E00568,D12
E00569,D06
E00570,D15
E00571,D09
E00572,D14
E00573,D04
E00574,D05
E00575,D16
E00576,D09
E00577,D10
E00578,D10
E00579,D19
E00580,D17
E00581,D07
E00582,D15
E00583,D17
E00584,D02
E00585,D12
E00586,D10
E00587,D09
E00588,D15
E00589,D10
E00590,D06
E00591,D14
E00592,D13
E00593,D09
E00594,D06
E00595,D19
E00596,D09
E00597,D13
E00598,D19
E00599,D13
E00600,D06
E00601,D13
E00602,D08
E00603,D18
E00604,D09
E00605,D11
E00606,D18
E00607,D02
E00608,D13
E00609,D15
E00610,D16
E00611,D18
E00612,D08
E00613,D14
E00614,D18
E00615,D19
E00616,D12
E00617,D11
E00618,D08
E00619,D15
E00620,D02
E00621,D11
E00622,D20
E00623,D03
E00624,D17
E00625,D03
E00626,D18
E00627,D08
E00628,D03
E00629,D10
E00630,D18
E00631,D16
E00632,D03
E00633,D18
E00634,D02
E00635,D13
E00636,D15
E00637,D19
E00638,D06
E00639,D10
E00640,D20
E00641,D05
E00642,D19
E00643,D08
E00644,D02
E00645,D20
E00646,D20
E00647,D08
E00648,D14
E00649,D13
E00650,D10
E00651,D03
E00652,D20
E00653,D17
E00654,D12
E00655,D02
E00656,D13
E00657,D15
E00658,D16
E00659,D16
E00660,D20
E00661,D06
E00662,D10
E00663,D01
E00664,D08
E00665,D15
E00666,D19
E00667,D13
E00668,D12
E00669,D10
E00670,D16
E00671,D08
E00672,D20
E00673,D04
E00674,D17
E00675,D05
E00676,D17
E00677,D04
E00678,D10
E00679,D16
E00680,D01
E00681,D14
E00682,D06
E00683,D20
E00684,D11
E00685,D18
E00686,D12
E00687,D11
E00688,D06
E00689,D06
E00690,D13
E00691,D02
E00692,D05
E00693,D09
E00694,D05
E00695,D13
E00696,D01
E00697,D19
E00698,D12
E00699,D14
E00700,D01
E00701,D10
E00702,D18
E00703,D06
E00704,D13
E00705,D08
E00706,D07
E00707,D20
E00708,D12
E00709,D06
E00710,D13
E00711,D15
E00712,D16
E00713,D05
E00714,D09
E00715,D03
E00716,D02
E00717,D05
E00718,D17
E00719,D10
E00720,D06
E00721,D16
E00722,D16
E00723,D13
E00724,D20
E00725,D18
E00726,D13
E00727,D04
E00728,D03
E00729,D14
E00730,D05
E00731,D08
E00732,D06
E00733,D09
E00734,D09
E00735,D01
E00736,D08
E00737,D19
E00738,D06
E00739,D05
E00740,D11
E00741,D16
E00742,D12
E00743,D08
E00744,D12
E00745,D19
E00746,D07
E00747,D01
E00748,D13
E00749,D02
E00750,D15
E00751,D19
E00752,D18
E00753,D15
E00754,D02
E00755,D13
E00756,D07
E00757,D19
E00758,D12
E00759,D18
E00760,D16
E00761,D12
E00762,D18
E00763,D03
E00764,D07
E00765,D16
E00766,D14
E00767,D11
E00768,D04
E00769,D11
E00770,D03
E00771,D16
E00772,D17
E00773,D06
E00774,D03
E00775,D18
E00776,D04
E00777,D09
E00778,D14
E00779,D10
E00780,D12
E00781,D19
E00782,D18
E00783,D16
E00784,D16
E00785,D01
E00786,D08
E00787,D18
E00788,D19
E00789,D13
E00790,D03
E00791,D02
E00792,D01
E00793,D01
E00794,D02
E00795,D17
E00796,D14
E00797,D06
E00798,D09
E00799,D10
E00800,D13
E00801,D05
E00802,D01
E00803,D14
E00804,D09
E00805,D18
E00806,D15
E00807,D07
E00808,D09
E00809,D17
E00810,D15
E00811,D08
E00812,D14
E00813,D11
E00814,D14
E00815,D17
E00816,D05
E00817,D04
E00818,D15
E00819,D20
E00820,D04
E00821,D18
E00822,D04
E00823,D20
E00824,D13
E00825,D15
E00826,D12
E00827,D08
E00828,D02
E00829,D10
E00830,D12
E00831,D20
E00832,D11
E00833,D10
E00834,D11
E00835,D15
E00836,D07
E00837,D12
E00838,D12
E00839,D10
E00840,D10
E00841,D13
E00842,D02
E00843,D11
E00844,D09
E00845,D10
E00846,D18
E00847,D10
E00848,D11
E00849,D18
E00850,D10
E00851,D07
E00852,D11
E00853,D17
E00854,D01
E00855,D15
E00856,D02
E00857,D03
E00858,D15
E00859,D01
E00860,D14
E00861,D14
E00862,D11
E00863,D05
E00864,D19
E00865,D03
E00866,D07
E00867,D13
E00868,D06
E00869,D13
E00870,D01
E00871,D04
E00872,D04
E00873,D06
E00874,D14
E00875,D14
E00876,D04
E00877,D05
E00878,D08
E00879,D09
E00880,D02
E00881,D14
E00882,D16
E00883,D05
E00884,D16
E00885,D17
E00886,D15
E00887,D11
E00888,D06
E00889,D04
E00890,D10
E00891,D02
E00892,D06
E00893,D11
E00894,D06
E00895,D11
E00896,D08
E00897,D17
E00898,D18
E00899,D02
E00900,D15
E00901,D19
E00902,D03
E00903,D12
E00904,D07
E00905,D01
E00906,D02
E00907,D11
E00908,D05
E00909,D10
E00910,D01
E00911,D04
E00912,D13
E00913,D18
E00914,D10
E00915,D14
E00916,D18
E00917,D18
E00918,D01
E00919,D16
E00920,D17
E00921,D13
E00922,D15
E00923,D06
E00924,D18
E00925,D17
E00926,D08
E00927,D16
E00928,D05
E00929,D02
E00930,D06
E00931,D16
E00932,D18
E00933,D07
E00934,D01
E00935,D11
E00936,D12
E00937,D15
E00938,D18
E00939,D14
E00940,D05
E00941,D18
E00942,D01
E00943,D06
E00944,D12
E00945,D01
E00946,D05
E00947,D17
E00948,D13
E00949,D01
E00950,D04
E00951,D10
E00952,D12
E00953,D18
E00954,D08
E00955,D13
E00956,D19
E00957,D10
E00958,D06
E00959,D06
E00960,D07
E00961,D16
E00962,D20
E00963,D20
E00964,D11
E00965,D01
E00966,D15
E00967,D15
E00968,D10
E00969,D18
E00970,D02
E00971,D18
E00972,D17
E00973,D13
E00974,D01
E00975,D06
E00976,D10
E00977,D11
E00978,D17
E00979,D20
E00980,D01
E00981,D13
E00982,D10
E00983,D19
E00984,D12
E00985,D16
E00986,D14
E00987,D09
E00988,D08
E00989,D13
E00990,D08
E00991,D10
E00992,D11
E00993,D15
E00994,D10
E00995,D05
E00996,D19
E00997,D15
E00998,D18
E00999,D03
E01000,D14
E01001,D09
E01002,D12
E01003,D02
E01004,D05
E01005,D11
E01006,D06
E01007,D10
E01008,D05
E01009,D01
E01010,D11
E01011,D15
E01012,D10
E01013,D16
E01014,D19
E01015,D09
E01016,D20
E01017,D12
E01018,D10
E01019,D20
E01020,D05
E01021,D15
E01022,D13
E01023,D14
E01024,D19
E01025,D04
E01026,D13
E01027,D20
E01028,D12
E01029,D12
E01030,D09
E01031,D06
E01032,D16
E01033,D10
E01034,D09
E01035,D14
E01036,D05
E01037,D04
E01038,D20
E01039,D02
E01040,D09
E01041,D08
E01042,D18
E01043,D10
E01044,D05
E01045,D20
E01046,D01
E01047,D01
E01048,D03
E01049,D04
E01050,D18
E01051,D10
E01052,D06
E01053,D11
E01054,D07
E01055,D13
E01056,D16
E01057,D01
E01058,D19
E01059,D01
E01060,D11
E01061,D11
E01062,D20
E01063,D18
E01064,D09
E01065,D08
E01066,D20
E01067,D08
E01068,D04
E01069,D08
E01070,D03
E01071,D09
E01072,D08
E01073,D11
E01074,D07
E01075,D15
E01076,D03
E01077,D19
E01078,D05
E01079,D15
E01080,D17
E01081,D13
E01082,D13
E01083,D05
E01084,D07
E01085,D05
E01086,D03
E01087,D14
E01088,D06
E01089,D10
E01090,D19
E01091,D12
E01092,D05
E01093,D09
E01094,D11
E01095,D12
E01096,D10
E01097,D03
E01098,D14
E01099,D19
E01100,D02
E01101,D02
E01102,D16
E01103,D14
E01104,D12
E01105,D19
E01106,D06
E01107,D06
E01108,D20
E01109,D11
E01110,D10
E01111,D03
E01112,D03
E01113,D20
E01114,D13
E01115,D04
E01116,D02
E01117,D18
E01118,D07
E01119,D10
E01120,D13
E01121,D03
E01122,D05
E01123,D15
E01124,D11
E01125,D13
E01126,D07
E01127,D06
E01128,D08
E01129,D11
E01130,D07
E01131,D15
E01132,D19
E01133,D07
E01134,D09
E01135,D19
E01136,D01
E01137,D11
E01138,D09
E01139,D17
E01140,D12
E01141,D02
E01142,D18
E01143,D04
E01144,D04
E01145,D15
E01146,D17
E01147,D05
E01148,D08
E01149,D10
E01150,D04
E01151,D08
E01152,D20
E01153,D18
E01154,D10
E01155,D13
E01156,D18
E01157,D05
E01158,D13
E01159,D18
E01160,D12
E01161,D06
E01162,D09
E01163,D17
E01164,D01
E01165,D13
E01166,D16
E01167,D04
E01168,D14
E01169,D18
E01170,D19
E01171,D13
E01172,D03
E01173,D14
E01174,D14
E01175,D17
E01176,D20
E01177,D15
E01178,D01
E01179,D12
E01180,D13
E01181,D05
E01182,D16
E01183,D20
E01184,D08
E01185,D06
E01186,D07
E01187,D08
E01188,D08
E01189,D08
E01190,D03
E01191,D09
E01192,D18
E01193,D16
E01194,D12
E01195,D02
E01196,D15
E01197,D08
E01198,D04
E01199,D02
E01200,D16
E01201,D18
E01202,D08
E01203,D09
E01204,D19
E01205,D09
E01206,D03
E01207,D16
E01208,D19
E01209,D12
E01210,D20
E01211,D18
E01212,D06
E01213,D19
E01214,D09
E01215,D12
E01216,D14
E01217,D07
E01218,D15
E01219,D10
E01220,D03
E01221,D13
E01222,D17
E01223,D08
E01224,D01
E01225,D03
E01226,D09
E01227,D02
E01228,D15
E01229,D09
E01230,D17
E01231,D15
E01232,D09
E01233,D10
E01234,D07
E01235,D16
E01236,D13
E01237,D17
E01238,D13
E01239,D11
E01240,D16
E01241,D10
E01242,D16
E01243,D12
E01244,D07
E01245,D10
E01246,D10
E01247,D19
E01248,D15
E01249,D10
E01250,D12
E01251,D09
E01252,D04
E01253,D18
E01254,D16
E01255,D04
E01256,D17
E01257,D08
E01258,D17
E01259,D17
E01260,D02
E01261,D07
E01262,D18
E01263,D14
E01264,D03
E01265,D09
E01266,D12
E01267,D10
E01268,D07
E01269,D20
E01270,D19
E01271,D12
E01272,D13
E01273,D20
E01274,D05
E01275,D16
E01276,D17
E01277,D04
E01278,D04
E01279,D06
E01280,D12
E01281,D07
E01282,D16
E01283,D18
E01284,D08
E01285,D19
E01286,D15
E01287,D11
E01288,D11
E01289,D19
E01290,D05
E01291,D10
E01292,D01
E01293,D06
E01294,D10
E01295,D01
E01296,D19
E01297,D20
E01298,D10
E01299,D11
E01300,D07
E01301,D03
E01302,D06
E01303,D15
E01304,D19
E01305,D10
E01306,D04
E01307,D20
E01308,D06
E01309,D04
E01310,D17
E01311,D13
E01312,D17
E01313,D01
E01314,D13
E01315,D11
E01316,D10
E01317,D07
E01318,D14
E01319,D12
E01320,D03
E01321,D12
E01322,D10
E01323,D18
E01324,D11
E01325,D16
E01326,D07
E01327,D06
E01328,D09
E01329,D07
E01330,D17
E01331,D14
E01332,D01
E01333,D13
E01334,D14
E01335,D18
E01336,D02
E01337,D15
E01338,D20
E01339,D18
E01340,D09
E01341,D13
E01342,D11
E01343,D10
E01344,D19
E01345,D10
E01346,D04
E01347,D14
E01348,D11
E01349,D03
E01350,D01
E01351,D02
E01352,D11
E01353,D18
E01354,D12
E01355,D19
E01356,D09
E01357,D02
E01358,D18
E01359,D03
E01360,D01
E01361,D10
E01362,D17
E01363,D18
E01364,D09
E01365,D03
E01366,D20
E01367,D14
E01368,D17
E01369,D07
E01370,D03
E01371,D08
E01372,D19
E01373,D12
E01374,D07
E01375,D13
E01376,D13
E01377,D19
E01378,D08
E01379,D06
E01380,D07
E01381,D09
E01382,D13
E01383,D11
E01384,D13
E01385,D09
E01386,D18
E01387,D13
E01388,D10
E01389,D13
E01390,D14
E01391,D18
E01392,D04
E01393,D19
E01394,D14
E01395,D13
E01396,D09
E01397,D07
E01398,D11
E01399,D02
E01400,D04
E01401,D06
E01402,D16
E01403,D20
E01404,D04
E01405,D10
E01406,D19
E01407,D06
E01408,D11
E01409,D14
E01410,D06
E01411,D14
E01412,D13
E01413,D09
E01414,D03
E01415,D17
E01416,D01
E01417,D19
E01418,D12
E01419,D05
E01420,D02
E01421,D16
E01422,D16
E01423,D01
E01424,D17
E01425,D14
E01426,D01
E01427,D12
E01428,D06
E01429,D11
E01430,D15
E01431,D04
E01432,D12
E01433,D08
E01434,D07
E01435,D02
E01436,D18
E01437,D07
E01438,D14
E01439,D05
E01440,D03
E01441,D01
E01442,D13
E01443,D04
E01444,D16
E01445,D02
E01446,D08
E01447,D17
E01448,D16
E01449,D08
E01450,D14
E01451,D18
E01452,D01
E01453,D19
E01454,D10
E01455,D18
E01456,D04
E01457,D12
E01458,D15
E01459,D10
E01460,D05
E01461,D17
E01462,D04
E01463,D03
E01464,D09
E01465,D08
E01466,D09
E01467,D12
E01468,D11
E01469,D13
E01470,D11
E01471,D18
E01472,D15
E01473,D13
E01474,D05
E01475,D04
E01476,D18
E01477,D09
E01478,D19
E01479,D01
E01480,D10
E01481,D17
E01482,D17
E01483,D07
E01484,D12
E01485,D07
E01486,D07
E01487,D11
E01488,D14
E01489,D08
E01490,D17
E01491,D01
E01492,D16
E01493,D14
E01494,D19
E01495,D13
E01496,D08
E01497,D02
E01498,D12
E01499,D01
E01500,D19
E01501,D16
E01502,D13
E01503,D12
E01504,D11
E01505,D16
E01506,D13
E01507,D10
E01508,D01
E01509,D06
E01510,D19
E01511,D12
E01512,D02
E01513,D12
E01514,D03
E01515,D19
E01516,D07
E01517,D06
E01518,D04
E01519,D02
E01520,D11
E01521,D10
E01522,D17
E01523,D11
E01524,D04
E01525,D03
E01526,D13
E01527,D18
E01528,D07
E01529,D05
E01530,D06
E01531,D06
E01532,D20
E01533,D03
E01534,D07
E01535,D06
E01536,D07
E01537,D16
E01538,D04
E01539,D18
E01540,D13
E01541,D13
E01542,D08
E01543,D17
E01544,D07
E01545,D15
E01546,D12
E01547,D12
E01548,D06
E01549,D06
E01550,D19
E01551,D17
E01552,D02
E01553,D15
E01554,D17
E01555,D14
E01556,D10
E01557,D09
E01558,D14
E01559,D05
E01560,D11
E01561,D07
E01562,D01
E01563,D18
E01564,D06
E01565,D19
E01566,D09
E01567,D03
E01568,D16
E01569,D08
E01570,D08
E01571,D14
E01572,D01
E01573,D17
E01574,D10
E01575,D08
E01576,D05
E01577,D01
E01578,D15
E01579,D12
E01580,D03
E01581,D06
E01582,D16
E01583,D17
E01584,D12
E01585,D16
E01586,D09
E01587,D05
E01588,D08
E01589,D20
E01590,D06
E01591,D14
E01592,D09
E01593,D17
E01594,D08
E01595,D08
E01596,D14
E01597,D05
E01598,D07
E01599,D04
E01600,D08
E01601,D01
E01602,D04
E01603,D01
E01604,D02
E01605,D16
E01606,D10
E01607,D07
E01608,D18
E01609,D04
E01610,D06
E01611,D02
E01612,D18
E01613,D17
E01614,D05
E01615,D13
E01616,D09
E01617,D18
E01618,D10
E01619,D16
E01620,D12
E01621,D08
E01622,D18
E01623,D17
E01624,D05
E01625,D01
E01626,D07
E01627,D11
E01628,D07
E01629,D14
E01630,D06
E01631,D12
E01632,D02
E01633,D15
E01634,D18
E01635,D08
E01636,D01
E01637,D19
E01638,D16
E01639,D14
E01640,D12
E01641,D13
E01642,D14
E01643,D03
E01644,D02
E01645,D07
E01646,D14
E01647,D03
E01648,D01
E01649,D06
E01650,D17
E01651,D18
E01652,D06
E01653,D12
E01654,D07
E01655,D16
E01656,D14
E01657,D18
E01658,D07
E01659,D11
E01660,D08
E01661,D01
E01662,D07
E01663,D06
E01664,D01
E01665,D07
E01666,D11
E01667,D08
E01668,D06
E01669,D05
E01670,D12
E01671,D04
E01672,D05
E01673,D06
E01674,D04
E01675,D08
E01676,D11
E01677,D19
E01678,D03
E01679,D17
E01680,D03
E01681,D03
E01682,D19
E01683,D04
E01684,D13
E01685,D04
E01686,D15
E01687,D19
E01688,D15
E01689,D12
E01690,D05
E01691,D16
E01692,D03
E01693,D19
E01694,D04
E01695,D13
E01696,D02
E01697,D09
E01698,D16
E01699,D04
E01700,D06
E01701,D11
E01702,D08
E01703,D10
E01704,D07
E01705,D13
E01706,D12
E01707,D12
E01708,D20
E01709,D03
E01710,D20
E01711,D05
E01712,D20
E01713,D10
E01714,D07
E01715,D02
E01716,D09
E01717,D07
E01718,D12
E01719,D14
E01720,D20
E01721,D10
E01722,D17
E01723,D09
E01724,D02
E01725,D03
E01726,D13
E01727,D20
E01728,D01
E01729,D01
E01730,D04
E01731,D03
E01732,D15
E01733,D06
E01734,D14
E01735,D17
E01736,D10
E01737,D17
E01738,D03
E01739,D17
E01740,D11
E01741,D04
E01742,D04
E01743,D18
E01744,D17
E01745,D14
E01746,D06
E01747,D03
E01748,D03
E01749,D08
E01750,D13
E01751,D11
E01752,D07
E01753,D03
E01754,D01
E01755,D07
E01756,D18
E01757,D13
E01758,D14
E01759,D04
E01760,D05
E01761,D04
E01762,D10
E01763,D08
E01764,D04
E01765,D19
E01766,D19
E01767,D04
E01768,D11
E01769,D07
E01770,D11
E01771,D15
E01772,D16
E01773,D04
E01774,D05
E01775,D04
E01776,D13
E01777,D15
E01778,D08
E01779,D09
E01780,D16
E01781,D07
E01782,D07
E01783,D17
E01784,D17
E01785,D12
E01786,D01
E01787,D16
E01788,D13
E01789,D09
E01790,D20
E01791,D01
E01792,D15
E01793,D13
E01794,D05
E01795,D20
E01796,D16
E01797,D05
E01798,D05
E01799,D20
E01800,D11
E01801,D13
E01802,D19
E01803,D11
E01804,D01
E01805,D20
E01806,D01
E01807,D06
E01808,D06
E01809,D09
E01810,D02
E01811,D12
E01812,D02
E01813,D07
E01814,D17
E01815,D15
E01816,D11
E01817,D02
E01818,D10
E01819,D14
E01820,D14
E01821,D01
E01822,D14
E01823,D14
E01824,D20
E01825,D15
E01826,D05
E01827,D16
E01828,D13
E01829,D15
E01830,D11
E01831,D14
E01832,D01
E01833,D05
E01834,D11
E01835,D08
E01836,D04
E01837,D01
E01838,D02
E01839,D18
E01840,D20
E01841,D13
E01842,D06
E01843,D12
E01844,D02
E01845,D13
E01846,D19
E01847,D01
E01848,D05
E01849,D01
E01850,D11
E01851,D18
E01852,D12
E01853,D11
E01854,D14
E01855,D15
E01856,D14
E01857,D09
E01858,D02
E01859,D05
E01860,D18
E01861,D09
E01862,D17
E01863,D11
E01864,D12
E01865,D16
E01866,D03
E01867,D09
E01868,D03
E01869,D12
E01870,D02
E01871,D12
E01872,D13
E01873,D06
E01874,D07
E01875,D15
E01876,D06
E01877,D12
E01878,D11
E01879,D10
E01880,D06
E01881,D15
E01882,D11
E01883,D01
E01884,D20
E01885,D07
E01886,D16
E01887,D07
E01888,D18
E01889,D08
E01890,D15
E01891,D15
E01892,D01
E01893,D08
E01894,D07
E01895,D19
E01896,D17
E01897,D17
E01898,D02
E01899,D03
E01900,D02
E01901,D16
E01902,D13
E01903,D16
E01904,D16
E01905,D02
E01906,D14
E01907,D06
E01908,D14
E01909,D03
E01910,D14
E01911,D14
E01912,D01
E01913,D04
E01914,D03
E01915,D17
E01916,D05
E01917,D17
E01918,D07
E01919,D03
E01920,D19
E01921,D14
E01922,D19
E01923,D10
E01924,D05
E01925,D05
E01926,D11
E01927,D12
E01928,D11
E01929,D19
E01930,D17
E01931,D08
E01932,D05
E01933,D11
E01934,D17
E01935,D07
E01936,D17
E01937,D01
E01938,D14
E01939,D02
E01940,D03
E01941,D09
E01942,D01
E01943,D03
E01944,D08
E01945,D18
E01946,D04
E01947,D09
E01948,D08
E01949,D02
E01950,D06
E01951,D18
E01952,D03
E01953,D15
E01954,D06
E01955,D16
E01956,D02
E01957,D15
E01958,D05
E01959,D17
E01960,D20
E01961,D07
E01962,D10
E01963,D07
E01964,D09
E01965,D11
E01966,D01
E01967,D09
E01968,D10
E01969,D19
E01970,D06
E01971,D08
E01972,D19
E01973,D06
E01974,D05
E01975,D16
E01976,D15
E01977,D06
E01978,D03
E01979,D14
E01980,D19
E01981,D20
E01982,D12
E01983,D14
E01984,D19
E01985,D17
E01986,D01
E01987,D10
E01988,D05
E01989,D09
E01990,D02
E01991,D04
E01992,D15
E01993,D10
E01994,D16
E01995,D15
E01996,D18
E01997,D06
E01998,D12
E01999,D09
E02000,D07
E02001,D12
E02002,D13
E02003,D14
E02004,D04
E02005,D08
E02006,D10
E02007,D10
E02008,D06
E02009,D10
E02010,D10
E02011,D03
E02012,D16
E02013,D06
E02014,D02
E02015,D13
E02016,D15
E02017,D10
E02018,D16
E02019,D09
E02020,D08
E02021,D07
E02022,D07
E02023,D01
E02024,D12
E02025,D03
E02026,D07
E02027,D08
E02028,D15
E02029,D02
E02030,D20
E02031,D17
E02032,D14
E02033,D05
E02034,D05
E02035,D12
E02036,D05
E02037,D18
E02038,D02
E02039,D15
E02040,D20
E02041,D18
E02042,D05
E02043,D07
E02044,D13
E02045,D11
E02046,D17
E02047,D16
E02048,D19
E02049,D01
E02050,D06
E02051,D06
E02052,D08
E02053,D03
E02054,D14
E02055,D10
E02056,D17
E02057,D09
E02058,D11
E02059,D11
E02060,D16
E02061,D08
E02062,D11
E02063,D19
E02064,D12
E02065,D14
E02066,D20
E02067,D13
E02068,D02
E02069,D14
E02070,D15
E02071,D08
E02072,D06
E02073,D08
E02074,D04
E02075,D07
E02076,D02
E02077,D10
E02078,D16
E02079,D19
E02080,D03
E02081,D04
E02082,D05
E02083,D08
E02084,D02
E02085,D09
E02086,D13
E02087,D11
E02088,D08
E02089,D06
E02090,D18
E02091,D06
E02092,D06
E02093,D03
E02094,D18
E02095,D05
E02096,D20
E02097,D05
E02098,D16
E02099,D06
E02100,D08
E02101,D19
E02102,D20
E02103,D09
E02104,D04
E02105,D13
E02106,D17
E02107,D05
E02108,D16
E02109,D08
E02110,D20
E02111,D20
E02112,D04
E02113,D16
E02114,D09
E02115,D02
E02116,D18
E02117,D01
E02118,D01
E02119,D09
E02120,D17
E02121,D05
E02122,D15
E02123,D17
E02124,D10
E02125,D18
E02126,D01
E02127,D09
E02128,D12
E02129,D15
E02130,D09
E02131,D12
E02132,D04
E02133,D10
E02134,D18
E02135,D05
E02136,D01
E02137,D16
E02138,D07
E02139,D12
E02140,D18
E02141,D13
E02142,D09
E02143,D12
E02144,D06
E02145,D12
E02146,D19
E02147,D12
E02148,D13
E02149,D05
E02150,D08
E02151,D15
E02152,D03
E02153,D13
E02154,D18
E02155,D08
E02156,D11
E02157,D12
E02158,D13
E02159,D07
E02160,D06
E02161,D12
E02162,D16
E02163,D08
E02164,D10
E02165,D07
E02166,D16
E02167,D07
E02168,D05
E02169,D08
E02170,D05
E02171,D17
E02172,D12
E02173,D14
E02174,D02
E02175,D15
E02176,D06
E02177,D09
E02178,D16
E02179,D16
E02180,D13
E02181,D16
E02182,D09
E02183,D03
E02184,D16
E02185,D18
E02186,D08
E02187,D12
E02188,D15
E02189,D15
E02190,D11
E02191,D05
E02192,D20
E02193,D05
E02194,D06
E02195,D02
E02196,D14
E02197,D18
E02198,D01
E02199,D15
E02200,D02
E02201,D17
E02202,D11
E02203,D18
E02204,D04
E02205,D03
E02206,D12
E02207,D04
E02208,D04
E02209,D08
E02210,D12
E02211,D12
E02212,D10
E02213,D17
E02214,D10
E02215,D15
E02216,D07
E02217,D10
E02218,D16
E02219,D06
E02220,D11
E02221,D11
E02222,D20
E02223,D20
E02224,D13
E02225,D20
E02226,D08
E02227,D04
E02228,D05
E02229,D06
E02230,D13
E02231,D10
E02232,D06
E02233,D05
E02234,D14
E02235,D02
E02236,D11
E02237,D18
E02238,D01
E02239,D20
E02240,D20
E02241,D10
E02242,D13
E02243,D16
E02244,D20
E02245,D12
E02246,D16
E02247,D17
E02248,D03
E02249,D02
E02250,D17
E02251,D11
E02252,D06
E02253,D14
E02254,D01
E02255,D17
E02256,D16
E02257,D01
E02258,D13
E02259,D11
E02260,D18
E02261,D17
E02262,D12
E02263,D01
E02264,D10
E02265,D14
E02266,D02
E02267,D03
E02268,D08
E02269,D12
E02270,D16
E02271,D20
E02272,D02
E02273,D15
E02274,D04
E02275,D06
E02276,D13
E02277,D19
E02278,D07
E02279,D10
E02280,D12
E02281,D20
E02282,D13
E02283,D17
E02284,D04
E02285,D17
E02286,D11
E02287,D19
E02288,D04
E02289,D10
E02290,D13
E02291,D10
E02292,D11
E02293,D14
E02294,D01
E02295,D01
E02296,D17
E02297,D16
E02298,D12
E02299,D06
E02300,D15
E02301,D18
E02302,D06
E02303,D01
E02304,D18
E02305,D01
E02306,D07
E02307,D05
E02308,D10
E02309,D10
E02310,D16
E02311,D20
E02312,D02
E02313,D14
E02314,D20
E02315,D16
E02316,D04
E02317,D09
E02318,D07
E02319,D08
E02320,D10
E02321,D16
E02322,D10
E02323,D13
E02324,D01
E02325,D18
E02326,D16
E02327,D14
E02328,D05
E02329,D11
E02330,D07
E02331,D20
E02332,D06
E02333,D17
E02334,D01
E02335,D14
E02336,D06
E02337,D17
E02338,D17
E02339,D08
E02340,D16
E02341,D02
E02342,D04
E02343,D16
E02344,D12
E02345,D19
E02346,D01
E02347,D15
E02348,D03
E02349,D02
E02350,D15
E02351,D04
E02352,D04
E02353,D10
E02354,D01
E02355,D12
E02356,D03
E02357,D08
E02358,D20
E02359,D04
E02360,D06
E02361,D05
E02362,D04
E02363,D04
E02364,D18
E02365,D12
E02366,D19
E02367,D05
E02368,D02
E02369,D02
E02370,D16
E02371,D02
E02372,D13
E02373,D11
E02374,D07
E02375,D20
E02376,D11
E02377,D12
E02378,D01
E02379,D15
E02380,D12
E02381,D04
E02382,D06
E02383,D07
E02384,D11
E02385,D12
E02386,D13
E02387,D03
E02388,D18
E02389,D06
E02390,D12
E02391,D06
E02392,D03
E02393,D19
E02394,D02
E02395,D10
E02396,D14
E02397,D05
E02398,D01
E02399,D18
E02400,D07
E02401,D06
E02402,D05
E02403,D17
E02404,D17
E02405,D10
E02406,D10
E02407,D14
E02408,D13
E02409,D17
E02410,D14
E02411,D03
E02412,D08
E02413,D03
E02414,D16
E02415,D12
E02416,D07
E02417,D04
E02418,D09
E02419,D07
E02420,D09
E02421,D10
E02422,D20
E02423,D17
E02424,D20
E02425,D11
E02426,D12
E02427,D20
E02428,D04
E02429,D04
E02430,D11
E02431,D13
E02432,D12
E02433,D13
E02434,D13
E02435,D02
E02436,D20
E02437,D18
E02438,D09
E02439,D16
E02440,D03
E02441,D05
E02442,D15
E02443,D03
E02444,D17
E02445,D15
E02446,D03
E02447,D14
E02448,D19
E02449,D02
E02450,D04
E02451,D11
E02452,D03
E02453,D06
E02454,D19
E02455,D08
E02456,D17
E02457,D05
E02458,D09
E02459,D04
E02460,D10
E02461,D12
E02462,D16
E02463,D06
E02464,D05
E02465,D03
E02466,D08
E02467,D10
E02468,D19
E02469,D12
E02470,D02
E02471,D19
E02472,D15
E02473,D19
E02474,D09
E02475,D03
E02476,D17
E02477,D03
E02478,D18
E02479,D18
E02480,D06
E02481,D19
E02482,D01
E02483,D17
E02484,D03
E02485,D14
E02486,D16
E02487,D19
E02488,D08
E02489,D12
E02490,D19
E02491,D19
E02492,D14
E02493,D11
E02494,D05
E02495,D18
E02496,D15
E02497,D12
E02498,D11
E02499,D04
E02500,D09
E02501,D07
E02502,D15
E02503,D12
E02504,D03
E02505,D18
E02506,D02
E02507,D18
E02508,D11
E02509,D01
E02510,D19
E02511,D15
E02512,D18
E02513,D18
E02514,D05
E02515,D15
E02516,D04
E02517,D01
E02518,D19
E02519,D01
E02520,D07
E02521,D02
E02522,D09
E02523,D08
E02524,D15
E02525,D02
E02526,D19
E02527,D19
E02528,D10
E02529,D02
E02530,D20
E02531,D19
E02532,D15
E02533,D05
E02534,D07
E02535,D05
E02536,D03
E02537,D15
E02538,D01
E02539,D14
E02540,D10
E02541,D13
E02542,D06
E02543,D02
E02544,D07
E02545,D20
E02546,D16
E02547,D18
E02548,D11
E02549,D14
E02550,D19
E02551,D10
E02552,D12
E02553,D04
E02554,D12
E02555,D05
E02556,D02
E02557,D20
E02558,D15
E02559,D13
E02560,D02
E02561,D19
E02562,D11
E02563,D14
E02564,D09
E02565,D14
E02566,D18
E02567,D19
E02568,D01
E02569,D11
E02570,D19
E02571,D13
E02572,D08
E02573,D08
E02574,D05
E02575,D04
E02576,D12
E02577,D02
E02578,D02
E02579,D07
E02580,D11
E02581,D09
E02582,D14
E02583,D03
E02584,D13
E02585,D03
E02586,D11
E02587,D19
E02588,D06
E02589,D15
E02590,D08
E02591,D08
E02592,D08
E02593,D06
E02594,D19
E02595,D06
E02596,D13
E02597,D11
E02598,D02
E02599,D19
E02600,D15
E02601,D14
E02602,D19
E02603,D17
E02604,D12
E02605,D04
E02606,D12
E02607,D07
E02608,D02
E02609,D09
E02610,D06
E02611,D06
E02612,D07
E02613,D15
E02614,D16
E02615,D18
E02616,D15
E02617,D09
E02618,D17
E02619,D20
E02620,D19
E02621,D01
E02622,D02
E02623,D01
E02624,D18
E02625,D12
E02626,D08
E02627,D02
E02628,D18
E02629,D11
E02630,D14
E02631,D20
E02632,D10
E02633,D13
E02634,D09
E02635,D20
E02636,D10
E02637,D05
E02638,D06
E02639,D04
E02640,D15
E02641,D14
E02642,D09
E02643,D17
E02644,D18
E02645,D07
E02646,D15
E02647,D16
E02648,D08
E02649,D15
E02650,D12
E02651,D16
E02652,D16
E02653,D20
E02654,D20
E02655,D16
E02656,D12
E02657,D06
E02658,D04
E02659,D03
E02660,D06
E02661,D01
E02662,D12
E02663,D03
E02664,D07
E02665,D09
E02666,D09
E02667,D18
E02668,D08
E02669,D04
E02670,D13
E02671,D11
E02672,D05
E02673,D11
E02674,D12
E02675,D14
E02676,D14
E02677,D20
E02678,D04
E02679,D20
E02680,D07
E02681,D09
E02682,D08
E02683,D11
E02684,D03
E02685,D10
E02686,D16
E02687,D19
E02688,D01
E02689,D05
E02690,D13
E02691,D17
E02692,D20
E02693,D11
E02694,D15
E02695,D16
E02696,D17
E02697,D08
E02698,D07
E02699,D19
E02700,D03
E02701,D16
E02702,D06
E02703,D03
E02704,D10
E02705,D07
E02706,D02
E02707,D16
E02708,D17
E02709,D19
E02710,D20
E02711,D01
E02712,D11
E02713,D07
E02714,D07
E02715,D08
E02716,D02
E02717,D03
E02718,D19
E02719,D20
E02720,D10
E02721,D05
E02722,D03
E02723,D12
E02724,D15
E02725,D18
E02726,D20
E02727,D02
E02728,D19
E02729,D02
E02730,D02
E02731,D06
E02732,D08
E02733,D06
E02734,D05
E02735,D12
E02736,D01
E02737,D13
E02738,D16
E02739,D18
E02740,D20
E02741,D13
E02742,D14
E02743,D06
E02744,D19
E02745,D03
E02746,D18
E02747,D09
E02748,D09
E02749,D14
E02750,D09
E02751,D09
E02752,D03
E02753,D13
E02754,D01
E02755,D11
E02756,D07
E02757,D11
E02758,D09
E02759,D07
E02760,D18
E02761,D20
E02762,D11
E02763,D06
E02764,D07
E02765,D10
E02766,D08
E02767,D20
E02768,D02
E02769,D19
E02770,D12
E02771,D11
E02772,D13
E02773,D14
E02774,D09
E02775,D04
E02776,D17
E02777,D04
E02778,D12
E02779,D13
E02780,D09
E02781,D03
E02782,D06
E02783,D20
E02784,D14
E02785,D18
E02786,D01
E02787,D15
E02788,D20
E02789,D14
E02790,D16
E02791,D07
E02792,D05
E02793,D16
E02794,D09
E02795,D17
E02796,D12
E02797,D14
E02798,D15
E02799,D07
E02800,D03
E02801,D12
E02802,D14
E02803,D16
E02804,D12
E02805,D04
E02806,D06
E02807,D09
E02808,D02
E02809,D04
E02810,D17
E02811,D03
E02812,D09
E02813,D14
E02814,D01
E02815,D14
E02816,D02
E02817,D20
E02818,D03
E02819,D06
E02820,D17
E02821,D07
E02822,D13
E02823,D17
E02824,D11
E02825,D17
E02826,D20
E02827,D03
E02828,D16
E02829,D15
E02830,D12
E02831,D06
E02832,D20
E02833,D01
E02834,D17
E02835,D18
E02836,D03
E02837,D02
E02838,D16
E02839,D13
E02840,D14
E02841,D08
E02842,D02
E02843,D11
E02844,D03
E02845,D15
E02846,D02
E02847,D19
E02848,D10
E02849,D02
E02850,D15
E02851,D02
E02852,D08
E02853,D04
E02854,D17
E02855,D19
E02856,D15
E02857,D15
E02858,D20
E02859,D12
E02860,D20
E02861,D14
E02862,D12
E02863,D08
E02864,D15
E02865,D18
E02866,D20
E02867,D04
E02868,D16
E02869,D15
E02870,D12
E02871,D11
E02872,D15
E02873,D01
E02874,D13
E02875,D17
E02876,D20
E02877,D17
E02878,D09
E02879,D04
E02880,D20
E02881,D03
E02882,D15
E02883,D13
E02884,D16
E02885,D06
E02886,D12
E02887,D09
E02888,D12
E02889,D06
E02890,D08
E02891,D02
E02892,D09
E02893,D05
E02894,D03
E02895,D02
E02896,D19
E02897,D15
E02898,D13
E02899,D12
E02900,D15
E02901,D03
E02902,D04
E02903,D09
E02904,D10
E02905,D09
E02906,D20
E02907,D18
E02908,D19
E02909,D15
E02910,D03
E02911,D14
E02912,D11
E02913,D05
E02914,D10
E02915,D04
E02916,D06
E02917,D12
E02918,D05
E02919,D18
E02920,D14
E02921,D01
E02922,D14
E02923,D06
E02924,D07
E02925,D01
E02926,D19
E02927,D20
E02928,D06
E02929,D14
E02930,D14
E02931,D11
E02932,D16
E02933,D06
E02934,D01
E02935,D05
E02936,D15
E02937,D19
E02938,D09
E02939,D11
E02940,D05
E02941,D11
E02942,D14
E02943,D08
E02944,D06
E02945,D04
E02946,D04
E02947,D15
E02948,D01
E02949,D09
E02950,D04
E02951,D13
E02952,D12
E02953,D14
E02954,D16
E02955,D15
E02956,D13
E02957,D05
E02958,D14
E02959,D04
E02960,D11
E02961,D08
E02962,D04
E02963,D16
E02964,D17
E02965,D02
E02966,D12
E02967,D18
E02968,D04
E02969,D02
E02970,D13
E02971,D13
E02972,D19
E02973,D04
E02974,D02
E02975,D03
E02976,D15
E02977,D19
E02978,D02
E02979,D17
E02980,D13
E02981,D13
E02982,D04
E02983,D13
E02984,D20
E02985,D17
E02986,D08
E02987,D09
E02988,D14
E02989,D11
E02990,D08
E02991,D07
E02992,D09
E02993,D16
E02994,D11
E02995,D04
E02996,D03
E02997,D05
E02998,D03
E02999,D01
E03000,D14
E03001,D10
E03002,D17
E03003,D16
E03004,D09
E03005,D08
E03006,D01
E03007,D19
E03008,D13
E03009,D08
E03010,D07
E03011,D14
E03012,D08
E03013,D04
E03014,D19
E03015,D17
E03016,D05
E03017,D19
E03018,D13
E03019,D06
E03020,D13
E03021,D09
E03022,D12
E03023,D11
E03024,D02
E03025,D02
E03026,D13
E03027,D19
E03028,D11
E03029,D07
E03030,D06
E03031,D05
E03032,D16
E03033,D11
E03034,D10
E03035,D02
E03036,D18
E03037,D17
E03038,D06
E03039,D17
E03040,D05
E03041,D06
E03042,D08
E03043,D11
E03044,D06
E03045,D04
E03046,D06
E03047,D14
E03048,D14
E03049,D07
E03050,D04
E03051,D15
E03052,D18
E03053,D13
E03054,D06
E03055,D15
E03056,D15
E03057,D03
E03058,D01
E03059,D13
E03060,D02
E03061,D09
E03062,D03
E03063,D16
E03064,D01
E03065,D08
E03066,D17
E03067,D17
E03068,D03
E03069,D11
E03070,D06
E03071,D19
E03072,D02
E03073,D20
E03074,D07
E03075,D07
E03076,D15
E03077,D09
E03078,D04
E03079,D12
E03080,D13
E03081,D15
E03082,D19
E03083,D15
E03084,D09
E03085,D06
E03086,D10
E03087,D03
E03088,D20
E03089,D09
E03090,D20
E03091,D08
E03092,D17
E03093,D01
E03094,D14
E03095,D10
E03096,D11
E03097,D18
E03098,D06
E03099,D15
E03100,D17
E03101,D11
E03102,D01
E03103,D02
E03104,D14
E03105,D01
E03106,D07
E03107,D05
E03108,D10
E03109,D15
E03110,D08
E03111,D14
E03112,D09
E03113,D10
E03114,D12
E03115,D16
E03116,D11
E03117,D19
E03118,D03
E03119,D18
E03120,D05
E03121,D07
E03122,D09
E03123,D17
E03124,D16
E03125,D04
E03126,D09
E03127,D19
E03128,D09
E03129,D02
E03130,D14
E03131,D02
E03132,D10
E03133,D14
E03134,D19
E03135,D05
E03136,D02
E03137,D13
E03138,D16
E03139,D14
E03140,D05
E03141,D20
E03142,D17
E03143,D08
E03144,D02
E03145,D09
E03146,D10
E03147,D04
E03148,D05
E03149,D17
E03150,D14
E03151,D16
E03152,D05
E03153,D17
E03154,D12
E03155,D04
E03156,D09
E03157,D19
E03158,D02
E03159,D16
E03160,D13
E03161,D03
E03162,D19
E03163,D09
E03164,D16
E03165,D15
E03166,D10
E03167,D06
E03168,D05
E03169,D15
E03170,D05
E03171,D17
E03172,D08
E03173,D16
E03174,D20
E03175,D04
E03176,D05
E03177,D15
E03178,D10
E03179,D17
E03180,D03
E03181,D05
E03182,D20
E03183,D04
E03184,D09
E03185,D18
E03186,D07
E03187,D15
E03188,D12
E03189,D20
E03190,D19
E03191,D16
E03192,D14
E03193,D19
E03194,D07
E03195,D05
E03196,D20
E03197,D15
E03198,D01
E03199,D16
E03200,D20
E03201,D16
E03202,D01
E03203,D07
E03204,D20
E03205,D17
E03206,D01
E03207,D14
E03208,D16
E03209,D13
E03210,D15
E03211,D08
E03212,D14
E03213,D12
E03214,D07
E03215,D02
E03216,D19
E03217,D10
E03218,D19
E03219,D06
E03220,D16
E03221,D08
E03222,D06
E03223,D16
E03224,D08
E03225,D09
E03226,D18
E03227,D18
E03228,D18
E03229,D18
E03230,D20
E03231,D03
E03232,D11
E03233,D01
E03234,D08
E03235,D10
E03236,D09
E03237,D20
E03238,D07
E03239,D05
E03240,D14
E03241,D02
E03242,D02
E03243,D11
E03244,D20
E03245,D02
E03246,D01
E03247,D18
E03248,D07
E03249,D06
E03250,D08
E03251,D03
E03252,D12
E03253,D20
E03254,D05
E03255,D20
E03256,D13
E03257,D18
E03258,D03
E03259,D20
E03260,D04
E03261,D05
E03262,D11
E03263,D02
E03264,D07
E03265,D16
E03266,D12
E03267,D04
E03268,D04
E03269,D02
E03270,D02
E03271,D07
E03272,D08
E03273,D13
E03274,D18
E03275,D20
E03276,D18
E03277,D07
E03278,D13
E03279,D18
E03280,D19
E03281,D17
E03282,D13
E03283,D16
E03284,D18
E03285,D01
E03286,D14
E03287,D19
E03288,D12
E03289,D12
E03290,D15
E03291,D15
E03292,D09
E03293,D12
E03294,D13
E03295,D01
E03296,D16
E03297,D17
E03298,D08
E03299,D04
E03300,D09
E03301,D16
E03302,D06
E03303,D18
E03304,D16
E03305,D02
E03306,D16
E03307,D19
E03308,D02
E03309,D05
E03310,D11
E03311,D05
E03312,D13
E03313,D08
E03314,D09
E03315,D09
E03316,D02
E03317,D02
E03318,D16
E03319,D16
E03320,D13
E03321,D17
E03322,D16
E03323,D11
E03324,D01
E03325,D14
E03326,D08
E03327,D15
E03328,D14
E03329,D03
E03330,D20
E03331,D03
E03332,D19
E03333,D12
E03334,D10
E03335,D07
E03336,D01
E03337,D07
E03338,D15
E03339,D09
E03340,D10
E03341,D16
E03342,D05
E03343,D15
E03344,D03
E03345,D12
E03346,D01
E03347,D07
E03348,D19
E03349,D08
E03350,D07
E03351,D17
E03352,D05
E03353,D11
E03354,D14
E03355,D02
E03356,D05
E03357,D19
E03358,D19
E03359,D02
E03360,D02
E03361,D01
E03362,D05
E03363,D13
E03364,D20
E03365,D16
E03366,D10
E03367,D08
E03368,D01
E03369,D03
E03370,D17
E03371,D13
E03372,D19
E03373,D11
E03374,D19
E03375,D14
E03376,D01
E03377,D03
E03378,D14
E03379,D11
E03380,D09
E03381,D04
E03382,D10
E03383,D14
E03384,D10
E03385,D07
E03386,D07
E03387,D17
E03388,D11
E03389,D14
E03390,D01
E03391,D09
E03392,D17
E03393,D06
E03394,D15
E03395,D17
E03396,D18
E03397,D09
E03398,D05
E03399,D09
E03400,D09
E03401,D16
E03402,D19
E03403,D06
E03404,D17
E03405,D07
E03406,D08
E03407,D01
E03408,D20
E03409,D20
E03410,D17
E03411,D05
E03412,D15
E03413,D11
E03414,D06
E03415,D15
E03416,D03
E03417,D16
E03418,D06
E03419,D06
E03420,D04
E03421,D14
E03422,D17
E03423,D19
E03424,D07
E03425,D06
E03426,D02
E03427,D15
E03428,D01
E03429,D16
E03430,D13
E03431,D01
E03432,D18
E03433,D05
E03434,D02
E03435,D08
E03436,D05
E03437,D14
E03438,D02
E03439,D12
E03440,D09
E03441,D12
E03442,D01
E03443,D01
E03444,D02
E03445,D03
E03446,D07
E03447,D12
E03448,D08
E03449,D12
E03450,D02
E03451,D04
E03452,D12
E03453,D05
E03454,D14
E03455,D19
E03456,D11
E03457,D10
E03458,D18
E03459,D15
E03460,D03
E03461,D19
E03462,D15
E03463,D16
E03464,D14
E03465,D13
E03466,D14
E03467,D20
E03468,D16
E03469,D03
E03470,D19
E03471,D18
E03472,D19
E03473,D06
E03474,D08
E03475,D15
E03476,D15
E03477,D17
E03478,D06
E03479,D18
E03480,D14
E03481,D07
E03482,D05
E03483,D10
E03484,D04
E03485,D19
E03486,D01
E03487,D19
E03488,D16
E03489,D11
E03490,D17
E03491,D03
E03492,D15
E03493,D03
E03494,D04
E03495,D01
E03496,D17
E03497,D10
E03498,D07
E03499,D19
E03500,D09
E03501,D05
E03502,D08
E03503,D20
E03504,D10
E03505,D14
E03506,D07
E03507,D06
E03508,D18
E03509,D01
E03510,D19
E03511,D17
E03512,D17
E03513,D12
E03514,D20
E03515,D13
E03516,D08
E03517,D06
E03518,D20
E03519,D09
E03520,D20
E03521,D01
E03522,D07
E03523,D18
E03524,D16
E03525,D02
E03526,D09
E03527,D16
E03528,D16
E03529,D08
E03530,D18
E03531,D06
E03532,D10
E03533,D11
E03534,D16
E03535,D15
E03536,D04
E03537,D03
E03538,D04
E03539,D02
E03540,D16
E03541,D15
E03542,D20
E03543,D17
E03544,D08
E03545,D12
E03546,D12
E03547,D14
E03548,D06
E03549,D15
E03550,D17
E03551,D03
E03552,D16
E03553,D07
E03554,D19
E03555,D16
E03556,D03
E03557,D19
E03558,D18
E03559,D20
E03560,D11
E03561,D07
E03562,D04
E03563,D15
E03564,D07
E03565,D01
E03566,D11
E03567,D04
E03568,D18
E03569,D06
E03570,D04
E03571,D14
E03572,D13
E03573,D13
E03574,D01
E03575,D09
E03576,D04
E03577,D15
E03578,D02
E03579,D01
E03580,D02
E03581,D18
E03582,D09
E03583,D16
E03584,D03
E03585,D14
E03586,D10
E03587,D16
E03588,D17
E03589,D20
E03590,D10
E03591,D17
E03592,D08
E03593,D04
E03594,D07
E03595,D02
E03596,D18
E03597,D02
E03598,D11
E03599,D13
E03600,D17
E03601,D14
E03602,D10
E03603,D09
E03604,D18
E03605,D16
E03606,D14
E03607,D19
E03608,D12
E03609,D09
E03610,D12
E03611,D16
E03612,D20
E03613,D18
E03614,D18
E03615,D07
E03616,D12
E03617,D19
E03618,D04
E03619,D15
E03620,D16
E03621,D15
E03622,D10
E03623,D10
E03624,D01
E03625,D18
E03626,D17
E03627,D18
E03628,D08
E03629,D01
E03630,D04
E03631,D10
E03632,D02
E03633,D07
E03634,D03
E03635,D11
E03636,D16
E03637,D09
E03638,D15
E03639,D04
E03640,D19
E03641,D16
E03642,D18
E03643,D10
E03644,D06
E03645,D14
E03646,D18
E03647,D14
E03648,D07
E03649,D15
E03650,D08
E03651,D17
E03652,D03
E03653,D07
E03654,D08
E03655,D15
E03656,D19
E03657,D02
E03658,D10
E03659,D18
E03660,D04
E03661,D09
E03662,D04
E03663,D01
E03664,D12
E03665,D08
E03666,D11
E03667,D05
E03668,D12
E03669,D20
E03670,D11
E03671,D03
E03672,D14
E03673,D04
E03674,D02
E03675,D01
E03676,D02
E03677,D06
E03678,D20
E03679,D10
E03680,D06
E03681,D15
E03682,D03
E03683,D05
E03684,D01
E03685,D07
E03686,D09
E03687,D19
E03688,D04
E03689,D07
E03690,D18
E03691,D02
E03692,D20
E03693,D18
E03694,D10
E03695,D03
E03696,D11
E03697,D15
E03698,D10
E03699,D19
E03700,D20
E03701,D20
E03702,D12
E03703,D12
E03704,D09
E03705,D13
E03706,D01
E03707,D02
E03708,D03
E03709,D11
E03710,D03
E03711,D16
E03712,D13
E03713,D19
E03714,D05
E03715,D06
E03716,D16
E03717,D02
E03718,D11
E03719,D06
E03720,D07
E03721,D09
E03722,D13
E03723,D07
E03724,D08
E03725,D06
E03726,D01
E03727,D04
E03728,D04
E03729,D02
E03730,D09
E03731,D09
E03732,D08
E03733,D07
E03734,D18
E03735,D13
E03736,D10
E03737,D19
E03738,D02
E03739,D03
E03740,D05
E03741,D15
E03742,D02
E03743,D03
E03744,D04
E03745,D07
E03746,D20
E03747,D03
E03748,D16
E03749,D08
E03750,D12
E03751,D17
E03752,D18
E03753,D18
E03754,D16
E03755,D13
E03756,D04
E03757,D14
E03758,D15
E03759,D17
E03760,D02
E03761,D19
E03762,D20
E03763,D18
E03764,D07
E03765,D14
E03766,D20
E03767,D07
E03768,D03
E03769,D08
E03770,D13
E03771,D10
E03772,D17
E03773,D09
E03774,D06
E03775,D10
E03776,D15
E03777,D09
E03778,D19
E03779,D05
E03780,D20
E03781,D04
E03782,D18
E03783,D16
E03784,D15
E03785,D02
E03786,D11
E03787,D01
E03788,D08
E03789,D02
E03790,D15
E03791,D18
E03792,D09
E03793,D05
E03794,D07
E03795,D03
E03796,D06
E03797,D12
E03798,D09
E03799,D16
E03800,D20
E03801,D18
E03802,D11
E03803,D05
E03804,D18
E03805,D13
E03806,D11
E03807,D08
E03808,D03
E03809,D17
E03810,D07
E03811,D11
E03812,D19
E03813,D06
E03814,D16
E03815,D11
E03816,D10
E03817,D07
E03818,D02
E03819,D08
E03820,D05
E03821,D15
E03822,D12
E03823,D09
E03824,D11
E03825,D05
E03826,D03
E03827,D01
E03828,D08
E03829,D20
E03830,D05
E03831,D02
E03832,D18
E03833,D20
E03834,D20
E03835,D14
E03836,D12
E03837,D19
E03838,D14
E03839,D08
E03840,D10
E03841,D15
E03842,D14
E03843,D16
E03844,D19
E03845,D08
E03846,D18
E03847,D02
E03848,D12
E03849,D16
E03850,D20
E03851,D07
E03852,D16
E03853,D14
E03854,D18
E03855,D03
E03856,D03
E03857,D15
E03858,D01
E03859,D15
E03860,D18
E03861,D09
E03862,D17
E03863,D19
E03864,D05
E03865,D14
E03866,D16
E03867,D08
E03868,D09
E03869,D08
E03870,D03
E03871,D16
E03872,D15
E03873,D01
E03874,D16
E03875,D15
E03876,D03
E03877,D19
E03878,D07
E03879,D01
E03880,D19
E03881,D08
E03882,D19
E03883,D12
E03884,D18
E03885,D07
E03886,D09
E03887,D05
E03888,D17
E03889,D07
E03890,D19
E03891,D05
E03892,D03
E03893,D03
E03894,D01
E03895,D06
E03896,D03
E03897,D09
E03898,D18
E03899,D13
E03900,D02
E03901,D08
E03902,D12
E03903,D18
E03904,D13
E03905,D12
E03906,D04
E03907,D12
E03908,D03
E03909,D09
E03910,D14
E03911,D11
E03912,D12
E03913,D17
E03914,D03
E03915,D19
E03916,D03
E03917,D19
E03918,D19
E03919,D05
E03920,D04
E03921,D19
E03922,D20
E03923,D20
E03924,D09
E03925,D07
E03926,D11
E03927,D16
E03928,D06
E03929,D17
E03930,D01
E03931,D19
E03932,D04
E03933,D02
E03934,D13
E03935,D11
E03936,D20
E03937,D06
E03938,D06
E03939,D17
E03940,D04
E03941,D09
E03942,D19
E03943,D02
E03944,D07
E03945,D17
E03946,D09
E03947,D07
E03948,D17
E03949,D14
E03950,D09
E03951,D14
E03952,D06
E03953,D07
E03954,D11
E03955,D12
E03956,D17
E03957,D05
E03958,D11
E03959,D01
E03960,D05
E03961,D17
E03962,D02
E03963,D12
E03964,D10
E03965,D01
E03966,D07
E03967,D19
E03968,D09
E03969,D01
E03970,D16
E03971,D01
E03972,D16
E03973,D12
E03974,D11
E03975,D03
E03976,D06
E03977,D13
E03978,D19
E03979,D01
E03980,D11
E03981,D12
E03982,D16
E03983,D12
E03984,D18
E03985,D07
E03986,D19
E03987,D19
E03988,D16
E03989,D04
E03990,D04
E03991,D11
E03992,D09
E03993,D04
E03994,D10
E03995,D08
E03996,D11
E03997,D09
E03998,D01
E03999,D17
E04000,D10
E04001,D10
E04002,D12
E04003,D11
E04004,D18
E04005,D17
E04006,D19
E04007,D16
E04008,D04
E04009,D12
E04010,D11
E04011,D17
E04012,D09
E04013,D16
E04014,D08
E04015,D16
E04016,D08
E04017,D07
E04018,D13
E04019,D19
E04020,D07
E04021,D14
E04022,D17
E04023,D04
E04024,D19
E04025,D05
E04026,D15
E04027,D11
E04028,D19
E04029,D19
E04030,D02
E04031,D12
E04032,D05
E04033,D01
E04034,D19
E04035,D07
E04036,D03
E04037,D08
E04038,D16
E04039,D04
E04040,D01
E04041,D09
E04042,D15
E04043,D17
E04044,D14
E04045,D03
E04046,D02
E04047,D12
E04048,D03
E04049,D15
E04050,D15
E04051,D11
E04052,D15
E04053,D03
E04054,D10
E04055,D10
E04056,D11
E04057,D19
E04058,D11
E04059,D05
E04060,D07
E04061,D13
E04062,D16
E04063,D16
E04064,D07
E04065,D02
E04066,D03
E04067,D17
E04068,D17
E04069,D08
E04070,D10
E04071,D08
E04072,D19
E04073,D16
E04074,D14
E04075,D17
E04076,D01
E04077,D07
E04078,D04
E04079,D11
E04080,D08
E04081,D15
E04082,D19
E04083,D03
E04084,D11
E04085,D02
E04086,D05
E04087,D01
E04088,D13
E04089,D12
E04090,D18
E04091,D01
E04092,D17
E04093,D05
E04094,D19
E04095,D01
E04096,D15
E04097,D13
E04098,D09
E04099,D15
E04100,D05
E04101,D10
E04102,D03
E04103,D08
E04104,D18
E04105,D17
E04106,D06
E04107,D06
E04108,D15
E04109,D13
E04110,D04
E04111,D06
E04112,D17
E04113,D08
E04114,D16
E04115,D08
E04116,D09
E04117,D18
E04118,D08
E04119,D13
E04120,D03
E04121,D17
E04122,D19
E04123,D20
E04124,D16
E04125,D15
E04126,D14
E04127,D08
E04128,D19
E04129,D05
E04130,D19
E04131,D13
E04132,D07
E04133,D11
E04134,D08
E04135,D09
E04136,D13
E04137,D12
E04138,D20
E04139,D08
E04140,D07
E04141,D05
E04142,D09
E04143,D09
E04144,D20
E04145,D01
E04146,D02
E04147,D18
E04148,D15
E04149,D05
E04150,D11
E04151,D06
E04152,D17
E04153,D14
E04154,D06
E04155,D17
E04156,D09
E04157,D18
E04158,D17
E04159,D04
E04160,D08
E04161,D16
E04162,D17
E04163,D20
E04164,D15
E04165,D15
E04166,D10
E04167,D15
E04168,D09
E04169,D20
E04170,D05
E04171,D02
E04172,D03
E04173,D07
E04174,D01
E04175,D19
E04176,D17
E04177,D10
E04178,D13
E04179,D18
E04180,D01
E04181,D09
E04182,D10
E04183,D17
E04184,D10
E04185,D01
E04186,D18
E04187,D07
E04188,D12
E04189,D01
E04190,D13
E04191,D12
E04192,D10
E04193,D20
E04194,D11
E04195,D06
E04196,D05
E04197,D13
E04198,D14
E04199,D14
E04200,D07
E04201,D08
E04202,D20
E04203,D18
E04204,D20
E04205,D11
E04206,D05
E04207,D09
E04208,D10
E04209,D10
E04210,D19
E04211,D04
E04212,D11
E04213,D12
E04214,D12
E04215,D19
E04216,D09
E04217,D16
E04218,D20
E04219,D20
E04220,D05
E04221,D19
E04222,D11
E04223,D03
E04224,D11
E04225,D11
E04226,D08
E04227,D20
E04228,D04
E04229,D11
E04230,D12
E04231,D02
E04232,D10
E04233,D09
E04234,D06
E04235,D08
E04236,D08
E04237,D18
E04238,D11
E04239,D04
E04240,D13
E04241,D14
E04242,D19
E04243,D18
E04244,D04
E04245,D04
E04246,D11
E04247,D07
E04248,D02
E04249,D17
E04250,D14
E04251,D06
E04252,D14
E04253,D15
E04254,D09
E04255,D19
E04256,D16
E04257,D04
E04258,D06
E04259,D06
E04260,D15
E04261,D15
E04262,D02
E04263,D05
E04264,D15
E04265,D14
E04266,D16
E04267,D05
E04268,D19
E04269,D13
E04270,D15
E04271,D12
E04272,D14
E04273,D10
E04274,D01
E04275,D06
E04276,D08
E04277,D16
E04278,D03
E04279,D07
E04280,D15
E04281,D09
E04282,D20
E04283,D11
E04284,D18
E04285,D18
E04286,D20
E04287,D14
E04288,D04
E04289,D07
E04290,D07
E04291,D15
E04292,D15
E04293,D15
E04294,D17
E04295,D17
E04296,D03
E04297,D15
E04298,D19
E04299,D05
E04300,D18
E04301,D11
E04302,D11
E04303,D18
E04304,D05
E04305,D06
E04306,D04
E04307,D02
E04308,D12
E04309,D03
E04310,D13
E04311,D06
E04312,D02
E04313,D04
E04314,D05
E04315,D04
E04316,D09
E04317,D06
E04318,D02
E04319,D04
E04320,D12
E04321,D18
E04322,D09
E04323,D13
E04324,D12
E04325,D08
E04326,D13
E04327,D15
E04328,D09
E04329,D09
E04330,D10
E04331,D14
E04332,D03
E04333,D20
E04334,D06
E04335,D01
E04336,D11
E04337,D17
E04338,D08
E04339,D11
E04340,D17
E04341,D16
E04342,D14
E04343,D14
E04344,D16
E04345,D06
E04346,D08
E04347,D04
E04348,D14
E04349,D07
E04350,D04
E04351,D18
E04352,D06
E04353,D03
E04354,D06
E04355,D08
E04356,D17
E04357,D01
E04358,D01
E04359,D06
E04360,D02
E04361,D17
E04362,D04
E04363,D11
E04364,D17
E04365,D19
E04366,D20
E04367,D14
E04368,D06
E04369,D07
E04370,D13
E04371,D04
E04372,D13
E04373,D14
E04374,D15
E04375,D04
E04376,D11
E04377,D19
E04378,D17
E04379,D08
E04380,D12
E04381,D09
E04382,D17
E04383,D11
E04384,D03
E04385,D01
E04386,D03
E04387,D06
E04388,D15
E04389,D13
E04390,D11
E04391,D04
E04392,D06
E04393,D02
E04394,D19
E04395,D03
E04396,D14
E04397,D19
E04398,D15
E04399,D01
E04400,D16
E04401,D16
E04402,D06
E04403,D06
E04404,D11
E04405,D20
E04406,D12
E04407,D11
E04408,D15
E04409,D20
E04410,D19
E04411,D19
E04412,D09
E04413,D07
E04414,D02
E04415,D03
E04416,D16
E04417,D02
E04418,D17
E04419,D03
E04420,D14
E04421,D20
E04422,D10
E04423,D02
E04424,D18
E04425,D17
E04426,D10
E04427,D09
E04428,D02
E04429,D02
E04430,D16
E04431,D10
E04432,D05
E04433,D08
E04434,D06
E04435,D19
E04436,D10
E04437,D05
E04438,D18
E04439,D14
E04440,D10
E04441,D17
E04442,D18
E04443,D02
E04444,D07
E04445,D09
E04446,D05
E04447,D12
E04448,D03
E04449,D19
E04450,D07
E04451,D19
E04452,D11
E04453,D16
E04454,D17
E04455,D06
E04456,D03
E04457,D02
E04458,D05
E04459,D05
E04460,D04
E04461,D02
E04462,D16
E04463,D05
E04464,D05
E04465,D12
E04466,D18
E04467,D17
E04468,D02
E04469,D01
E04470,D08
E04471,D14
E04472,D04
E04473,D01
E04474,D18
E04475,D20
E04476,D17
E04477,D12
E04478,D08
E04479,D04
E04480,D01
E04481,D08
E04482,D15
E04483,D10
E04484,D17
E04485,D14
E04486,D09
E04487,D02
E04488,D16
E04489,D17
E04490,D08
E04491,D16
E04492,D02
E04493,D20
E04494,D18
E04495,D10
E04496,D19
E04497,D16
E04498,D12
E04499,D18
E04500,D10
E04501,D05
E04502,D17
E04503,D14
E04504,D10
E04505,D18
E04506,D01
E04507,D19
E04508,D14
E04509,D16
E04510,D10
E04511,D13
E04512,D06
E04513,D14
E04514,D11
E04515,D12
E04516,D07
E04517,D14
E04518,D20
E04519,D14
E04520,D18
E04521,D13
E04522,D04
E04523,D05
E04524,D05
E04525,D04
E04526,D10
E04527,D12
E04528,D09
E04529,D15
E04530,D19
E04531,D08
E04532,D17
E04533,D16
E04534,D17
E04535,D01
E04536,D02
E04537,D10
E04538,D17
E04539,D15
E04540,D04
E04541,D01
E04542,D17
E04543,D20
E04544,D12
E04545,D08
E04546,D06
E04547,D19
E04548,D06
E04549,D04
E04550,D12
E04551,D16
E04552,D15
E04553,D05
E04554,D06
E04555,D03
E04556,D18
E04557,D07
E04558,D15
E04559,D08
E04560,D16
E04561,D19
E04562,D20
E04563,D10
E04564,D06
E04565,D14
E04566,D12
E04567,D12
E04568,D14
E04569,D16
E04570,D15
E04571,D18
E04572,D20
E04573,D20
E04574,D15
E04575,D12
E04576,D17
E04577,D13
E04578,D05
E04579,D10
E04580,D12
E04581,D20
E04582,D15
E04583,D14
E04584,D08
E04585,D10
E04586,D15
E04587,D16
E04588,D09
E04589,D19
E04590,D01
E04591,D16
E04592,D11
E04593,D05
E04594,D09
E04595,D12
E04596,D16
E04597,D01
E04598,D09
E04599,D14
E04600,D17
E04601,D13
E04602,D05
E04603,D02
E04604,D15
E04605,D17
E04606,D08
E04607,D11
E04608,D19
E04609,D04
E04610,D16
E04611,D08
E04612,D01
E04613,D02
E04614,D14
E04615,D01
E04616,D04
E04617,D03
E04618,D03
E04619,D03
E04620,D11
E04621,D01
E04622,D07
E04623,D16
E04624,D10
E04625,D10
E04626,D14
E04627,D20
E04628,D08
E04629,D20
E04630,D07
E04631,D09
E04632,D20
E04633,D04
E04634,D11
E04635,D05
E04636,D11
E04637,D15
E04638,D12
E04639,D05
E04640,D05
E04641,D02
E04642,D03
E04643,D19
E04644,D16
E04645,D14
E04646,D14
E04647,D16
E04648,D16
E04649,D02
E04650,D11
E04651,D07
E04652,D15
E04653,D20
E04654,D04
E04655,D07
E04656,D14
E04657,D04
E04658,D10
E04659,D13
E04660,D04
E04661,D15
E04662,D03
E04663,D06
E04664,D04
E04665,D11
E04666,D04
E04667,D18
E04668,D11
E04669,D12
E04670,D02
E04671,D04
E04672,D17
E04673,D07
E04674,D08
E04675,D07
E04676,D19
E04677,D15
E04678,D03
E04679,D16
E04680,D07
E04681,D07
E04682,D20
E04683,D08
E04684,D20
E04685,D03
E04686,D15
E04687,D08
E04688,D17
E04689,D17
E04690,D15
E04691,D06
E04692,D15
E04693,D10
E04694,D19
E04695,D20
E04696,D13
E04697,D03
E04698,D14
E04699,D17
E04700,D15
E04701,D15
E04702,D15
E04703,D01
E04704,D16
E04705,D20
E04706,D06
E04707,D19
E04708,D02
E04709,D10
E04710,D16
E04711,D20
E04712,D10
E04713,D08
E04714,D05
E04715,D02
E04716,D16
E04717,D04
E04718,D04
E04719,D04
E04720,D16
E04721,D14
E04722,D02
E04723,D01
E04724,D13
E04725,D12
E04726,D16
E04727,D11
E04728,D08
E04729,D17
E04730,D04
E04731,D16
E04732,D08
E04733,D16
E04734,D10
E04735,D13
E04736,D06
E04737,D18
E04738,D03
E04739,D20
E04740,D19
E04741,D01
E04742,D19
E04743,D18
E04744,D02
E04745,D13
E04746,D20
E04747,D18
E04748,D16
E04749,D02
E04750,D14
E04751,D05
E04752,D08
E04753,D04
E04754,D15
E04755,D10
E04756,D06
E04757,D07
E04758,D05
E04759,D10
E04760,D19
E04761,D19
E04762,D10
E04763,D02
E04764,D19
E04765,D11
E04766,D04
E04767,D11
E04768,D11
E04769,D11
E04770,D03
E04771,D13
E04772,D07
E04773,D02
E04774,D03
E04775,D02
E04776,D03
E04777,D20
E04778,D15
E04779,D07
E04780,D13
E04781,D10
E04782,D03
E04783,D03
E04784,D14
E04785,D18
E04786,D14
E04787,D07
E04788,D18
E04789,D17
E04790,D01
E04791,D08
E04792,D13
E04793,D13
E04794,D02
E04795,D09
E04796,D04
E04797,D11
E04798,D01
E04799,D05
E04800,D01
E04801,D17
E04802,D02
E04803,D04
E04804,D08
E04805,D13
E04806,D16
E04807,D18
E04808,D10
E04809,D17
E04810,D12
E04811,D20
E04812,D15
E04813,D18
E04814,D04
E04815,D05
E04816,D02
E04817,D20
E04818,D07
E04819,D01
E04820,D02
E04821,D06
E04822,D09
E04823,D14
E04824,D13
E04825,D11
E04826,D03
E04827,D20
E04828,D18
E04829,D05
E04830,D01
E04831,D05
E04832,D11
E04833,D08
E04834,D10
E04835,D13
E04836,D12
E04837,D16
E04838,D15
E04839,D07
E04840,D06
E04841,D12
E04842,D03
E04843,D12
E04844,D06
E04845,D08
E04846,D13
E04847,D15
E04848,D04
E04849,D16
E04850,D04
E04851,D18
E04852,D19
E04853,D01
E04854,D12
E04855,D03
E04856,D06
E04857,D15
E04858,D17
E04859,D14
E04860,D08
E04861,D02
E04862,D05
E04863,D05
E04864,D15
E04865,D08
E04866,D08
E04867,D01
E04868,D17
E04869,D11
E04870,D09
E04871,D12
E04872,D17
E04873,D17
E04874,D16
E04875,D17
E04876,D07
E04877,D03
E04878,D17
E04879,D12
E04880,D10
E04881,D20
E04882,D06
E04883,D08
E04884,D17
E04885,D15
E04886,D19
E04887,D14
E04888,D06
E04889,D03
E04890,D20
E04891,D11
E04892,D03
E04893,D16
E04894,D08
E04895,D20
E04896,D17
E04897,D14
E04898,D08
E04899,D19
E04900,D14
E04901,D17
E04902,D09
E04903,D17
E04904,D16
E04905,D08
E04906,D11
E04907,D16
E04908,D01
E04909,D17
E04910,D13
E04911,D09
E04912,D16
E04913,D19
E04914,D04
E04915,D03
E04916,D13
E04917,D10
E04918,D17
E04919,D02
E04920,D02
E04921,D16
E04922,D02
E04923,D08
E04924,D20
E04925,D03
E04926,D05
E04927,D09
E04928,D13
E04929,D06
E04930,D20
E04931,D09
E04932,D11
E04933,D19
E04934,D12
E04935,D13
E04936,D15
E04937,D02
E04938,D12
E04939,D20
E04940,D18
E04941,D16
E04942,D17
E04943,D14
E04944,D10
E04945,D02
E04946,D05
E04947,D02
E04948,D03
E04949,D06
E04950,D15
E04951,D12
E04952,D10
E04953,D16
E04954,D05
E04955,D15
E04956,D20
E04957,D06
E04958,D14
E04959,D20
E04960,D19
E04961,D19
E04962,D02
E04963,D10
E04964,D03
E04965,D10
E04966,D16
E04967,D10
E04968,D06
E04969,D14
E04970,D11
E04971,D16
E04972,D15
E04973,D19
E04974,D06
E04975,D18
E04976,D03
E04977,D03
E04978,D04
E04979,D09
E04980,D15
E04981,D15
E04982,D10
E04983,D04
E04984,D13
E04985,D08
E04986,D04
E04987,D11
E04988,D13
E04989,D01
E04990,D11
E04991,D07
E04992,D03
E04993,D12
E04994,D07
E04995,D09
E04996,D10
E04997,D03
E04998,D19
E04999,D09
E05000,D08
E05001,D15
E05002,D20
E05003,D04
E05004,D17
E05005,D06
E05006,D19
E05007,D16
E05008,D17
E05009,D18
E05010,D03
E05011,D20
E05012,D07
E05013,D09
E05014,D19
E05015,D06
E05016,D06
E05017,D16
E05018,D11
E05019,D17
E05020,D06
E05021,D02
E05022,D05
E05023,D07
E05024,D01
E05025,D10
E05026,D13
E05027,D09
E05028,D07
E05029,D18
E05030,D15
E05031,D16
E05032,D14
E05033,D18
E05034,D15
E05035,D16
E05036,D18
E05037,D08
E05038,D05
E05039,D02
E05040,D02
E05041,D09
E05042,D09
E05043,D11
E05044,D04
E05045,D13
E05046,D07
E05047,D08
E05048,D02
E05049,D20
E05050,D12
E05051,D01
E05052,D14
E05053,D15
E05054,D16
E05055,D03
E05056,D12
E05057,D11
E05058,D15
E05059,D07
E05060,D08
E05061,D02
E05062,D13
E05063,D09
E05064,D15
E05065,D11
E05066,D05
E05067,D09
E05068,D12
E05069,D18
E05070,D17
E05071,D11
E05072,D15
E05073,D15
E05074,D08
E05075,D16
E05076,D08
E05077,D06
E05078,D01
E05079,D17
E05080,D08
E05081,D07
E05082,D19
E05083,D15
E05084,D02
E05085,D15
E05086,D18
E05087,D14
E05088,D19
E05089,D17
E05090,D13
E05091,D10
E05092,D13
E05093,D05
E05094,D06
E05095,D04
E05096,D08
E05097,D17
E05098,D06
E05099,D03
E05100,D03
E05101,D19
E05102,D07
E05103,D09
E05104,D04
E05105,D18
E05106,D15
E05107,D15
E05108,D02
E05109,D19
E05110,D14
E05111,D14
E05112,D05
E05113,D06
E05114,D19
E05115,D01
E05116,D14
E05117,D05
E05118,D10
E05119,D06
E05120,D16
E05121,D06
E05122,D15
E05123,D18
E05124,D17
E05125,D05
E05126,D09
E05127,D15
E05128,D11
E05129,D01
E05130,D11
E05131,D06
E05132,D07
E05133,D01
E05134,D04
E05135,D11
E05136,D19
E05137,D08
E05138,D16
E05139,D14
E05140,D08
E05141,D01
E05142,D16
E05143,D04
E05144,D15
E05145,D14
E05146,D05
E05147,D17
E05148,D06
E05149,D05
E05150,D02
E05151,D15
E05152,D11
E05153,D07
E05154,D05
E05155,D15
E05156,D14
E05157,D18
E05158,D02
E05159,D14
E05160,D19
E05161,D14
E05162,D13
E05163,D07
E05164,D04
E05165,D17
E05166,D02
E05167,D03
E05168,D06
E05169,D18
E05170,D06
E05171,D13
E05172,D12
E05173,D02
E05174,D01
E05175,D08
E05176,D20
E05177,D18
E05178,D09
E05179,D04
E05180,D05
E05181,D06
E05182,D13
E05183,D03
E05184,D01
E05185,D08
E05186,D12
E05187,D05
E05188,D17
E05189,D13
E05190,D09
E05191,D02
E05192,D06
E05193,D18
E05194,D04
E05195,D10
E05196,D05
E05197,D04
E05198,D15
E05199,D17
E05200,D19
E05201,D10
E05202,D14
E05203,D14
E05204,D14
E05205,D04
E05206,D11
E05207,D03
E05208,D08
E05209,D15
E05210,D13
E05211,D05
E05212,D04
E05213,D06
E05214,D02
E05215,D18
E05216,D17
E05217,D15
E05218,D06
E05219,D12
E05220,D19
E05221,D12
E05222,D13
E05223,D15
E05224,D01
E05225,D16
E05226,D11
E05227,D10
E05228,D09
E05229,D03
E05230,D16
E05231,D18
E05232,D10
E05233,D15
E05234,D16
E05235,D18
E05236,D07
E05237,D10
E05238,D08
E05239,D20
E05240,D05
E05241,D06
E05242,D01
E05243,D17
E05244,D10
E05245,D20
E05246,D04
E05247,D18
E05248,D11
E05249,D10
E05250,D06
E05251,D13
E05252,D10
E05253,D18
E05254,D19
E05255,D06
E05256,D18
E05257,D05
E05258,D13
E05259,D02
E05260,D06
E05261,D03
E05262,D18
E05263,D08
E05264,D14
E05265,D17
E05266,D20
E05267,D07
E05268,D01
E05269,D16
E05270,D11
E05271,D12
E05272,D08
E05273,D06
E05274,D16
E05275,D03
E05276,D03
E05277,D16
E05278,D15
E05279,D03
E05280,D05
E05281,D01
E05282,D12
E05283,D01
E05284,D09
E05285,D06
E05286,D06
E05287,D15
E05288,D09
E05289,D16
E05290,D07
E05291,D04
E05292,D14
E05293,D12
E05294,D20
E05295,D17
E05296,D02
E05297,D10
E05298,D02
E05299,D05
E05300,D05
E05301,D07
E05302,D13
E05303,D01
E05304,D20
E05305,D12
E05306,D15
E05307,D15
E05308,D02
E05309,D01
E05310,D02
E05311,D01
E05312,D19
E05313,D06
E05314,D06
E05315,D01
E05316,D19
E05317,D12
E05318,D03
E05319,D05
E05320,D06
E05321,D14
E05322,D11
E05323,D02
E05324,D17
E05325,D14
E05326,D04
E05327,D09
E05328,D04
E05329,D02
E05330,D01
E05331,D01
E05332,D04
E05333,D11
E05334,D16
E05335,D06
E05336,D13
E05337,D19
E05338,D18
E05339,D20
E05340,D12
E05341,D12
E05342,D07
E05343,D11
E05344,D16
E05345,D06
E05346,D01
E05347,D08
E05348,D12
E05349,D11
E05350,D18
E05351,D04
E05352,D17
E05353,D10
E05354,D06
E05355,D15
E05356,D12
E05357,D20
E05358,D09
E05359,D14
E05360,D01
E05361,D04
E05362,D20
E05363,D15
E05364,D11
E05365,D20
E05366,D20
E05367,D06
E05368,D13
E05369,D04
E05370,D20
E05371,D13
E05372,D19
E05373,D05
E05374,D16
E05375,D07
E05376,D03
E05377,D17
E05378,D10
E05379,D04
E05380,D03
E05381,D06
E05382,D14
E05383,D10
E05384,D09
E05385,D05
E05386,D11
E05387,D13
E05388,D05
E05389,D07
E05390,D06
E05391,D06
E05392,D09
E05393,D02
E05394,D06
E05395,D02
E05396,D07
E05397,D07
E05398,D09
E05399,D17
E05400,D03
E05401,D14
E05402,D12
E05403,D07
E05404,D10
E05405,D09
E05406,D11
E05407,D20
E05408,D04
E05409,D08
E05410,D18
E05411,D20
E05412,D11
E05413,D08
E05414,D04
E05415,D05
E05416,D01
E05417,D12
E05418,D08
E05419,D17
E05420,D02
E05421,D02
E05422,D09
E05423,D06
E05424,D17
E05425,D18
E05426,D15
E05427,D14
E05428,D16
E05429,D15
E05430,D13
E05431,D09
E05432,D01
E05433,D13
E05434,D02
E05435,D10
E05436,D17
E05437,D10
E05438,D05
E05439,D14
E05440,D18
E05441,D17
E05442,D06
E05443,D05
E05444,D20
E05445,D07
E05446,D16
E05447,D12
E05448,D15
E05449,D18
E05450,D08
E05451,D17
E05452,D02
E05453,D08
E05454,D07
E05455,D14
E05456,D04
E05457,D04
E05458,D04
E05459,D19
E05460,D11
E05461,D02
E05462,D07
E05463,D07
E05464,D12
E05465,D17
E05466,D19
E05467,D02
E05468,D17
E05469,D10
E05470,D13
E05471,D13
E05472,D14
E05473,D06
E05474,D17
E05475,D01
E05476,D16
E05477,D04
E05478,D05
E05479,D14
E05480,D08
E05481,D20
E05482,D01
E05483,D18
E05484,D07
E05485,D13
E05486,D02
E05487,D19
E05488,D09
E05489,D16
E05490,D03
E05491,D04
E05492,D06
E05493,D08
E05494,D02
E05495,D04
E05496,D07
E05497,D08
E05498,D12
E05499,D09
E05500,D20
E05501,D05
E05502,D05
E05503,D13
E05504,D10
E05505,D06
E05506,D16
E05507,D08
E05508,D03
E05509,D04
E05510,D09
E05511,D13
E05512,D07
E05513,D14
E05514,D04
E05515,D04
E05516,D05
E05517,D08
E05518,D02
E05519,D07
E05520,D05
E05521,D05
E05522,D17
E05523,D19
E05524,D01
E05525,D07
E05526,D02
E05527,D13
E05528,D06
E05529,D19
E05530,D10
E05531,D09
E05532,D12
E05533,D04
E05534,D17
E05535,D04
E05536,D19
E05537,D18
E05538,D02
E05539,D03
E05540,D05
E05541,D01
E05542,D18
E05543,D20
E05544,D15
E05545,D01
E05546,D13
E05547,D12
E05548,D11
E05549,D11
E05550,D17
E05551,D03
E05552,D09
E05553,D01
E05554,D17
E05555,D06
E05556,D13
E05557,D08
E05558,D03
E05559,D07
E05560,D12
E05561,D09
E05562,D14
E05563,D09
E05564,D03
E05565,D12
E05566,D17
E05567,D14
E05568,D12
E05569,D07
E05570,D09
E05571,D13
E05572,D06
E05573,D12
E05574,D04
E05575,D05
E05576,D07
E05577,D19
E05578,D08
E05579,D14
E05580,D02
E05581,D09
E05582,D09
E05583,D11
E05584,D18
E05585,D07
E05586,D07
E05587,D02
E05588,D19
E05589,D09
E05590,D18
E05591,D02
E05592,D14
E05593,D16
E05594,D17
E05595,D07
E05596,D14
E05597,D09
E05598,D09
E05599,D01
E05600,D02
E05601,D02
E05602,D15
E05603,D10
E05604,D08
E05605,D11
E05606,D19
E05607,D10
E05608,D18
E05609,D02
E05610,D01
E05611,D10
E05612,D13
E05613,D02
E05614,D01
E05615,D10
E05616,D01
E05617,D14
E05618,D09
E05619,D16
E05620,D14
E05621,D20
E05622,D08
E05623,D02
E05624,D15
E05625,D15
E05626,D19
E05627,D17
E05628,D16
E05629,D07
E05630,D01
E05631,D11
E05632,D10
E05633,D04
E05634,D20
E05635,D04
E05636,D17
E05637,D02
E05638,D03
E05639,D01
E05640,D19
E05641,D11
E05642,D18
E05643,D20
E05644,D11
E05645,D16
E05646,D02
E05647,D07
E05648,D01
E05649,D12
E05650,D09
E05651,D14
E05652,D16
E05653,D18
E05654,D04
E05655,D13
E05656,D11
E05657,D11
E05658,D14
E05659,D19
E05660,D02
E05661,D18
E05662,D02
E05663,D17
E05664,D02
E05665,D15
E05666,D16
E05667,D05
E05668,D19
E05669,D14
E05670,D20
E05671,D12
E05672,D02
E05673,D01
E05674,D11
E05675,D03
E05676,D03
E05677,D02
E05678,D04
E05679,D11
E05680,D05
E05681,D19
E05682,D05
E05683,D15
E05684,D16
E05685,D13
E05686,D01
E05687,D10
E05688,D17
E05689,D14
E05690,D17
E05691,D10
E05692,D07
E05693,D14
E05694,D19
E05695,D17
E05696,D05
E05697,D05
E05698,D01
E05699,D04
E05700,D08
E05701,D02
E05702,D13
E05703,D15
E05704,D04
E05705,D14
E05706,D17
E05707,D20
E05708,D05
E05709,D08
E05710,D20
E05711,D18
E05712,D08
E05713,D01
E05714,D19
E05715,D15
E05716,D16
E05717,D08
E05718,D07
E05719,D12
E05720,D03
E05721,D14
E05722,D20
E05723,D17
E05724,D03
E05725,D17
E05726,D16
E05727,D16
E05728,D03
E05729,D11
E05730,D12
E05731,D17
E05732,D05
E05733,D04
E05734,D14
E05735,D04
E05736,D19
E05737,D08
E05738,D05
E05739,D15
E05740,D03
E05741,D06
E05742,D05
E05743,D17
E05744,D10
E05745,D15
E05746,D19
E05747,D03
E05748,D15
E05749,D06
E05750,D16
E05751,D12
E05752,D20
E05753,D16
E05754,D07
E05755,D10
E05756,D17
E05757,D17
E05758,D01
E05759,D06
E05760,D13
E05761,D14
E05762,D07
E05763,D04
E05764,D07
E05765,D03
E05766,D19
E05767,D15
E05768,D04
E05769,D12
E05770,D17
E05771,D05
E05772,D16
E05773,D04
E05774,D02
E05775,D01
E05776,D18
E05777,D07
E05778,D15
E05779,D08
E05780,D04
E05781,D06
E05782,D20
E05783,D17
E05784,D07
E05785,D08
E05786,D03
E05787,D17
E05788,D20
E05789,D18
E05790,D17
E05791,D12
E05792,D16
E05793,D16
E05794,D01
E05795,D11
E05796,D02
E05797,D05
E05798,D01
E05799,D01
E05800,D03
E05801,D11
E05802,D20
E05803,D19
E05804,D09
E05805,D05
E05806,D18
E05807,D08
E05808,D03
E05809,D08
E05810,D18
E05811,D04
E05812,D09
E05813,D08
E05814,D19
E05815,D02
E05816,D05
E05817,D13
E05818,D13
E05819,D08
E05820,D04
E05821,D14
E05822,D11
E05823,D04
E05824,D04
E05825,D08
E05826,D20
E05827,D17
E05828,D14
E05829,D01
E05830,D01
E05831,D18
E05832,D17
E05833,D09
E05834,D15
E05835,D08
E05836,D05
E05837,D05
E05838,D17
E05839,D05
E05840,D11
E05841,D09
E05842,D08
E05843,D15
E05844,D20
E05845,D07
E05846,D07
E05847,D03
E05848,D14
E05849,D13
E05850,D12
E05851,D15
E05852,D01
E05853,D06
E05854,D03
E05855,D05
E05856,D05
E05857,D04
E05858,D08
E05859,D17
E05860,D12
E05861,D04
E05862,D10
E05863,D01
E05864,D09
E05865,D03
E05866,D06
E05867,D11
E05868,D15
E05869,D11
E05870,D16
E05871,D08
E05872,D20
E05873,D14
E05874,D07
E05875,D14
E05876,D20
E05877,D10
E05878,D13
E05879,D19
E05880,D09
E05881,D06
E05882,D13
E05883,D03
E05884,D08
E05885,D18
E05886,D08
E05887,D08
E05888,D17
E05889,D03
E05890,D12
E05891,D15
E05892,D14
E05893,D13
E05894,D13
E05895,D04
E05896,D19
E05897,D10
E05898,D06
E05899,D15
E05900,D18
E05901,D06
E05902,D08
E05903,D17
E05904,D05
E05905,D10
E05906,D18
E05907,D20
E05908,D02
E05909,D13
E05910,D06
E05911,D19
E05912,D05
E05913,D10
E05914,D04
E05915,D18
E05916,D17
E05917,D01
E05918,D13
E05919,D09
E05920,D16
E05921,D20
E05922,D09
E05923,D17
E05924,D19
E05925,D16
E05926,D14
E05927,D15
E05928,D01
E05929,D07
E05930,D02
E05931,D09
E05932,D09
E05933,D03
E05934,D02
E05935,D08
E05936,D09
E05937,D17
E05938,D18
E05939,D20
E05940,D10
E05941,D17
E05942,D06
E05943,D19
E05944,D08
E05945,D13
E05946,D20
E05947,D04
E05948,D11
E05949,D16
E05950,D01
E05951,D12
E05952,D01
E05953,D04
E05954,D11
E05955,D10
E05956,D08
E05957,D10
E05958,D08
E05959,D10
E05960,D09
E05961,D18
E05962,D20
E05963,D19
E05964,D14
E05965,D08
E05966,D10
E05967,D05
E05968,D01
E05969,D08
E05970,D11
E05971,D18
E05972,D04
E05973,D03
E05974,D16
E05975,D04
E05976,D13
E05977,D15
E05978,D11
E05979,D20
E05980,D17
E05981,D18
E05982,D07
E05983,D16
E05984,D02
E05985,D03
E05986,D20
E05987,D13
E05988,D09
E05989,D07
E05990,D03
E05991,D09
E05992,D06
E05993,D15
E05994,D08
E05995,D01
E05996,D13
E05997,D02
E05998,D18
E05999,D13
E06000,D03
E06001,D09
E06002,D18
E06003,D14
E06004,D16
E06005,D04
E06006,D06
E06007,D16
E06008,D09
E06009,D09
E06010,D08
E06011,D20
E06012,D02
E06013,D20
E06014,D08
E06015,D18
E06016,D16
E06017,D12
E06018,D03
E06019,D18
E06020,D15
E06021,D10
E06022,D09
E06023,D01
E06024,D16
E06025,D09
E06026,D07
E06027,D06
E06028,D09
E06029,D05
E06030,D14
E06031,D17
E06032,D05
E06033,D02
E06034,D05
E06035,D15
E06036,D04
E06037,D17
E06038,D13
E06039,D15
E06040,D19
E06041,D12
E06042,D20
E06043,D01
E06044,D09
E06045,D08
E06046,D03
E06047,D15
E06048,D19
E06049,D05
E06050,D18
E06051,D08
E06052,D14
E06053,D12
E06054,D15
E06055,D13
E06056,D03
E06057,D11
E06058,D06
E06059,D15
E06060,D06
E06061,D14
E06062,D03
E06063,D15
E06064,D19
E06065,D01
E06066,D04
E06067,D10
E06068,D06
E06069,D02
E06070,D14
E06071,D05
E06072,D14
E06073,D20
E06074,D12
E06075,D18
E06076,D05
E06077,D02
E06078,D19
E06079,D11
E06080,D18
E06081,D08
E06082,D04
E06083,D02
E06084,D20
E06085,D01
E06086,D04
E06087,D07
E06088,D14
E06089,D01
E06090,D20
E06091,D20
E06092,D01
E06093,D10
E06094,D11
E06095,D04
E06096,D15
E06097,D20
E06098,D10
E06099,D15
E06100,D20
E06101,D14
E06102,D06
E06103,D13
E06104,D04
E06105,D18
E06106,D10
E06107,D08
E06108,D09
E06109,D17
E06110,D12
E06111,D19
E06112,D16
E06113,D07
E06114,D14
E06115,D12
E06116,D02
E06117,D01
E06118,D04
E06119,D11
E06120,D19
E06121,D07
E06122,D04
E06123,D05
E06124,D10
E06125,D11
E06126,D13
E06127,D12
E06128,D07
E06129,D17
E06130,D07
E06131,D12
E06132,D17
E06133,D11
E06134,D06
E06135,D17
E06136,D09
E06137,D11
E06138,D06
E06139,D01
E06140,D05
E06141,D07
E06142,D09
E06143,D12
E06144,D19
E06145,D05
E06146,D14
E06147,D06
E06148,D01
E06149,D20
E06150,D08
E06151,D19
E06152,D13
E06153,D06
E06154,D03
E06155,D06
E06156,D01
E06157,D07
E06158,D07
E06159,D15
E06160,D05
E06161,D10
E06162,D16
E06163,D19
E06164,D19
E06165,D13
E06166,D14
E06167,D12
E06168,D03
E06169,D12
E06170,D14
E06171,D13
E06172,D05
E06173,D14
E06174,D05
E06175,D18
E06176,D16
E06177,D06
E06178,D20
E06179,D13
E06180,D12
E06181,D17
E06182,D05
E06183,D10
E06184,D11
E06185,D20
E06186,D13
E06187,D18
E06188,D11
E06189,D05
E06190,D17
E06191,D04
E06192,D03
E06193,D08
E06194,D15
E06195,D11
E06196,D19
E06197,D07
E06198,D09
E06199,D07
E06200,D13
E06201,D08
E06202,D09
E06203,D16
E06204,D05
E06205,D12
E06206,D12
E06207,D12
E06208,D07
E06209,D14
E06210,D20
E06211,D15
E06212,D06
E06213,D15
E06214,D14
E06215,D16
E06216,D16
E06217,D20
E06218,D20
E06219,D20
E06220,D07
E06221,D01
E06222,D10
E06223,D05
E06224,D05
E06225,D01
E06226,D20
E06227,D07
E06228,D04
E06229,D06
E06230,D06
E06231,D09
E06232,D02
E06233,D02
E06234,D09
E06235,D05
E06236,D02
E06237,D11
E06238,D17
E06239,D16
E06240,D09
E06241,D01
E06242,D20
E06243,D13
E06244,D17
E06245,D13
E06246,D14
E06247,D20
E06248,D20
E06249,D18
E06250,D15
E06251,D20
E06252,D07
E06253,D13
E06254,D11
E06255,D13
E06256,D03
E06257,D06
E06258,D07
E06259,D08
E06260,D05
E06261,D15
E06262,D02
E06263,D18
E06264,D09
E06265,D19
E06266,D18
E06267,D13
E06268,D13
E06269,D15
E06270,D12
E06271,D09
E06272,D19
E06273,D07
E06274,D11
E06275,D15
E06276,D15
E06277,D07
E06278,D12
E06279,D01
E06280,D05
E06281,D08
E06282,D12
E06283,D19
E06284,D10
E06285,D11
E06286,D17
E06287,D06
E06288,D01
E06289,D07
E06290,D06
E06291,D17
E06292,D11
E06293,D11
E06294,D17
E06295,D03
E06296,D15
E06297,D20
E06298,D17
E06299,D11
E06300,D10
E06301,D05
E06302,D15
E06303,D15
E06304,D05
E06305,D09
E06306,D18
E06307,D09
E06308,D20
E06309,D09
E06310,D03
E06311,D14
E06312,D01
E06313,D07
E06314,D06
E06315,D15
E06316,D08
E06317,D11
E06318,D20
E06319,D14
E06320,D07
E06321,D03
E06322,D11
E06323,D01
E06324,D12
E06325,D15
E06326,D16
E06327,D17
E06328,D14
E06329,D13
E06330,D12
E06331,D17
E06332,D02
E06333,D18
E06334,D16
E06335,D12
E06336,D07
E06337,D19
E06338,D11
E06339,D02
E06340,D15
E06341,D13
E06342,D11
E06343,D16
E06344,D16
E06345,D19
E06346,D07
E06347,D16
E06348,D01
E06349,D02
E06350,D08
E06351,D09
E06352,D19
E06353,D10
E06354,D06
E06355,D10
E06356,D06
E06357,D10
E06358,D20
E06359,D20
E06360,D02
E06361,D16
E06362,D15
E06363,D07
E06364,D11
E06365,D07
E06366,D13
E06367,D17
E06368,D03
E06369,D07
E06370,D07
E06371,D02
E06372,D01
E06373,D19
E06374,D11
E06375,D02
E06376,D20
E06377,D17
E06378,D13
E06379,D03
E06380,D16
E06381,D02
E06382,D07
E06383,D10
E06384,D03
E06385,D13
E06386,D06
E06387,D04
E06388,D18
E06389,D06
E06390,D07
E06391,D12
E06392,D08
E06393,D16
E06394,D03
E06395,D20
E06396,D11
E06397,D18
E06398,D09
E06399,D11
E06400,D15
E06401,D09
E06402,D08
E06403,D03
E06404,D13
E06405,D08
E06406,D15
E06407,D02
E06408,D09
E06409,D20
E06410,D04
E06411,D13
E06412,D09
E06413,D01
E06414,D04
E06415,D09
E06416,D04
E06417,D01
E06418,D01
E06419,D13
E06420,D11
E06421,D09
E06422,D15
E06423,D18
E06424,D17
E06425,D01
E06426,D15
E06427,D05
E06428,D06
E06429,D08
E06430,D17
E06431,D14
E06432,D05
E06433,D16
E06434,D02
E06435,D15
E06436,D01
E06437,D10
E06438,D12
E06439,D07
E06440,D18
E06441,D06
E06442,D03
E06443,D06
E06444,D15
E06445,D15
E06446,D16
E06447,D15
E06448,D09
E06449,D01
E06450,D09
E06451,D07
E06452,D17
E06453,D14
E06454,D11
E06455,D09
E06456,D03
E06457,D11
E06458,D09
E06459,D01
E06460,D15
E06461,D12
E06462,D14
E06463,D12
E06464,D13
E06465,D01
E06466,D18
E06467,D13
E06468,D18
E06469,D12
E06470,D12
E06471,D02
E06472,D07
E06473,D03
E06474,D14
E06475,D13
E06476,D01
E06477,D14
E06478,D10
E06479,D19
E06480,D17
E06481,D05
E06482,D01
E06483,D13
E06484,D12
E06485,D07
E06486,D15
E06487,D11
E06488,D10
E06489,D01
E06490,D04
E06491,D09
E06492,D18
E06493,D01
E06494,D16
E06495,D07
E06496,D02
E06497,D09
E06498,D19
E06499,D15
E06500,D06
E06501,D16
E06502,D09
E06503,D15
E06504,D20
E06505,D16
E06506,D15
E06507,D05
E06508,D15
E06509,D18
E06510,D07
E06511,D06
E06512,D02
E06513,D05
E06514,D14
E06515,D16
E06516,D11
E06517,D11
E06518,D07
E06519,D14
E06520,D02
E06521,D05
E06522,D20
E06523,D11
E06524,D15
E06525,D11
E06526,D09
E06527,D13
E06528,D10
E06529,D07
E06530,D07
E06531,D10
E06532,D13
E06533,D13
E06534,D08
E06535,D16
E06536,D11
E06537,D09
E06538,D08
E06539,D17
E06540,D11
E06541,D03
E06542,D02
E06543,D09
E06544,D05
E06545,D19
E06546,D11
E06547,D03
E06548,D15
E06549,D05
E06550,D13
E06551,D20
E06552,D11
E06553,D11
E06554,D05
E06555,D04
E06556,D14
E06557,D07
E06558,D18
E06559,D10
E06560,D14
E06561,D10
E06562,D16
E06563,D04
E06564,D20
E06565,D18
E06566,D20
E06567,D03
E06568,D01
E06569,D16
E06570,D14
E06571,D12
E06572,D04
E06573,D15
E06574,D01
E06575,D15
E06576,D07
E06577,D05
E06578,D03
E06579,D17
E06580,D02
E06581,D10
E06582,D09
E06583,D19
E06584,D01
E06585,D20
E06586,D18
E06587,D20
E06588,D02
E06589,D18
E06590,D04
E06591,D16
E06592,D13
E06593,D05
E06594,D08
E06595,D01
E06596,D03
E06597,D07
E06598,D07
E06599,D01
E06600,D12
E06601,D16
E06602,D13
E06603,D05
E06604,D13
E06605,D05
E06606,D13
E06607,D01
E06608,D05
E06609,D19
E06610,D20
E06611,D10
E06612,D18
E06613,D04
E06614,D01
E06615,D04
E06616,D16
E06617,D17
E06618,D15
E06619,D08
E06620,D13
E06621,D20
E06622,D04
E06623,D16
E06624,D15
E06625,D02
E06626,D02
E06627,D01
E06628,D04
E06629,D20
E06630,D05
E06631,D13
E06632,D12
E06633,D15
E06634,D15
E06635,D10
E06636,D14
E06637,D14
E06638,D07
E06639,D04
E06640,D10
E06641,D15
E06642,D18
E06643,D14
E06644,D16
E06645,D02
E06646,D03
E06647,D15
E06648,D10
E06649,D03
E06650,D14
E06651,D19
E06652,D07
E06653,D18
E06654,D08
E06655,D20
E06656,D13
E06657,D19
E06658,D17
E06659,D13
E06660,D10
E06661,D14
E06662,D08
E06663,D12
E06664,D01
E06665,D02
E06666,D13
E06667,D07
E06668,D08
E06669,D06
E06670,D05
E06671,D20
E06672,D14
E06673,D09
E06674,D14
E06675,D18
E06676,D01
E06677,D03
E06678,D16
E06679,D06
E06680,D08
E06681,D11
E06682,D20
E06683,D09
E06684,D20
E06685,D02
E06686,D11
E06687,D11
E06688,D06
E06689,D20
E06690,D19
E06691,D19
E06692,D07
E06693,D01
E06694,D20
E06695,D15
E06696,D12
E06697,D13
E06698,D10
E06699,D02
E06700,D20
E06701,D15
E06702,D16
E06703,D15
E06704,D09
E06705,D06
E06706,D13
E06707,D19
E06708,D20
E06709,D19
E06710,D11
E06711,D03
E06712,D14
E06713,D12
E06714,D14
E06715,D13
E06716,D19
E06717,D07
E06718,D10
E06719,D12
E06720,D05
E06721,D10
E06722,D12
E06723,D14
E06724,D13
E06725,D02
E06726,D13
E06727,D10
E06728,D20
E06729,D04
E06730,D12
E06731,D10
E06732,D09
E06733,D20
E06734,D07
E06735,D20
E06736,D19
E06737,D03
E06738,D14
E06739,D14
E06740,D20
E06741,D19
E06742,D19
E06743,D05
E06744,D15
E06745,D18
E06746,D11
E06747,D11
E06748,D02
E06749,D07
E06750,D07
E06751,D03
E06752,D01
E06753,D11
E06754,D09
E06755,D09
E06756,D17
E06757,D15
E06758,D18
E06759,D07
E06760,D01
E06761,D04
E06762,D19
E06763,D08
E06764,D09
E06765,D17
E06766,D02
E06767,D20
E06768,D19
E06769,D12
E06770,D03
E06771,D14
E06772,D13
E06773,D03
E06774,D16
E06775,D09
E06776,D02
E06777,D02
E06778,D20
E06779,D05
E06780,D03
E06781,D05
E06782,D10
E06783,D09
E06784,D06
E06785,D10
E06786,D03
E06787,D05
E06788,D11
E06789,D04
E06790,D11
E06791,D11
E06792,D01
E06793,D14
E06794,D15
E06795,D03
E06796,D13
E06797,D18
E06798,D18
E06799,D13
E06800,D08
E06801,D01
E06802,D17
E06803,D10
E06804,D12
E06805,D10
E06806,D18
E06807,D19
E06808,D17
E06809,D05
E06810,D02
E06811,D20
E06812,D05
E06813,D15
E06814,D04
E06815,D11
E06816,D20
E06817,D05
E06818,D16
E06819,D18
E06820,D17
E06821,D01
E06822,D11
E06823,D15
E06824,D05
E06825,D04
E06826,D08
E06827,D14
E06828,D14
E06829,D13
E06830,D13
E06831,D18
E06832,D13
E06833,D04
E06834,D09
E06835,D07
E06836,D18
E06837,D02
E06838,D19
E06839,D06
E06840,D03
E06841,D01
E06842,D06
E06843,D01
E06844,D17
E06845,D18
E06846,D07
E06847,D09
E06848,D08
E06849,D06
E06850,D05
E06851,D09
E06852,D02
E06853,D13
E06854,D13
E06855,D09
E06856,D09
E06857,D11
E06858,D02
E06859,D08
E06860,D01
E06861,D20
E06862,D15
E06863,D06
E06864,D01
E06865,D01
E06866,D17
E06867,D15
E06868,D03
E06869,D20
E06870,D06
E06871,D20
E06872,D09
E06873,D04
E06874,D03
E06875,D01
E06876,D14
E06877,D18
E06878,D08
E06879,D12
E06880,D08
E06881,D01
E06882,D14
E06883,D18
E06884,D11
E06885,D13
E06886,D01
E06887,D19
E06888,D09
E06889,D15
E06890,D17
E06891,D13
E06892,D11
E06893,D16
E06894,D19
E06895,D10
E06896,D03
E06897,D19
E06898,D08
E06899,D16
E06900,D02
E06901,D04
E06902,D19
E06903,D05
E06904,D04
E06905,D12
E06906,D01
E06907,D20
E06908,D01
E06909,D10
E06910,D15
E06911,D16
E06912,D09
E06913,D17
E06914,D05
E06915,D02
E06916,D05
E06917,D18
E06918,D11
E06919,D13
E06920,D04
E06921,D04
E06922,D06
E06923,D19
E06924,D13
E06925,D05
E06926,D10
E06927,D05
E06928,D09
E06929,D02
E06930,D02
E06931,D02
E06932,D19
E06933,D12
E06934,D05
E06935,D14
E06936,D10
E06937,D09
E06938,D18
E06939,D07
E06940,D11
E06941,D13
E06942,D02
E06943,D15
E06944,D16
E06945,D02
E06946,D14
E06947,D06
E06948,D02
E06949,D02
E06950,D20
E06951,D20
E06952,D15
E06953,D20
E06954,D12
E06955,D03
E06956,D20
E06957,D04
E06958,D03
E06959,D14
E06960,D05
E06961,D17
E06962,D04
E06963,D06
E06964,D19
E06965,D06
E06966,D17
E06967,D03
E06968,D12
E06969,D07
E06970,D07
E06971,D05
E06972,D01
E06973,D17
E06974,D19
E06975,D18
E06976,D05
E06977,D04
E06978,D19
E06979,D12
E06980,D10
E06981,D07
E06982,D13
E06983,D04
E06984,D08
E06985,D13
E06986,D07
E06987,D09
E06988,D03
E06989,D08
E06990,D02
E06991,D17
E06992,D10
E06993,D03
E06994,D17
E06995,D15
E06996,D14
E06997,D05
E06998,D12
E06999,D18
E07000,D16
E07001,D01
E07002,D01
E07003,D09
E07004,D09
E07005,D14
E07006,D15
E07007,D12
E07008,D14
E07009,D12
E07010,D17
E07011,D06
E07012,D12
E07013,D13
E07014,D06
E07015,D18
E07016,D14
E07017,D15
E07018,D02
E07019,D08
E07020,D05
E07021,D20
E07022,D17
E07023,D05
E07024,D16
E07025,D14
E07026,D20
E07027,D19
E07028,D08
E07029,D18
E07030,D03
E07031,D06
E07032,D02
E07033,D07
E07034,D20
E07035,D02
E07036,D15
E07037,D18
E07038,D14
E07039,D07
E07040,D05
E07041,D02
E07042,D18
E07043,D10
E07044,D06
E07045,D07
E07046,D19
E07047,D17
E07048,D03
E07049,D04
E07050,D12
E07051,D03
E07052,D13
E07053,D18
E07054,D18
E07055,D12
E07056,D18
E07057,D17
E07058,D19
E07059,D16
E07060,D08
E07061,D16
E07062,D12
E07063,D11
E07064,D05
E07065,D19
E07066,D15
E07067,D06
E07068,D18
E07069,D07
E07070,D14
E07071,D11
E07072,D02
E07073,D10
E07074,D06
E07075,D19
E07076,D09
E07077,D01
E07078,D20
E07079,D08
E07080,D14
E07081,D13
E07082,D17
E07083,D09
E07084,D15
E07085,D01
E07086,D20
E07087,D11
E07088,D17
E07089,D13
E07090,D03
E07091,D03
E07092,D03
E07093,D06
E07094,D01
E07095,D04
E07096,D09
E07097,D13
E07098,D17
E07099,D10
E07100,D10
E07101,D06
E07102,D17
E07103,D07
E07104,D12
E07105,D05
E07106,D08
E07107,D06
E07108,D12
E07109,D19
E07110,D01
E07111,D07
E07112,D16
E07113,D02
E07114,D15
E07115,D11
E07116,D18
E07117,D12
E07118,D08
E07119,D01
E07120,D20
E07121,D03
E07122,D07
E07123,D12
E07124,D13
E07125,D10
E07126,D12
E07127,D08
E07128,D07
E07129,D01
E07130,D18
E07131,D09
E07132,D11
E07133,D19
E07134,D07
E07135,D04
E07136,D07
E07137,D03
E07138,D07
E07139,D16
E07140,D10
E07141,D08
E07142,D12
E07143,D04
E07144,D18
E07145,D14
E07146,D09
E07147,D10
E07148,D20
E07149,D13
E07150,D05
E07151,D06
E07152,D05
E07153,D19
E07154,D15
E07155,D06
E07156,D18
E07157,D11
E07158,D12
E07159,D03
E07160,D07
E07161,D14
E07162,D11
E07163,D17
E07164,D06
E07165,D07
E07166,D06
E07167,D18
E07168,D20
E07169,D06
E07170,D20
E07171,D16
E07172,D03
E07173,D05
E07174,D14
E07175,D02
E07176,D08
E07177,D04
E07178,D18
E07179,D20
E07180,D12
E07181,D18
E07182,D14
E07183,D04
E07184,D01
E07185,D12
E07186,D14
E07187,D09
E07188,D03
E07189,D03
E07190,D17
E07191,D10
E07192,D02
E07193,D17
E07194,D15
E07195,D15
E07196,D13
E07197,D13
E07198,D07
E07199,D03
E07200,D08
E07201,D04
E07202,D03
E07203,D08
E07204,D09
E07205,D15
E07206,D17
E07207,D06
E07208,D19
E07209,D01
E07210,D14
E07211,D15
E07212,D19
E07213,D13
E07214,D04
E07215,D19
E07216,D16
E07217,D17
E07218,D02
E07219,D06
E07220,D18
E07221,D06
E07222,D17
E07223,D13
E07224,D20
E07225,D02
E07226,D18
E07227,D03
E07228,D04
E07229,D17
E07230,D15
E07231,D02
E07232,D14
E07233,D14
E07234,D06
E07235,D17
E07236,D19
E07237,D19
E07238,D03
E07239,D13
E07240,D14
E07241,D20
E07242,D11
E07243,D19
E07244,D19
E07245,D04
E07246,D04
E07247,D13
E07248,D04
E07249,D08
E07250,D16
E07251,D15
E07252,D10
E07253,D15
E07254,D04
E07255,D20
E07256,D02
E07257,D15
E07258,D14
E07259,D14
E07260,D14
E07261,D12
E07262,D11
E07263,D12
E07264,D12
E07265,D02
E07266,D17
E07267,D15
E07268,D02
E07269,D12
E07270,D07
E07271,D07
E07272,D14
E07273,D03
E07274,D01
E07275,D14
E07276,D20
E07277,D16
E07278,D15
E07279,D17
E07280,D13
E07281,D17
E07282,D13
E07283,D05
E07284,D01
E07285,D19
E07286,D10
E07287,D04
E07288,D16
E07289,D01
E07290,D12
E07291,D15
E07292,D17
E07293,D05
E07294,D01
E07295,D04
E07296,D09
E07297,D20
E07298,D14
E07299,D05
E07300,D19
E07301,D04
E07302,D05
E07303,D17
E07304,D10
E07305,D05
E07306,D08
E07307,D06
E07308,D12
E07309,D05
E07310,D03
E07311,D17
E07312,D14
E07313,D10
E07314,D04
E07315,D16
E07316,D10
E07317,D20
E07318,D03
E07319,D06
E07320,D17
E07321,D19
E07322,D07
E07323,D12
E07324,D01
E07325,D19
E07326,D13
E07327,D14
E07328,D09
E07329,D06
E07330,D06
E07331,D07
E07332,D19
E07333,D01
E07334,D04
E07335,D02
E07336,D16
E07337,D13
E07338,D11
E07339,D13
E07340,D09
E07341,D10
E07342,D16
E07343,D14
E07344,D19
E07345,D07
E07346,D10
E07347,D18
E07348,D15
E07349,D06
E07350,D14
E07351,D18
E07352,D08
E07353,D03
E07354,D04
E07355,D12
E07356,D16
E07357,D05
E07358,D03
E07359,D10
E07360,D13
E07361,D20
E07362,D18
E07363,D09
E07364,D20
E07365,D05
E07366,D15
E07367,D13
E07368,D14
E07369,D14
E07370,D04
E07371,D06
E07372,D11
E07373,D18
E07374,D20
E07375,D16
E07376,D15
E07377,D08
E07378,D02
E07379,D11
E07380,D18
E07381,D05
E07382,D10
E07383,D15
E07384,D02
E07385,D08
E07386,D09
E07387,D13
E07388,D19
E07389,D14
E07390,D16
E07391,D05
E07392,D07
E07393,D11
E07394,D19
E07395,D12
E07396,D18
E07397,D12
E07398,D09
E07399,D01
E07400,D14
E07401,D19
E07402,D17
E07403,D03
E07404,D17
E07405,D06
E07406,D18
E07407,D18
E07408,D19
E07409,D03
E07410,D04
E07411,D20
E07412,D20
E07413,D13
E07414,D13
E07415,D07
E07416,D02
E07417,D16
E07418,D20
E07419,D11
E07420,D02
E07421,D04
E07422,D10
E07423,D17
E07424,D17
E07425,D19
E07426,D20
E07427,D01
E07428,D18
E07429,D14
E07430,D15
E07431,D14
E07432,D19
E07433,D13
E07434,D03
E07435,D14
E07436,D17
E07437,D13
E07438,D02
E07439,D15
E07440,D06
E07441,D14
E07442,D08
E07443,D12
E07444,D17
E07445,D06
E07446,D05
E07447,D11
E07448,D07
E07449,D08
E07450,D03
E07451,D17
E07452,D09
E07453,D01
E07454,D09
E07455,D07
E07456,D18
E07457,D02
E07458,D02
E07459,D19
E07460,D03
E07461,D11
E07462,D02
E07463,D09
E07464,D06
E07465,D17
E07466,D16
E07467,D02
E07468,D03
E07469,D06
E07470,D03
E07471,D17
E07472,D16
E07473,D20
E07474,D20
E07475,D17
E07476,D01
E07477,D08
E07478,D19
E07479,D14
E07480,D20
E07481,D11
E07482,D11
E07483,D13
E07484,D06
E07485,D04
E07486,D02
E07487,D10
E07488,D10
E07489,D10
E07490,D09
E07491,D03
E07492,D15
E07493,D16
E07494,D02
E07495,D18
E07496,D14
E07497,D06
E07498,D04
E07499,D10
E07500,D07
E07501,D13
E07502,D14
E07503,D02
E07504,D18
E07505,D13
E07506,D09
E07507,D04
E07508,D04
E07509,D06
E07510,D04
E07511,D09
E07512,D14
E07513,D13
E07514,D01
E07515,D09
E07516,D11
E07517,D02
E07518,D18
E07519,D03
E07520,D15
E07521,D20
E07522,D18
E07523,D02
E07524,D01
E07525,D15
E07526,D06
E07527,D11
E07528,D13
E07529,D16
E07530,D15
E07531,D05
E07532,D19
E07533,D11
E07534,D07
E07535,D13
E07536,D02
E07537,D09
E07538,D08
E07539,D08
E07540,D10
E07541,D16
E07542,D20
E07543,D03
E07544,D19
E07545,D04
E07546,D16
E07547,D10
E07548,D19
E07549,D08
E07550,D18
E07551,D18
E07552,D09
E07553,D06
E07554,D20
E07555,D18
E07556,D03
E07557,D04
E07558,D15
E07559,D20
E07560,D14
E07561,D06
E07562,D03
E07563,D03
E07564,D20
E07565,D16
E07566,D17
E07567,D06
E07568,D07
E07569,D19
E07570,D15
E07571,D12
E07572,D13
E07573,D07
E07574,D18
E07575,D12
E07576,D15
E07577,D14
E07578,D02
E07579,D04
E07580,D14
E07581,D14
E07582,D10
E07583,D20
E07584,D06
E07585,D20
E07586,D20
E07587,D08
E07588,D19
E07589,D04
E07590,D01
E07591,D19
E07592,D03
E07593,D07
E07594,D15
E07595,D13
E07596,D08
E07597,D11
E07598,D06
E07599,D16
E07600,D10
E07601,D04
E07602,D09
E07603,D08
E07604,D20
E07605,D15
E07606,D09
E07607,D19
E07608,D08
E07609,D04
E07610,D15
E07611,D18
E07612,D16
E07613,D16
E07614,D19
E07615,D04
E07616,D09
E07617,D09
E07618,D01
E07619,D11
E07620,D18
E07621,D02
E07622,D17
E07623,D03
E07624,D20
E07625,D08
E07626,D18
E07627,D12
E07628,D06
E07629,D14
E07630,D13
E07631,D19
E07632,D02
E07633,D12
E07634,D16
E07635,D13
E07636,D20
E07637,D19
E07638,D06
E07639,D14
E07640,D19
E07641,D13
E07642,D05
E07643,D07
E07644,D03
E07645,D10
E07646,D15
E07647,D18
E07648,D01
E07649,D20
E07650,D07
E07651,D08
E07652,D01
E07653,D03
E07654,D06
E07655,D12
E07656,D03
E07657,D10
E07658,D13
E07659,D14
E07660,D13
E07661,D12
E07662,D01
E07663,D15
E07664,D13
E07665,D13
E07666,D05
E07667,D18
E07668,D12
E07669,D06
E07670,D20
E07671,D06
E07672,D07
E07673,D10
E07674,D09
E07675,D06
E07676,D14
E07677,D19
E07678,D10
E07679,D06
E07680,D03
E07681,D10
E07682,D16
E07683,D19
E07684,D08
E07685,D07
E07686,D15
E07687,D07
E07688,D03
E07689,D02
E07690,D11
E07691,D15
E07692,D05
E07693,D02
E07694,D11
E07695,D09
E07696,D05
E07697,D09
E07698,D09
E07699,D07
E07700,D09
E07701,D17
E07702,D14
E07703,D11
E07704,D04
E07705,D13
E07706,D19
E07707,D11
E07708,D16
E07709,D13
E07710,D14
E07711,D05
E07712,D02
E07713,D16
E07714,D11
E07715,D11
E07716,D20
E07717,D07
E07718,D18
E07719,D06
E07720,D04
E07721,D20
E07722,D07
E07723,D05
E07724,D09
E07725,D14
E07726,D13
E07727,D13
E07728,D10
E07729,D17
E07730,D14
E07731,D08
E07732,D05
E07733,D11
E07734,D20
E07735,D05
E07736,D16
E07737,D19
E07738,D12
E07739,D03
E07740,D13
E07741,D05
E07742,D15
E07743,D05
E07744,D15
E07745,D14
E07746,D03
E07747,D19
E07748,D04
E07749,D12
E07750,D06
E07751,D14
E07752,D11
E07753,D02
E07754,D16
E07755,D19
E07756,D05
E07757,D05
E07758,D03
E07759,D02
E07760,D18
E07761,D11
E07762,D11
E07763,D03
E07764,D14
E07765,D18
E07766,D15
E07767,D11
E07768,D18
E07769,D16
E07770,D04
E07771,D07
E07772,D11
E07773,D04
E07774,D05
E07775,D01
E07776,D18
E07777,D16
E07778,D11
E07779,D16
E07780,D05
E07781,D04
E07782,D19
E07783,D01
E07784,D04
E07785,D05
E07786,D04
E07787,D12
E07788,D09
E07789,D17
E07790,D08
E07791,D10
E07792,D04
E07793,D19
E07794,D11
E07795,D14
E07796,D10
E07797,D06
E07798,D20
E07799,D04
E07800,D19
E07801,D20
E07802,D17
E07803,D20
E07804,D09
E07805,D11
E07806,D08
E07807,D17
E07808,D02
E07809,D13
E07810,D13
E07811,D11
E07812,D15
E07813,D06
E07814,D03
E07815,D04
E07816,D14
E07817,D14
E07818,D10
E07819,D16
E07820,D06
E07821,D20
E07822,D13
E07823,D15
E07824,D12
E07825,D05
E07826,D20
E07827,D17
E07828,D01
E07829,D20
E07830,D17
E07831,D14
E07832,D06
E07833,D08
E07834,D08
E07835,D08
E07836,D05
E07837,D06
E07838,D13
E07839,D17
E07840,D12
E07841,D17
E07842,D09
E07843,D18
E07844,D15
E07845,D12
E07846,D07
E07847,D11
E07848,D12
E07849,D12
E07850,D18
E07851,D20
E07852,D15
E07853,D17
E07854,D11
E07855,D08
E07856,D05
E07857,D14
E07858,D19
E07859,D04
E07860,D18
E07861,D18
E07862,D08
E07863,D12
E07864,D15
E07865,D18
E07866,D09
E07867,D17
E07868,D14
E07869,D08
E07870,D07
E07871,D18
E07872,D09
E07873,D05
E07874,D15
E07875,D02
E07876,D01
E07877,D09
E07878,D14
E07879,D13
E07880,D05
E07881,D19
E07882,D18
E07883,D20
E07884,D17
E07885,D02
E07886,D01
E07887,D18
E07888,D20
E07889,D17
E07890,D15
E07891,D18
E07892,D06
E07893,D12
E07894,D16
E07895,D08
E07896,D02
E07897,D17
E07898,D08
E07899,D13
E07900,D05
E07901,D19
E07902,D11
E07903,D11
E07904,D11
E07905,D18
E07906,D14
E07907,D13
E07908,D19
E07909,D19
E07910,D07
E07911,D20
E07912,D12
E07913,D12
E07914,D08
E07915,D03
E07916,D08
E07917,D09
E07918,D19
E07919,D08
E07920,D01
E07921,D15
E07922,D08
E07923,D15
E07924,D16
E07925,D05
E07926,D09
E07927,D13
E07928,D07
E07929,D17
E07930,D13
E07931,D01
E07932,D19
E07933,D03
E07934,D15
E07935,D14
E07936,D20
E07937,D16
E07938,D18
E07939,D03
E07940,D20
E07941,D12
E07942,D05
E07943,D03
E07944,D11
E07945,D09
E07946,D08
E07947,D15
E07948,D03
E07949,D11
E07950,D14
E07951,D20
E07952,D12
E07953,D16
E07954,D16
E07955,D16
E07956,D08
E07957,D09
E07958,D16
E07959,D16
E07960,D02
E07961,D13
E07962,D12
E07963,D01
E07964,D12
E07965,D05
E07966,D01
E07967,D17
E07968,D07
E07969,D07
E07970,D10
E07971,D06
E07972,D09
E07973,D07
E07974,D16
E07975,D04
E07976,D08
E07977,D02
E07978,D03
E07979,D08
E07980,D02
E07981,D07
E07982,D13
E07983,D02
E07984,D20
E07985,D13
E07986,D08
E07987,D06
E07988,D01
E07989,D12
E07990,D07
E07991,D06
E07992,D05
E07993,D10
E07994,D01
E07995,D08
E07996,D01
E07997,D02
E07998,D06
E07999,D13
E08000,D18
E08001,D09
E08002,D18
E08003,D11
E08004,D02
E08005,D17
E08006,D07
E08007,D14
E08008,D09
E08009,D19
E08010,D08
E08011,D15
E08012,D20
E08013,D01
E08014,D19
E08015,D05
E08016,D03
E08017,D12
E08018,D16
E08019,D12
E08020,D07
E08021,D04
E08022,D10
E08023,D03
E08024,D07
E08025,D01
E08026,D15
E08027,D03
E08028,D11
E08029,D04
E08030,D10
E08031,D10
E08032,D18
E08033,D02
E08034,D11
E08035,D15
E08036,D15
E08037,D07
E08038,D20
E08039,D12
E08040,D08
E08041,D08
E08042,D12
E08043,D07
E08044,D13
E08045,D12
E08046,D16
E08047,D06
E08048,D07
E08049,D13
E08050,D17
E08051,D04
E08052,D17
E08053,D14
E08054,D02
E08055,D20
E08056,D13
E08057,D16
E08058,D05
E08059,D03
E08060,D03
E08061,D10
E08062,D06
E08063,D09
E08064,D16
E08065,D18
E08066,D04
E08067,D07
E08068,D18
E08069,D18
E08070,D20
E08071,D11
E08072,D12
E08073,D09
E08074,D17
E08075,D01
E08076,D13
E08077,D11
E08078,D06
E08079,D10
E08080,D18
E08081,D19
E08082,D05
E08083,D12
E08084,D14
E08085,D20
E08086,D18
E08087,D08
E08088,D17
E08089,D19
E08090,D06
E08091,D11
E08092,D14
E08093,D01
E08094,D17
E08095,D03
E08096,D13
E08097,D14
E08098,D09
E08099,D06
E08100,D19
E08101,D14
E08102,D13
E08103,D02
E08104,D03
E08105,D03
E08106,D15
E08107,D12
E08108,D10
E08109,D03
E08110,D05
E08111,D08
E08112,D10
E08113,D07
E08114,D09
E08115,D06
E08116,D06
E08117,D11
E08118,D02
E08119,D19
E08120,D15
E08121,D13
E08122,D17
E08123,D20
E08124,D07
E08125,D05
E08126,D11
E08127,D16
E08128,D18
E08129,D18
E08130,D02
E08131,D18
E08132,D15
E08133,D18
E08134,D09
E08135,D14
E08136,D13
E08137,D14
E08138,D10
E08139,D13
E08140,D20
E08141,D01
E08142,D11
E08143,D01
E08144,D13
E08145,D18
E08146,D19
E08147,D15
E08148,D03
E08149,D03
E08150,D12
E08151,D08
E08152,D18
E08153,D05
E08154,D06
E08155,D07
E08156,D15
E08157,D04
E08158,D13
E08159,D17
E08160,D08
E08161,D13
E08162,D09
E08163,D12
E08164,D04
E08165,D06
E08166,D04
E08167,D12
E08168,D09
E08169,D17
E08170,D05
E08171,D15
E08172,D02
E08173,D02
E08174,D15
E08175,D09
E08176,D17
E08177,D19
E08178,D10
E08179,D15
E08180,D17
E08181,D13
E08182,D08
E08183,D06
E08184,D15
E08185,D16
E08186,D06
E08187,D04
E08188,D01
E08189,D19
E08190,D02
E08191,D18
E08192,D20
E08193,D10
E08194,D12
E08195,D09
E08196,D15
E08197,D11
E08198,D10
E08199,D01
E08200,D19
E08201,D02
E08202,D04
E08203,D18
E08204,D16
E08205,D16
E08206,D14
E08207,D04
E08208,D04
E08209,D07
E08210,D03
E08211,D12
E08212,D06
E08213,D02
E08214,D07
E08215,D05
E08216,D09
E08217,D01
E08218,D07
E08219,D14
E08220,D08
E08221,D13
E08222,D07
E08223,D17
E08224,D02
E08225,D14
E08226,D09
E08227,D16
E08228,D06
E08229,D19
E08230,D18
E08231,D13
E08232,D11
E08233,D16
E08234,D04
E08235,D19
E08236,D07
E08237,D09
E08238,D02
E08239,D12
E08240,D16
E08241,D09
E08242,D05
E08243,D16
E08244,D16
E08245,D18
E08246,D04
E08247,D20
E08248,D01
E08249,D13
E08250,D01
E08251,D19
E08252,D20
E08253,D12
E08254,D08
E08255,D01
E08256,D19
E08257,D19
E08258,D15
E08259,D17
E08260,D17
E08261,D10
E08262,D19
E08263,D19
E08264,D16
E08265,D13
E08266,D16
E08267,D19
E08268,D15
E08269,D12
E08270,D09
E08271,D12
E08272,D11
E08273,D09
E08274,D01
E08275,D07
E08276,D16
E08277,D01
E08278,D06
E08279,D06
E08280,D18
E08281,D11
E08282,D09
E08283,D02
E08284,D17
E08285,D08
E08286,D13
E08287,D18
E08288,D12
E08289,D14
E08290,D13
E08291,D09
E08292,D13
E08293,D17
E08294,D06
E08295,D04
E08296,D10
E08297,D12
E08298,D03
E08299,D05
E08300,D03
E08301,D09
E08302,D10
E08303,D17
E08304,D05
E08305,D20
E08306,D06
E08307,D17
E08308,D06
E08309,D08
E08310,D05
E08311,D15
E08312,D10
E08313,D04
E08314,D12
E08315,D18
E08316,D07
E08317,D16
E08318,D13
E08319,D04
E08320,D16
E08321,D06
E08322,D06
E08323,D15
E08324,D01
E08325,D06
E08326,D02
E08327,D07
E08328,D16
E08329,D08
E08330,D18
E08331,D17
E08332,D20
E08333,D02
E08334,D12
E08335,D09
E08336,D17
E08337,D01
E08338,D02
E08339,D19
E08340,D13
E08341,D08
E08342,D12
E08343,D16
E08344,D06
E08345,D13
E08346,D04
E08347,D20
E08348,D11
E08349,D11
E08350,D08
E08351,D17
E08352,D03
E08353,D19
E08354,D14
E08355,D06
E08356,D05
E08357,D08
E08358,D19
E08359,D11
E08360,D04
E08361,D15
E08362,D11
E08363,D05
E08364,D04
E08365,D17
E08366,D18
E08367,D01
E08368,D14
E08369,D01
E08370,D01
E08371,D16
E08372,D09
E08373,D13
E08374,D15
E08375,D17
E08376,D14
E08377,D19
E08378,D04
E08379,D17
E08380,D03
E08381,D11
E08382,D06
E08383,D19
E08384,D14
E08385,D02
E08386,D07
E08387,D05
E08388,D14
E08389,D10
E08390,D08
E08391,D20
E08392,D12
E08393,D13
E08394,D06
E08395,D02
E08396,D08
E08397,D14
E08398,D10
E08399,D06
E08400,D05
E08401,D15
E08402,D09
E08403,D13
E08404,D08
E08405,D16
E08406,D20
E08407,D09
E08408,D09
E08409,D20
E08410,D19
E08411,D10
E08412,D18
E08413,D08
E08414,D17
E08415,D06
E08416,D10
E08417,D13
E08418,D12
E08419,D05
E08420,D14
E08421,D08
E08422,D06
E08423,D10
E08424,D20
E08425,D08
E08426,D17
E08427,D14
E08428,D01
E08429,D17
E08430,D01
E08431,D01
E08432,D06
E08433,D19
E08434,D17
E08435,D05
E08436,D10
E08437,D19
E08438,D09
E08439,D10
E08440,D15
E08441,D18
E08442,D19
E08443,D03
E08444,D03
E08445,D03
E08446,D11
E08447,D09
E08448,D10
E08449,D20
E08450,D16
E08451,D09
E08452,D11
E08453,D18
E08454,D15
E08455,D20
E08456,D10
E08457,D18
E08458,D08
E08459,D07
E08460,D15
E08461,D04
E08462,D05
E08463,D08
E08464,D08
E08465,D17
E08466,D19
E08467,D15
E08468,D15
E08469,D08
E08470,D18
E08471,D03
E08472,D02
E08473,D15
E08474,D17
E08475,D03
E08476,D19
E08477,D03
E08478,D17
E08479,D04
E08480,D17
E08481,D01
E08482,D17
E08483,D16
E08484,D16
E08485,D04
E08486,D11
E08487,D18
E08488,D17
E08489,D04
E08490,D08
E08491,D12
E08492,D10
E08493,D03
E08494,D10
E08495,D14
E08496,D15
E08497,D13
E08498,D17
E08499,D04
E08500,D09
E08501,D14
E08502,D12
E08503,D11
E08504,D13
E08505,D06
E08506,D20
E08507,D17
E08508,D13
E08509,D14
E08510,D11
E08511,D02
E08512,D08
E08513,D19
E08514,D19
E08515,D01
E08516,D17
E08517,D19
E08518,D08
E08519,D16
E08520,D11
E08521,D17
E08522,D14
E08523,D09
E08524,D09
E08525,D18
E08526,D02
E08527,D13
E08528,D10
E08529,D15
E08530,D17
E08531,D17
E08532,D12
E08533,D13
E08534,D04
E08535,D05
E08536,D02
E08537,D12
E08538,D20
E08539,D04
E08540,D17
E08541,D12
E08542,D18
E08543,D06
E08544,D06
E08545,D01
E08546,D09
E08547,D18
E08548,D20
E08549,D03
E08550,D13
E08551,D20
E08552,D17
E08553,D12
E08554,D16
E08555,D16
E08556,D14
E08557,D10
E08558,D04
E08559,D03
E08560,D01
E08561,D14
E08562,D14
E08563,D07
E08564,D18
E08565,D01
E08566,D05
E08567,D06
E08568,D04
E08569,D18
E08570,D15
E08571,D14
E08572,D07
E08573,D14
E08574,D11
E08575,D12
E08576,D10
E08577,D16
E08578,D07
E08579,D07
E08580,D12
E08581,D09
E08582,D20
E08583,D14
E08584,D10
E08585,D07
E08586,D04
E08587,D11
E08588,D16
E08589,D12
E08590,D13
E08591,D07
E08592,D16
E08593,D08
E08594,D19
E08595,D05
E08596,D14
E08597,D19
E08598,D04
E08599,D07
E08600,D20
E08601,D04
E08602,D02
E08603,D16
E08604,D12
E08605,D19
E08606,D08
E08607,D18
E08608,D07
E08609,D14
E08610,D18
E08611,D12
E08612,D17
E08613,D11
E08614,D01
E08615,D04
E08616,D03
E08617,D09
E08618,D12
E08619,D07
E08620,D06
E08621,D14
E08622,D14
E08623,D07
E08624,D12
E08625,D19
E08626,D10
E08627,D01
E08628,D13
E08629,D19
E08630,D10
E08631,D01
E08632,D04
E08633,D10
E08634,D10
E08635,D08
E08636,D07
E08637,D03
E08638,D18
E08639,D14
E08640,D18
E08641,D04
E08642,D13
E08643,D01
E08644,D05
E08645,D14
E08646,D17
E08647,D03
E08648,D20
E08649,D11
E08650,D14
E08651,D20
E08652,D10
E08653,D09
E08654,D11
E08655,D17
E08656,D13
E08657,D12
E08658,D02
E08659,D03
E08660,D04
E08661,D01
E08662,D07
E08663,D16
E08664,D11
E08665,D02
E08666,D03
E08667,D11
E08668,D02
E08669,D01
E08670,D17
E08671,D04
E08672,D03
E08673,D19
E08674,D07
E08675,D13
E08676,D03
E08677,D15
E08678,D18
E08679,D01
E08680,D02
E08681,D09
E08682,D07
E08683,D18
E08684,D06
E08685,D10
E08686,D17
E08687,D13
E08688,D02
E08689,D18
E08690,D04
E08691,D19
E08692,D14
E08693,D14
E08694,D04
E08695,D04
E08696,D08
E08697,D08
E08698,D01
E08699,D07
E08700,D08
E08701,D20
E08702,D05
E08703,D07
E08704,D18
E08705,D02
E08706,D10
E08707,D13
E08708,D17
E08709,D13
E08710,D20
E08711,D19
E08712,D15
E08713,D06
E08714,D02
E08715,D11
E08716,D20
E08717,D15
E08718,D20
E08719,D18
E08720,D05
E08721,D18
E08722,D16
E08723,D03
E08724,D15
E08725,D19
E08726,D06
E08727,D12
E08728,D02
E08729,D16
E08730,D16
E08731,D17
E08732,D14
E08733,D14
E08734,D08
E08735,D12
E08736,D06
E08737,D07
E08738,D05
E08739,D10
E08740,D09
E08741,D02
E08742,D13
E08743,D19
E08744,D16
E08745,D13
E08746,D03
E08747,D04
E08748,D20
E08749,D05
E08750,D13
E08751,D04
E08752,D07
E08753,D03
E08754,D17
E08755,D12
E08756,D08
E08757,D05
E08758,D18
E08759,D18
E08760,D13
E08761,D02
E08762,D07
E08763,D10
E08764,D01
E08765,D15
E08766,D07
E08767,D18
E08768,D09
E08769,D14
E08770,D06
E08771,D15
E08772,D10
E08773,D15
E08774,D16
E08775,D03
E08776,D06
E08777,D17
E08778,D08
E08779,D09
E08780,D06
E08781,D01
E08782,D03
E08783,D07
E08784,D13
E08785,D15
E08786,D09
E08787,D09
E08788,D11
E08789,D16
E08790,D11
E08791,D12
E08792,D04
E08793,D07
E08794,D11
E08795,D16
E08796,D06
E08797,D20
E08798,D07
E08799,D02
E08800,D02
E08801,D19
E08802,D05
E08803,D15
E08804,D15
E08805,D15
E08806,D07
E08807,D02
E08808,D04
E08809,D15
E08810,D14
E08811,D17
E08812,D05
E08813,D10
E08814,D18
E08815,D08
E08816,D04
E08817,D04
E08818,D07
E08819,D12
E08820,D17
E08821,D01
E08822,D12
E08823,D18
E08824,D11
E08825,D07
E08826,D10
E08827,D09
E08828,D09
E08829,D12
E08830,D13
E08831,D08
E08832,D14
E08833,D06
E08834,D03
E08835,D18
E08836,D12
E08837,D04
E08838,D12
E08839,D08
E08840,D18
E08841,D08
E08842,D01
E08843,D09
E08844,D16
E08845,D07
E08846,D16
E08847,D02
E08848,D13
E08849,D03
E08850,D13
E08851,D09
E08852,D11
E08853,D14
E08854,D01
E08855,D07
E08856,D12
E08857,D02
E08858,D07
E08859,D07
E08860,D14
E08861,D09
E08862,D17
E08863,D13
E08864,D20
E08865,D18
E08866,D05
E08867,D15
E08868,D16
E08869,D18
E08870,D17
E08871,D12
E08872,D04
E08873,D06
E08874,D18
E08875,D15
E08876,D17
E08877,D06
E08878,D15
E08879,D03
E08880,D15
E08881,D07
E08882,D16
E08883,D08
E08884,D06
E08885,D19
E08886,D12
E08887,D05
E08888,D10
E08889,D13
E08890,D07
E08891,D15
E08892,D18
E08893,D09
E08894,D04
E08895,D09
E08896,D01
E08897,D07
E08898,D11
E08899,D02
E08900,D13
E08901,D17
E08902,D15
E08903,D18
E08904,D02
E08905,D09
E08906,D15
E08907,D15
E08908,D17
E08909,D06
E08910,D05
E08911,D04
E08912,D09
E08913,D07
E08914,D20
E08915,D19
E08916,D15
E08917,D10
E08918,D14
E08919,D16
E08920,D02
E08921,D09
E08922,D18
E08923,D09
E08924,D14
E08925,D06
E08926,D14
E08927,D20
E08928,D16
E08929,D16
E08930,D20
E08931,D12
E08932,D09
E08933,D08
E08934,D13
E08935,D04
E08936,D06
E08937,D04
E08938,D07
E08939,D08
E08940,D08
E08941,D13
E08942,D01
E08943,D06
E08944,D06
E08945,D04
E08946,D03
E08947,D03
E08948,D15
E08949,D19
E08950,D14
E08951,D11
E08952,D09
E08953,D10
E08954,D12
E08955,D03
E08956,D11
E08957,D13
E08958,D14
E08959,D06
E08960,D03
E08961,D10
E08962,D13
E08963,D16
E08964,D07
E08965,D13
E08966,D12
E08967,D20
E08968,D13
E08969,D17
E08970,D02
E08971,D08
E08972,D01
E08973,D11
E08974,D11
E08975,D11
E08976,D18
E08977,D07
E08978,D16
E08979,D03
E08980,D18
E08981,D04
E08982,D16
E08983,D10
E08984,D02
E08985,D08
E08986,D17
E08987,D13
E08988,D05
E08989,D13
E08990,D12
E08991,D09
E08992,D07
E08993,D19
E08994,D17
E08995,D08
E08996,D10
E08997,D12
E08998,D14
E08999,D09
E09000,D02
E09001,D10
E09002,D15
E09003,D12
E09004,D06
E09005,D06
E09006,D09
E09007,D10
E09008,D01
E09009,D09
E09010,D05
E09011,D12
E09012,D10
E09013,D11
E09014,D18
E09015,D11
E09016,D03
E09017,D13
E09018,D15
E09019,D13
E09020,D06
E09021,D10
E09022,D14
E09023,D15
E09024,D13
E09025,D03
E09026,D13
E09027,D11
E09028,D15
E09029,D02
E09030,D19
E09031,D01
E09032,D15
E09033,D14
E09034,D17
E09035,D06
E09036,D11
E09037,D15
E09038,D10
E09039,D03
E09040,D03
E09041,D09
E09042,D01
E09043,D15
E09044,D08
E09045,D08
E09046,D07
E09047,D14
E09048,D10
E09049,D07
E09050,D09
E09051,D07
E09052,D16
E09053,D19
E09054,D17
E09055,D07
E09056,D13
E09057,D03
E09058,D08
E09059,D15
E09060,D09
E09061,D13
E09062,D19
E09063,D01
E09064,D03
E09065,D10
E09066,D04
E09067,D02
E09068,D08
E09069,D15
E09070,D17
E09071,D19
E09072,D05
E09073,D07
E09074,D02
E09075,D15
E09076,D17
E09077,D09
E09078,D17
E09079,D20
E09080,D06
E09081,D12
E09082,D10
E09083,D15
E09084,D18
E09085,D10
E09086,D05
E09087,D16
E09088,D02
E09089,D17
E09090,D05
E09091,D01
E09092,D20
E09093,D16
E09094,D17
E09095,D09
E09096,D09
E09097,D11
E09098,D13
E09099,D16
E09100,D06
E09101,D18
E09102,D10
E09103,D16
E09104,D11
E09105,D09
E09106,D12
E09107,D16
E09108,D09
E09109,D14
E09110,D03
E09111,D02
E09112,D17
E09113,D18
E09114,D09
E09115,D13
E09116,D04
E09117,D02
E09118,D01
E09119,D03
E09120,D03
E09121,D13
E09122,D19
E09123,D07
E09124,D16
E09125,D19
E09126,D20
E09127,D01
E09128,D08
E09129,D02
E09130,D14
E09131,D02
E09132,D13
E09133,D06
E09134,D19
E09135,D12
E09136,D18
E09137,D02
E09138,D01
E09139,D03
E09140,D16
E09141,D05
E09142,D04
E09143,D05
E09144,D18
E09145,D20
E09146,D17
E09147,D19
E09148,D15
E09149,D12
E09150,D07
E09151,D01
E09152,D05
E09153,D17
E09154,D10
E09155,D11
E09156,D07
E09157,D17
E09158,D14
E09159,D06
E09160,D19
E09161,D07
E09162,D17
E09163,D02
E09164,D20
E09165,D19
E09166,D03
E09167,D13
E09168,D06
E09169,D02
E09170,D17
E09171,D15
E09172,D02
E09173,D19
E09174,D05
E09175,D17
E09176,D16
E09177,D12
E09178,D07
E09179,D01
E09180,D12
E09181,D06
E09182,D18
E09183,D04
E09184,D14
E09185,D01
E09186,D08
E09187,D13
E09188,D08
E09189,D08
E09190,D06
E09191,D04
E09192,D01
E09193,D02
E09194,D07
E09195,D17
E09196,D05
E09197,D14
E09198,D19
E09199,D05
E09200,D03
E09201,D02
E09202,D08
E09203,D09
E09204,D06
E09205,D03
E09206,D01
E09207,D12
E09208,D05
E09209,D19
E09210,D02
E09211,D07
E09212,D15
E09213,D07
E09214,D10
E09215,D14
E09216,D20
E09217,D03
E09218,D12
E09219,D14
E09220,D05
E09221,D07
E09222,D05
E09223,D12
E09224,D10
E09225,D14
E09226,D15
E09227,D16
E09228,D07
E09229,D09
E09230,D16
E09231,D08
E09232,D12
E09233,D01
E09234,D06
E09235,D20
E09236,D10
E09237,D08
E09238,D13
E09239,D09
E09240,D11
E09241,D17
E09242,D18
E09243,D12
E09244,D09
E09245,D06
E09246,D01
E09247,D02
E09248,D03
E09249,D14
E09250,D15
E09251,D13
E09252,D09
E09253,D08
E09254,D02
E09255,D02
E09256,D07
E09257,D18
E09258,D13
E09259,D11
E09260,D12
E09261,D06
E09262,D06
E09263,D18
E09264,D17
E09265,D12
E09266,D15
E09267,D18
E09268,D07
E09269,D03
E09270,D13
E09271,D07
E09272,D01
E09273,D03
E09274,D07
E09275,D16
E09276,D16
E09277,D16
E09278,D03
E09279,D13
E09280,D20
E09281,D10
E09282,D17
E09283,D20
E09284,D02
E09285,D01
E09286,D14
E09287,D04
E09288,D10
E09289,D15
E09290,D03
E09291,D15
E09292,D01
E09293,D05
E09294,D12
E09295,D02
E09296,D16
E09297,D08
E09298,D08
E09299,D13
E09300,D05
E09301,D19
E09302,D05
E09303,D17
E09304,D08
E09305,D18
E09306,D13
E09307,D14
E09308,D04
E09309,D10
E09310,D16
E09311,D11
E09312,D04
E09313,D10
E09314,D07
E09315,D18
E09316,D14
E09317,D11
E09318,D10
E09319,D08
E09320,D15
E09321,D03
E09322,D19
E09323,D12
E09324,D15
E09325,D11
E09326,D10
E09327,D20
E09328,D03
E09329,D06
E09330,D15
E09331,D16
E09332,D11
E09333,D11
E09334,D18
E09335,D09
E09336,D13
E09337,D10
E09338,D09
E09339,D14
E09340,D11
E09341,D11
E09342,D02
E09343,D12
E09344,D01
E09345,D20
E09346,D05
E09347,D18
E09348,D01
E09349,D01
E09350,D12
E09351,D16
E09352,D06
E09353,D11
E09354,D15
E09355,D05
E09356,D07
E09357,D05
E09358,D13
E09359,D13
E09360,D20
E09361,D16
E09362,D05
E09363,D20
E09364,D17
E09365,D14
E09366,D02
E09367,D10
E09368,D13
E09369,D19
E09370,D19
E09371,D03
E09372,D18
E09373,D19
E09374,D18
E09375,D06
E09376,D03
E09377,D20
E09378,D05
E09379,D02
E09380,D01
E09381,D11
E09382,D04
E09383,D07
E09384,D20
E09385,D11
E09386,D14
E09387,D15
E09388,D13
E09389,D07
E09390,D09
E09391,D11
E09392,D06
E09393,D07
E09394,D03
E09395,D10
E09396,D08
E09397,D02
E09398,D08
E09399,D01
E09400,D17
E09401,D14
E09402,D15
E09403,D14
E09404,D20
E09405,D02
E09406,D18
E09407,D18
E09408,D05
E09409,D05
E09410,D07
E09411,D16
E09412,D01
E09413,D15
E09414,D06
E09415,D05
E09416,D02
E09417,D14
E09418,D05
E09419,D19
E09420,D07
E09421,D19
E09422,D11
E09423,D05
E09424,D01
E09425,D08
E09426,D01
E09427,D18
E09428,D09
E09429,D02
E09430,D10
E09431,D06
E09432,D12
E09433,D10
E09434,D17
E09435,D06
E09436,D10
E09437,D19
E09438,D10
E09439,D07
E09440,D16
E09441,D15
E09442,D16
E09443,D06
E09444,D02
E09445,D06
E09446,D03
E09447,D16
E09448,D13
E09449,D18
E09450,D10
E09451,D04
E09452,D07
E09453,D08
E09454,D13
E09455,D10
E09456,D10
E09457,D04
E09458,D03
E09459,D11
E09460,D09
E09461,D17
E09462,D08
E09463,D12
E09464,D07
E09465,D03
E09466,D09
E09467,D20
E09468,D07
E09469,D20
E09470,D07
E09471,D19
E09472,D17
E09473,D08
E09474,D13
E09475,D16
E09476,D11
E09477,D15
E09478,D12
E09479,D02
E09480,D10
E09481,D04
E09482,D04
E09483,D11
E09484,D20
E09485,D15
E09486,D09
E09487,D14
E09488,D12
E09489,D15
E09490,D12
E09491,D03
E09492,D20
E09493,D19
E09494,D10
E09495,D12
E09496,D04
E09497,D05
E09498,D04
E09499,D16
E09500,D10
E09501,D04
E09502,D07
E09503,D01
E09504,D09
E09505,D11
E09506,D12
E09507,D13
E09508,D08
E09509,D19
E09510,D15
E09511,D03
E09512,D09
E09513,D17
E09514,D03
E09515,D10
E09516,D04
E09517,D18
E09518,D05
E09519,D10
E09520,D12
E09521,D15
E09522,D16
E09523,D12
E09524,D15
E09525,D20
E09526,D14
E09527,D01
E09528,D07
E09529,D04
E09530,D13
E09531,D13
E09532,D04
E09533,D15
E09534,D16
E09535,D18
E09536,D06
E09537,D20
E09538,D17
E09539,D03
E09540,D13
E09541,D08
E09542,D20
E09543,D07
E09544,D15
E09545,D15
E09546,D06
E09547,D08
E09548,D12
E09549,D04
E09550,D08
E09551,D02
E09552,D18
E09553,D12
E09554,D06
E09555,D19
E09556,D03
E09557,D16
E09558,D17
E09559,D05
E09560,D02
E09561,D20
E09562,D10
E09563,D03
E09564,D14
E09565,D18
E09566,D08
E09567,D03
E09568,D02
E09569,D04
E09570,D11
E09571,D10
E09572,D05
E09573,D14
E09574,D11
E09575,D06
E09576,D13
E09577,D11
E09578,D20
E09579,D20
E09580,D15
E09581,D11
E09582,D12
E09583,D14
E09584,D11
E09585,D20
E09586,D16
E09587,D06
E09588,D02
E09589,D04
E09590,D14
E09591,D12
E09592,D12
E09593,D13
E09594,D02
E09595,D07
E09596,D17
E09597,D17
E09598,D07
E09599,D17
E09600,D12
E09601,D16
E09602,D17
E09603,D11
E09604,D13
E09605,D08
E09606,D07
E09607,D19
E09608,D07
E09609,D06
E09610,D13
E09611,D08
E09612,D18
E09613,D13
E09614,D14
E09615,D15
E09616,D13
E09617,D13
E09618,D11
E09619,D13
E09620,D05
E09621,D20
E09622,D02
E09623,D08
E09624,D03
E09625,D17
E09626,D19
E09627,D03
E09628,D13
E09629,D15
E09630,D12
E09631,D10
E09632,D06
E09633,D02
E09634,D02
E09635,D08
E09636,D19
E09637,D08
E09638,D14
E09639,D06
E09640,D18
E09641,D15
E09642,D05
E09643,D16
E09644,D18
E09645,D20
E09646,D05
E09647,D01
E09648,D15
E09649,D16
E09650,D13
E09651,D09
E09652,D06
E09653,D17
E09654,D11
E09655,D03
E09656,D10
E09657,D14
E09658,D06
E09659,D20
E09660,D14
E09661,D02
E09662,D18
E09663,D18
E09664,D10
E09665,D07
E09666,D18
E09667,D15
E09668,D01
E09669,D01
E09670,D13
E09671,D05
E09672,D15
E09673,D20
E09674,D10
E09675,D19
E09676,D13
E09677,D14
E09678,D18
E09679,D13
E09680,D07
E09681,D01
E09682,D05
E09683,D15
E09684,D11
E09685,D08
E09686,D14
E09687,D10
E09688,D06
E09689,D11
E09690,D07
E09691,D02
E09692,D14
E09693,D20
E09694,D04
E09695,D15
E09696,D13
E09697,D15
E09698,D01
E09699,D20
E09700,D08
E09701,D04
E09702,D18
E09703,D20
E09704,D04
E09705,D15
E09706,D18
E09707,D05
E09708,D17
E09709,D16
E09710,D11
E09711,D16
E09712,D07
E09713,D12
E09714,D13
E09715,D01
E09716,D11
E09717,D04
E09718,D19
E09719,D19
E09720,D09
E09721,D09
E09722,D03
E09723,D01
E09724,D01
E09725,D08
E09726,D04
E09727,D16
E09728,D01
E09729,D18
E09730,D17
E09731,D04
E09732,D18
E09733,D10
E09734,D07
E09735,D01
E09736,D10
E09737,D06
E09738,D19
E09739,D16
E09740,D13
E09741,D10
E09742,D02
E09743,D09
E09744,D06
E09745,D11
E09746,D17
E09747,D01
E09748,D14
E09749,D15
E09750,D10
E09751,D05
E09752,D17
E09753,D12
E09754,D06
E09755,D14
E09756,D05
E09757,D10
E09758,D07
E09759,D09
E09760,D09
E09761,D16
E09762,D04
E09763,D03
E09764,D18
E09765,D01
E09766,D15
E09767,D19
E09768,D20
E09769,D01
E09770,D07
E09771,D13
E09772,D11
E09773,D04
E09774,D15
E09775,D15
E09776,D05
E09777,D15
E09778,D05
E09779,D12
E09780,D10
E09781,D11
E09782,D16
E09783,D11
E09784,D20
E09785,D12
E09786,D05
E09787,D07
E09788,D08
E09789,D11
E09790,D11
E09791,D04
E09792,D04
E09793,D01
E09794,D14
E09795,D17
E09796,D18
E09797,D14
E09798,D08
E09799,D08
E09800,D20
E09801,D20
E09802,D09
E09803,D02
E09804,D11
E09805,D09
E09806,D03
E09807,D01
E09808,D19
E09809,D07
E09810,D02
E09811,D04
E09812,D07
E09813,D07
E09814,D02
E09815,D14
E09816,D06
E09817,D02
E09818,D05
E09819,D02
E09820,D19
E09821,D15
E09822,D02
E09823,D16
E09824,D07
E09825,D12
E09826,D20
E09827,D20
E09828,D11
E09829,D04
E09830,D17
E09831,D09
E09832,D14
E09833,D08
E09834,D03
E09835,D12
E09836,D06
E09837,D13
E09838,D08
E09839,D19
E09840,D10
E09841,D04
E09842,D03
E09843,D12
E09844,D19
E09845,D14
E09846,D13
E09847,D02
E09848,D09
E09849,D17
E09850,D02
E09851,D19
E09852,D08
E09853,D08
E09854,D12
E09855,D06
E09856,D05
E09857,D16
E09858,D13
E09859,D18
E09860,D19
E09861,D19
E09862,D16
E09863,D18
E09864,D20
E09865,D09
E09866,D17
E09867,D04
E09868,D10
E09869,D09
E09870,D06
E09871,D04
E09872,D15
E09873,D05
E09874,D17
E09875,D14
E09876,D14
E09877,D12
E09878,D10
E09879,D19
E09880,D04
E09881,D09
E09882,D11
E09883,D15
E09884,D18
E09885,D09
E09886,D18
E09887,D18
E09888,D13
E09889,D15
E09890,D10
E09891,D11
E09892,D20
E09893,D08
E09894,D02
E09895,D01
E09896,D06
E09897,D14
E09898,D12
E09899,D15
E09900,D05
E09901,D02
E09902,D01
E09903,D12
E09904,D19
E09905,D03
E09906,D20
E09907,D01
E09908,D19
E09909,D01
E09910,D06
E09911,D20
E09912,D14
E09913,D16
E09914,D01
E09915,D09
E09916,D15
E09917,D13
E09918,D14
E09919,D18
E09920,D11
E09921,D04
E09922,D11
E09923,D01
E09924,D15
E09925,D18
E09926,D10
E09927,D10
E09928,D17
E09929,D10
E09930,D11
E09931,D06
E09932,D10
E09933,D13
E09934,D04
E09935,D03
E09936,D08
E09937,D14
E09938,D04
E09939,D15
E09940,D03
E09941,D07
E09942,D11
E09943,D09
E09944,D01
E09945,D17
E09946,D15
E09947,D16
E09948,D04
E09949,D03
E09950,D11
E09951,D06
E09952,D15
E09953,D16
E09954,D07
E09955,D03
E09956,D03
E09957,D09
E09958,D20
E09959,D11
E09960,D10
E09961,D08
E09962,D16
E09963,D13
E09964,D10
E09965,D14
E09966,D15
E09967,D07
E09968,D08
E09969,D18
E09970,D10
E09971,D17
E09972,D20
E09973,D08
E09974,D15
E09975,D02
E09976,D15
E09977,D09
E09978,D10
E09979,D13
E09980,D15
E09981,D08
E09982,D03
E09983,D12
E09984,D12
E09985,D19
E09986,D08
E09987,D09
E09988,D15
E09989,D03
E09990,D13
E09991,D02
E09992,D06
E09993,D09
E09994,D06
E09995,D09
E09996,D15
E09997,D16
E09998,D12
E09999,D20
E10000,D03
E10001,D15
E10002,D17
E10003,D11
E10004,D17
E10005,D06
E10006,D08
E10007,D10
E10008,D06
E10009,D01
E10010,D14
E10011,D16
E10012,D07
E10013,D08
E10014,D13
E10015,D11
E10016,D09
E10017,D05
E10018,D19
E10019,D17
E10020,D20
E10021,D10
E10022,D20
E10023,D18
E10024,D11
E10025,D06
E10026,D03
E10027,D14
E10028,D15
E10029,D12
E10030,D02
E10031,D02
E10032,D05
E10033,D04
E10034,D04
E10035,D07
E10036,D16
E10037,D20
E10038,D19
E10039,D16
E10040,D10
E10041,D18
E10042,D20
E10043,D08
E10044,D15
E10045,D01
E10046,D11
E10047,D17
E10048,D02
E10049,D01
E10050,D13
E10051,D19
E10052,D11
E10053,D06
E10054,D07
E10055,D01
E10056,D16
E10057,D12
E10058,D07
E10059,D07
E10060,D05
E10061,D13
E10062,D05
E10063,D11
E10064,D11
E10065,D12
E10066,D06
E10067,D12
E10068,D11
E10069,D04
E10070,D10
E10071,D04
E10072,D05
E10073,D02
E10074,D08
E10075,D18
E10076,D02
E10077,D12
E10078,D08
E10079,D05
E10080,D17
E10081,D12
E10082,D06
E10083,D10
E10084,D16
E10085,D17
E10086,D09
E10087,D09
E10088,D09
E10089,D13
E10090,D06
E10091,D13
E10092,D16
E10093,D03
E10094,D10
E10095,D16
E10096,D17
E10097,D01
E10098,D07
E10099,D10
E10100,D05
E10101,D13
E10102,D18
E10103,D17
E10104,D04
E10105,D03
E10106,D02
E10107,D16
E10108,D07
E10109,D06
E10110,D08
E10111,D01
E10112,D19
E10113,D11
E10114,D12
E10115,D02
E10116,D13
E10117,D19
E10118,D20
E10119,D17
E10120,D08
E10121,D02
E10122,D08
E10123,D18
E10124,D02
E10125,D02
E10126,D05
E10127,D17
E10128,D13
E10129,D13
E10130,D09
E10131,D11
E10132,D12
E10133,D08
E10134,D03
E10135,D03
E10136,D10
E10137,D08
E10138,D01
E10139,D10
E10140,D12
E10141,D08
E10142,D08
E10143,D11
E10144,D18
E10145,D11
E10146,D18
E10147,D01
E10148,D06
E10149,D05
E10150,D04
E10151,D06
E10152,D05
E10153,D18
E10154,D09
E10155,D14
E10156,D03
E10157,D06
E10158,D11
E10159,D08
E10160,D04
E10161,D09
E10162,D11
E10163,D17
E10164,D08
E10165,D10
E10166,D13
E10167,D09
E10168,D09
E10169,D04
E10170,D06
E10171,D16
E10172,D02
E10173,D20
E10174,D04
E10175,D18
E10176,D17
E10177,D02
E10178,D11
E10179,D03
E10180,D18
E10181,D12
E10182,D02
E10183,D07
E10184,D06
E10185,D14
E10186,D04
E10187,D01
E10188,D15
E10189,D11
E10190,D12
E10191,D19
E10192,D15
E10193,D11
E10194,D08
E10195,D02
E10196,D02
E10197,D06
E10198,D19
E10199,D15
E10200,D16
E10201,D15
E10202,D11
E10203,D03
E10204,D02
E10205,D16
E10206,D12
E10207,D19
E10208,D03
E10209,D09
E10210,D01
E10211,D18
E10212,D05
E10213,D20
E10214,D15
E10215,D14
E10216,D07
E10217,D04
E10218,D15
E10219,D19
E10220,D01
E10221,D01
E10222,D20
E10223,D16
E10224,D12
E10225,D09
E10226,D01
E10227,D08
E10228,D18
E10229,D09
E10230,D07
E10231,D19
E10232,D01
E10233,D08
E10234,D13
E10235,D10
E10236,D12
E10237,D01
E10238,D19
E10239,D11
E10240,D15
E10241,D15
E10242,D02
E10243,D07
E10244,D02
E10245,D01
E10246,D15
E10247,D16
E10248,D06
E10249,D03
E10250,D08
E10251,D01
E10252,D11
E10253,D16
E10254,D11
E10255,D05
E10256,D08
E10257,D17
E10258,D07
E10259,D11
E10260,D15
E10261,D20
E10262,D03
E10263,D12
E10264,D19
E10265,D12
E10266,D18
E10267,D02
E10268,D02
E10269,D15
E10270,D15
E10271,D06
E10272,D13
E10273,D07
E10274,D03
E10275,D07
E10276,D05
E10277,D12
E10278,D01
E10279,D05
E10280,D06
E10281,D13
E10282,D01
E10283,D07
E10284,D14
E10285,D13
E10286,D06
E10287,D18
E10288,D03
E10289,D11
E10290,D06
E10291,D03
E10292,D06
E10293,D17
E10294,D14
E10295,D05
E10296,D12
E10297,D12
E10298,D11
E10299,D04
E10300,D18
E10301,D11
E10302,D06
E10303,D19
E10304,D18
E10305,D01
E10306,D04
E10307,D05
E10308,D01
E10309,D12
E10310,D16
E10311,D10
E10312,D18
E10313,D18
E10314,D04
E10315,D14
E10316,D20
E10317,D05
E10318,D07
E10319,D01
E10320,D02
E10321,D02
E10322,D05
E10323,D16
E10324,D04
E10325,D13
E10326,D07
E10327,D06
E10328,D09
E10329,D14
E10330,D02
E10331,D13
E10332,D17
E10333,D15
E10334,D11
E10335,D01
E10336,D14
E10337,D06
E10338,D03
E10339,D13
E10340,D01
E10341,D18
E10342,D10
E10343,D19
E10344,D20
E10345,D10
E10346,D07
E10347,D04
E10348,D13
E10349,D04
E10350,D05
E10351,D13
E10352,D15
E10353,D13
E10354,D04
E10355,D16
E10356,D16
E10357,D17
E10358,D09
E10359,D10
E10360,D04
E10361,D19
E10362,D17
E10363,D03
E10364,D17
E10365,D04
E10366,D15
E10367,D07
E10368,D01
E10369,D11
E10370,D13
E10371,D01
E10372,D15
E10373,D19
E10374,D16
E10375,D14
E10376,D02
E10377,D04
E10378,D18
E10379,D20
E10380,D08
E10381,D16
E10382,D17
E10383,D02
E10384,D07
E10385,D06
E10386,D06
E10387,D14
E10388,D15
E10389,D13
E10390,D15
E10391,D11
E10392,D07
E10393,D19
E10394,D06
E10395,D06
E10396,D05
E10397,D01
E10398,D19
E10399,D14
E10400,D15
E10401,D07
E10402,D18
E10403,D03
E10404,D06
E10405,D14
E10406,D08
E10407,D19
E10408,D05
E10409,D04
E10410,D17
E10411,D05
E10412,D04
E10413,D15
E10414,D01
E10415,D20
E10416,D16
E10417,D06
E10418,D16
E10419,D01
E10420,D09
E10421,D18
E10422,D01
E10423,D11
E10424,D11
E10425,D07
E10426,D11
E10427,D01
E10428,D18
E10429,D04
E10430,D09
E10431,D08
E10432,D09
E10433,D12
E10434,D03
E10435,D08
E10436,D10
E10437,D06
E10438,D05
E10439,D15
E10440,D18
E10441,D17
E10442,D10
E10443,D20
E10444,D06
E10445,D19
E10446,D07
E10447,D13
E10448,D06
E10449,D07
E10450,D20
E10451,D07
E10452,D15
E10453,D09
E10454,D10
E10455,D10
E10456,D06
E10457,D19
E10458,D01
E10459,D16
E10460,D14
E10461,D17
E10462,D14
E10463,D10
E10464,D10
E10465,D10
E10466,D11
E10467,D10
E10468,D06
E10469,D04
E10470,D02
E10471,D16
E10472,D10
E10473,D09
E10474,D10
E10475,D19
E10476,D06
E10477,D09
E10478,D07
E10479,D09
E10480,D02
E10481,D16
E10482,D07
E10483,D11
E10484,D17
E10485,D19
E10486,D03
E10487,D11
E10488,D07
E10489,D17
E10490,D17
E10491,D13
E10492,D12
E10493,D10
E10494,D06
E10495,D20
E10496,D19
E10497,D11
E10498,D09
E10499,D15
E10500,D05
E10501,D16
E10502,D09
E10503,D17
E10504,D11
E10505,D01
E10506,D18
E10507,D13
E10508,D06
E10509,D16
E10510,D09
E10511,D15
E10512,D04
E10513,D08
E10514,D16
E10515,D07
E10516,D17
E10517,D04
E10518,D06
E10519,D15
E10520,D03
E10521,D08
E10522,D16
E10523,D10
E10524,D16
E10525,D18
E10526,D05
E10527,D06
E10528,D07
E10529,D06
E10530,D18
E10531,D12
E10532,D10
E10533,D03
E10534,D15
E10535,D07
E10536,D20
E10537,D01
E10538,D01
E10539,D18
E10540,D01
E10541,D02
E10542,D20
E10543,D10
E10544,D02
E10545,D17
E10546,D11
E10547,D12
E10548,D10
E10549,D15
E10550,D03
E10551,D04
E10552,D16
E10553,D07
E10554,D11
E10555,D03
E10556,D10
E10557,D10
E10558,D20
E10559,D16
E10560,D09
E10561,D02
E10562,D12
E10563,D03
E10564,D01
E10565,D14
E10566,D12
E10567,D07
E10568,D09
E10569,D17
E10570,D04
E10571,D11
E10572,D14
E10573,D18
E10574,D09
E10575,D07
E10576,D12
E10577,D10
E10578,D08
E10579,D18
E10580,D12
E10581,D08
E10582,D09
E10583,D12
E10584,D19
E10585,D16
E10586,D02
E10587,D04
E10588,D10
E10589,D07
E10590,D13
E10591,D07
E10592,D16
E10593,D13
E10594,D09
E10595,D20
E10596,D18
E10597,D16
E10598,D13
E10599,D10
E10600,D16
E10601,D11
E10602,D01
E10603,D14
E10604,D07
E10605,D12
E10606,D16
E10607,D11
E10608,D03
E10609,D09
E10610,D19
E10611,D19
E10612,D14
E10613,D11
E10614,D03
E10615,D03
E10616,D07
E10617,D12
E10618,D19
E10619,D16
E10620,D17
E10621,D07
E10622,D03
E10623,D03
E10624,D19
E10625,D13
E10626,D07
E10627,D02
E10628,D17
E10629,D17
E10630,D14
E10631,D06
E10632,D04
E10633,D02
E10634,D13
E10635,D15
E10636,D13
E10637,D15
E10638,D16
E10639,D13
E10640,D14
E10641,D12
E10642,D12
E10643,D09
E10644,D13
E10645,D03
E10646,D09
E10647,D05
E10648,D02
E10649,D08
E10650,D14
E10651,D17
E10652,D06
E10653,D13
E10654,D20
E10655,D04
E10656,D04
E10657,D05
E10658,D14
E10659,D13
E10660,D19
E10661,D02
E10662,D06
E10663,D19
E10664,D20
E10665,D03
E10666,D10
E10667,D17
E10668,D17
E10669,D19
E10670,D19
E10671,D17
E10672,D13
E10673,D08
E10674,D16
E10675,D08
E10676,D01
E10677,D06
E10678,D03
E10679,D16
E10680,D15
E10681,D15
E10682,D05
E10683,D20
E10684,D05
E10685,D03
E10686,D06
E10687,D15
E10688,D07
E10689,D08
E10690,D07
E10691,D15
E10692,D14
E10693,D08
E10694,D14
E10695,D02
E10696,D05
E10697,D03
E10698,D12
E10699,D08
E10700,D03
E10701,D01
E10702,D04
E10703,D01
E10704,D14
E10705,D08
E10706,D08
E10707,D17
E10708,D05
E10709,D15
E10710,D19
E10711,D17
E10712,D17
E10713,D14
E10714,D19
E10715,D17
E10716,D11
E10717,D06
E10718,D17
E10719,D19
E10720,D16
E10721,D07
E10722,D15
E10723,D17
E10724,D10
E10725,D03
E10726,D09
E10727,D04
E10728,D19
E10729,D11
E10730,D06
E10731,D18
E10732,D09
E10733,D20
E10734,D13
E10735,D09
E10736,D10
E10737,D13
E10738,D15
E10739,D01
E10740,D18
E10741,D04
E10742,D09
E10743,D19
E10744,D02
E10745,D02
E10746,D15
E10747,D03
E10748,D07
E10749,D01
E10750,D19
E10751,D19
E10752,D02
E10753,D08
E10754,D15
E10755,D09
E10756,D08
E10757,D12
E10758,D13
E10759,D16
E10760,D19
E10761,D20
E10762,D10
E10763,D11
E10764,D12
E10765,D20
E10766,D07
E10767,D11
E10768,D02
E10769,D19
E10770,D14
E10771,D04
E10772,D02
E10773,D12
E10774,D16
E10775,D03
E10776,D01
E10777,D20
E10778,D14
E10779,D03
E10780,D15
E10781,D19
E10782,D18
E10783,D12
E10784,D17
E10785,D20
E10786,D06
E10787,D07
E10788,D15
E10789,D03
E10790,D09
E10791,D02
E10792,D17
E10793,D17
E10794,D01
E10795,D16
E10796,D17
E10797,D06
E10798,D19
E10799,D17
E10800,D20
E10801,D05
E10802,D17
E10803,D13
E10804,D02
E10805,D14
E10806,D04
E10807,D14
E10808,D02
E10809,D14
E10810,D09
E10811,D04
E10812,D19
E10813,D20
E10814,D07
E10815,D18
E10816,D18
E10817,D14
E10818,D08
E10819,D05
E10820,D17
E10821,D15
E10822,D17
E10823,D16
E10824,D03
E10825,D02
E10826,D11
E10827,D20
E10828,D11
E10829,D19
E10830,D08
E10831,D08
E10832,D08
E10833,D05
E10834,D01
E10835,D20
E10836,D08
E10837,D15
E10838,D09
E10839,D14
E10840,D19
E10841,D13
E10842,D04
E10843,D07
E10844,D11
E10845,D15
E10846,D07
E10847,D10
E10848,D06
E10849,D05
E10850,D06
E10851,D03
E10852,D02
E10853,D13
E10854,D20
E10855,D16
E10856,D13
E10857,D04
E10858,D12
E10859,D07
E10860,D04
E10861,D15
E10862,D03
E10863,D08
E10864,D02
E10865,D12
E10866,D13
E10867,D18
E10868,D04
E10869,D10
E10870,D02
E10871,D10
E10872,D10
E10873,D17
E10874,D10
E10875,D06
E10876,D12
E10877,D16
E10878,D04
E10879,D10
E10880,D19
E10881,D15
E10882,D08
E10883,D06
E10884,D10
E10885,D08
E10886,D13
E10887,D15
E10888,D03
E10889,D15
E10890,D03
E10891,D04
E10892,D13
E10893,D08
E10894,D07
E10895,D20
E10896,D19
E10897,D02
E10898,D13
E10899,D06
E10900,D19
E10901,D02
E10902,D14
E10903,D07
E10904,D01
E10905,D18
E10906,D08
E10907,D07
E10908,D01
E10909,D10
E10910,D16
E10911,D08
E10912,D08
E10913,D15
E10914,D14
E10915,D14
E10916,D11
E10917,D04
E10918,D18
E10919,D14
E10920,D02
E10921,D04
E10922,D18
E10923,D14
E10924,D13
E10925,D04
E10926,D20
E10927,D19
E10928,D07
E10929,D05
E10930,D17
E10931,D16
E10932,D08
E10933,D06
E10934,D15
E10935,D13
E10936,D08
E10937,D04
E10938,D08
E10939,D18
E10940,D05
E10941,D08
E10942,D20
E10943,D12
E10944,D03
E10945,D16
E10946,D07
E10947,D12
E10948,D12
E10949,D06
E10950,D09
E10951,D19
E10952,D01
E10953,D20
E10954,D07
E10955,D09
E10956,D12
E10957,D01
E10958,D19
E10959,D01
E10960,D12
E10961,D17
E10962,D05
E10963,D01
E10964,D17
E10965,D07
E10966,D06
E10967,D19
E10968,D10
E10969,D19
E10970,D05
E10971,D02
E10972,D01
E10973,D05
E10974,D04
E10975,D10
E10976,D09
E10977,D08
E10978,D15
E10979,D05
E10980,D17
E10981,D15
E10982,D13
E10983,D06
E10984,D20
E10985,D19
E10986,D12
E10987,D13
E10988,D03
E10989,D13
E10990,D11
E10991,D04
E10992,D13
E10993,D13
E10994,D12
E10995,D06
E10996,D18
E10997,D13
E10998,D11
E10999,D01
E11000,D05
E11001,D15
E11002,D20
E11003,D19
E11004,D20
E11005,D20
E11006,D19
E11007,D18
E11008,D12
E11009,D02
E11010,D03
E11011,D08
E11012,D14
E11013,D05
E11014,D16
E11015,D01
E11016,D16
E11017,D15
E11018,D01
E11019,D19
E11020,D03
E11021,D09
E11022,D20
E11023,D15
E11024,D05
E11025,D18
E11026,D18
E11027,D01
E11028,D06
E11029,D01
E11030,D11
E11031,D02
E11032,D18
E11033,D20
E11034,D04
E11035,D07
E11036,D18
E11037,D18
E11038,D08
E11039,D12
E11040,D02
E11041,D15
E11042,D17
E11043,D14
E11044,D08
E11045,D11
E11046,D09
E11047,D02
E11048,D09
E11049,D10
E11050,D06
E11051,D18
E11052,D08
E11053,D20
E11054,D12
E11055,D03
E11056,D08
E11057,D18
E11058,D16
E11059,D19
E11060,D06
E11061,D07
E11062,D01
E11063,D05
E11064,D11
E11065,D01
E11066,D18
E11067,D18
E11068,D05
E11069,D14
E11070,D04
E11071,D12
E11072,D02
E11073,D10
E11074,D04
E11075,D07
E11076,D02
E11077,D04
E11078,D15
E11079,D07
E11080,D07
E11081,D05
E11082,D20
E11083,D01
E11084,D18
E11085,D01
E11086,D11
E11087,D12
E11088,D13
E11089,D15
E11090,D20
E11091,D12
E11092,D14
E11093,D14
E11094,D05
E11095,D01
E11096,D05
E11097,D15
E11098,D17
E11099,D06
E11100,D20
E11101,D17
E11102,D10
E11103,D04
E11104,D02
E11105,D02
E11106,D13
E11107,D10
E11108,D14
E11109,D16
E11110,D20
E11111,D12
E11112,D14
E11113,D18
E11114,D15
E11115,D08
E11116,D06
E11117,D19
E11118,D17
E11119,D02
E11120,D04
E11121,D20
E11122,D02
E11123,D06
E11124,D08
E11125,D14
E11126,D14
E11127,D19
E11128,D12
E11129,D04
E11130,D02
E11131,D04
E11132,D04
E11133,D13
E11134,D05
E11135,D17
E11136,D10
E11137,D03
E11138,D06
E11139,D01
E11140,D13
E11141,D01
E11142,D11
E11143,D04
E11144,D13
E11145,D04
E11146,D01
E11147,D04
E11148,D02
E11149,D13
E11150,D07
E11151,D16
E11152,D10
E11153,D09
E11154,D05
E11155,D04
E11156,D06
E11157,D01
E11158,D10
E11159,D13
E11160,D12
E11161,D20
E11162,D07
E11163,D07
E11164,D01
E11165,D13
E11166,D19
E11167,D17
E11168,D20
E11169,D17
E11170,D02
E11171,D10
E11172,D08
E11173,D19
E11174,D19
E11175,D19
E11176,D14
E11177,D20
E11178,D11
E11179,D13
E11180,D14
E11181,D20
E11182,D01
E11183,D13
E11184,D20
E11185,D16
E11186,D14
E11187,D02
E11188,D01
E11189,D13
E11190,D14
E11191,D12
E11192,D17
E11193,D02
E11194,D06
E11195,D08
E11196,D19
E11197,D13
E11198,D08
E11199,D13
E11200,D11
E11201,D09
E11202,D06
E11203,D12
E11204,D11
E11205,D18
E11206,D11
E11207,D20
E11208,D06
E11209,D12
E11210,D12
E11211,D19
E11212,D20
E11213,D17
E11214,D18
E11215,D19
E11216,D08
E11217,D07
E11218,D16
E11219,D09
E11220,D09
E11221,D08
E11222,D03
E11223,D10
E11224,D09
E11225,D01
E11226,D11
E11227,D05
E11228,D19
E11229,D20
E11230,D06
E11231,D06
E11232,D16
E11233,D06
E11234,D14
E11235,D17
E11236,D03
E11237,D14
E11238,D17
E11239,D09
E11240,D06
E11241,D05
E11242,D11
E11243,D19
E11244,D04
E11245,D04
E11246,D18
E11247,D14
E11248,D03
E11249,D03
E11250,D17
E11251,D18
E11252,D06
E11253,D15
E11254,D11
E11255,D18
E11256,D13
E11257,D04
E11258,D12
E11259,D11
E11260,D08
E11261,D03
E11262,D02
E11263,D12
E11264,D11
E11265,D05
E11266,D12
E11267,D05
E11268,D01
E11269,D12
E11270,D13
E11271,D10
E11272,D02
E11273,D03
E11274,D10
E11275,D11
E11276,D12
E11277,D14
E11278,D15
E11279,D20
E11280,D15
E11281,D17
E11282,D20
E11283,D10
E11284,D19
E11285,D11
E11286,D13
E11287,D17
E11288,D02
E11289,D09
E11290,D16
E11291,D14
E11292,D13
E11293,D07
E11294,D10
E11295,D04
E11296,D07
E11297,D17
E11298,D16
E11299,D02
E11300,D08
E11301,D20
E11302,D12
E11303,D13
E11304,D03
E11305,D10
E11306,D08
E11307,D02
E11308,D15
E11309,D20
E11310,D06
E11311,D16
E11312,D09
E11313,D13
E11314,D14
E11315,D04
E11316,D02
E11317,D02
E11318,D08
E11319,D15
E11320,D09
E11321,D07
E11322,D07
E11323,D18
E11324,D19
E11325,D16
E11326,D02
E11327,D08
E11328,D03
E11329,D08
E11330,D06
E11331,D05
E11332,D02
E11333,D13
E11334,D01
E11335,D10
E11336,D10
E11337,D04
E11338,D17
E11339,D16
E11340,D10
E11341,D16
E11342,D07
E11343,D19
E11344,D16
E11345,D04
E11346,D20
E11347,D18
E11348,D20
E11349,D10
E11350,D04
E11351,D07
E11352,D08
E11353,D20
E11354,D20
E11355,D15
E11356,D03
E11357,D19
E11358,D13
E11359,D17
E11360,D03
E11361,D03
E11362,D07
E11363,D17
E11364,D18
E11365,D05
E11366,D10
E11367,D17
E11368,D04
E11369,D04
E11370,D19
E11371,D05
E11372,D09
E11373,D18
E11374,D16
E11375,D14
E11376,D06
E11377,D01
E11378,D01
E11379,D01
E11380,D13
E11381,D02
E11382,D17
E11383,D05
E11384,D04
E11385,D09
E11386,D01
E11387,D06
E11388,D01
E11389,D12
E11390,D18
E11391,D02
E11392,D20
E11393,D08
E11394,D17
E11395,D19
E11396,D11
E11397,D15
E11398,D17
E11399,D14
E11400,D08
E11401,D04
E11402,D05
E11403,D01
E11404,D18
E11405,D08
E11406,D04
E11407,D07
E11408,D20
E11409,D19
E11410,D14
E11411,D12
E11412,D09
E11413,D19
E11414,D12
E11415,D18
E11416,D18
E11417,D04
E11418,D07
E11419,D04
E11420,D04
E11421,D15
E11422,D12
E11423,D10
E11424,D01
E11425,D11
E11426,D14
E11427,D10
E11428,D16
E11429,D13
E11430,D07
E11431,D05
E11432,D06
E11433,D03
E11434,D18
E11435,D17
E11436,D06
E11437,D05
E11438,D16
E11439,D04
E11440,D11
E11441,D08
E11442,D08
E11443,D16
E11444,D06
E11445,D11
E11446,D05
E11447,D18
E11448,D14
E11449,D17
E11450,D12
E11451,D07
E11452,D08
E11453,D14
E11454,D14
E11455,D07
E11456,D10
E11457,D14
E11458,D03
E11459,D05
E11460,D17
E11461,D19
E11462,D18
E11463,D16
E11464,D10
E11465,D03
E11466,D07
E11467,D01
E11468,D02
E11469,D10
E11470,D15
E11471,D11
E11472,D10
E11473,D20
E11474,D09
E11475,D17
E11476,D05
E11477,D01
E11478,D07
E11479,D07
E11480,D13
E11481,D20
E11482,D12
E11483,D12
E11484,D05
E11485,D13
E11486,D13
E11487,D12
E11488,D04
E11489,D14
E11490,D19
E11491,D07
E11492,D03
E11493,D08
E11494,D13
E11495,D11
E11496,D16
E11497,D15
E11498,D02
E11499,D13
E11500,D19
E11501,D18
E11502,D18
E11503,D17
E11504,D18
E11505,D20
E11506,D09
E11507,D18
E11508,D02
E11509,D18
E11510,D12
E11511,D04
E11512,D16
E11513,D02
E11514,D08
E11515,D02
E11516,D06
E11517,D08
E11518,D01
E11519,D03
E11520,D10
E11521,D04
E11522,D11
E11523,D20
E11524,D16
E11525,D19
E11526,D16
E11527,D09
E11528,D11
E11529,D04
E11530,D03
E11531,D09
E11532,D01
E11533,D04
E11534,D01
E11535,D13
E11536,D16
E11537,D15
E11538,D20
E11539,D01
E11540,D04
E11541,D06
E11542,D02
E11543,D08
E11544,D18
E11545,D01
E11546,D18
E11547,D12
E11548,D20
E11549,D10
E11550,D07
E11551,D18
E11552,D18
E11553,D09
E11554,D04
E11555,D02
E11556,D08
E11557,D14
E11558,D20
E11559,D13
E11560,D17
E11561,D05
E11562,D12
E11563,D18
E11564,D17
E11565,D14
E11566,D01
E11567,D05
E11568,D17
E11569,D09
E11570,D15
E11571,D02
E11572,D03
E11573,D17
E11574,D18
E11575,D11
E11576,D16
E11577,D03
E11578,D02
E11579,D18
E11580,D11
E11581,D08
E11582,D05
E11583,D04
E11584,D19
E11585,D18
E11586,D11
E11587,D11
E11588,D08
E11589,D06
E11590,D04
E11591,D16
E11592,D02
E11593,D03
E11594,D05
E11595,D03
E11596,D12
E11597,D07
E11598,D20
E11599,D12
E11600,D01
E11601,D09
E11602,D03
E11603,D16
E11604,D16
E11605,D20
E11606,D08
E11607,D01
E11608,D07
E11609,D01
E11610,D02
E11611,D06
E11612,D05
E11613,D11
E11614,D15
E11615,D06
E11616,D06
E11617,D16
E11618,D19
E11619,D18
E11620,D01
E11621,D19
E11622,D12
E11623,D18
E11624,D10
E11625,D15
E11626,D14
E11627,D12
E11628,D03
E11629,D01
E11630,D16
E11631,D17
E11632,D02
E11633,D13
E11634,D17
E11635,D14
E11636,D04
E11637,D09
E11638,D16
E11639,D19
E11640,D09
E11641,D15
E11642,D03
E11643,D03
E11644,D11
E11645,D08
E11646,D03
E11647,D09
E11648,D13
E11649,D06
E11650,D11
E11651,D10
E11652,D12
E11653,D01
E11654,D06
E11655,D10
E11656,D01
E11657,D17
E11658,D08
E11659,D15
E11660,D08
E11661,D02
E11662,D02
E11663,D15
E11664,D06
E11665,D09
E11666,D03
E11667,D07
E11668,D19
E11669,D13
E11670,D16
E11671,D08
E11672,D20
E11673,D19
E11674,D04
E11675,D03
E11676,D18
E11677,D05
E11678,D05
E11679,D20
E11680,D16
E11681,D09
E11682,D13
E11683,D01
E11684,D13
E11685,D09
E11686,D19
E11687,D15
E11688,D08
E11689,D09
E11690,D06
E11691,D15
E11692,D16
E11693,D13
E11694,D09
E11695,D13
E11696,D15
E11697,D04
E11698,D18
E11699,D02
E11700,D02
E11701,D17
E11702,D17
E11703,D03
E11704,D18
E11705,D01
E11706,D09
E11707,D02
E11708,D01
E11709,D01
E11710,D09
E11711,D20
E11712,D14
E11713,D14
E11714,D16
E11715,D12
E11716,D19
E11717,D15
E11718,D05
E11719,D17
E11720,D07
E11721,D09
E11722,D14
E11723,D09
E11724,D01
E11725,D04
E11726,D02
E11727,D08
E11728,D01
E11729,D12
E11730,D02
E11731,D13
E11732,D16
E11733,D17
E11734,D18
E11735,D12
E11736,D02
E11737,D07
E11738,D18
E11739,D19
E11740,D03
E11741,D11
E11742,D03
E11743,D16
E11744,D11
E11745,D13
E11746,D05
E11747,D12
E11748,D03
E11749,D13
E11750,D05
E11751,D12
E11752,D19
E11753,D02
E11754,D13
E11755,D04
E11756,D19
E11757,D11
E11758,D18
E11759,D01
E11760,D06
E11761,D12
E11762,D03
E11763,D11
E11764,D06
E11765,D18
E11766,D04
E11767,D19
E11768,D12
E11769,D15
E11770,D14
E11771,D12
E11772,D17
E11773,D14
E11774,D01
E11775,D19
E11776,D17
E11777,D13
E11778,D10
E11779,D05
E11780,D12
E11781,D18
E11782,D01
E11783,D18
E11784,D14
E11785,D13
E11786,D04
E11787,D14
E11788,D12
E11789,D10
E11790,D19
E11791,D10
E11792,D08
E11793,D14
E11794,D17
E11795,D19
E11796,D08
E11797,D04
E11798,D14
E11799,D06
E11800,D14
E11801,D11
E11802,D08
E11803,D20
E11804,D15
E11805,D16
E11806,D20
E11807,D19
E11808,D17
E11809,D14
E11810,D19
E11811,D09
E11812,D19
E11813,D18
E11814,D16
E11815,D01
E11816,D10
E11817,D03
E11818,D04
E11819,D08
E11820,D05
E11821,D06
E11822,D13
E11823,D12
E11824,D09
E11825,D02
E11826,D13
E11827,D18
E11828,D02
E11829,D14
E11830,D06
E11831,D15
E11832,D16
E11833,D11
E11834,D11
E11835,D06
E11836,D11
E11837,D06
E11838,D14
E11839,D13
E11840,D09
E11841,D01
E11842,D17
E11843,D13
E11844,D09
E11845,D02
E11846,D03
E11847,D17
E11848,D19
E11849,D01
E11850,D17
E11851,D19
E11852,D13
E11853,D15
E11854,D04
E11855,D04
E11856,D09
E11857,D20
E11858,D01
E11859,D10
E11860,D19
E11861,D20
E11862,D10
E11863,D05
E11864,D14
E11865,D03
E11866,D01
E11867,D13
E11868,D03
E11869,D10
E11870,D16
E11871,D15
E11872,D20
E11873,D02
E11874,D10
E11875,D17
E11876,D16
E11877,D13
E11878,D03
E11879,D06
E11880,D12
E11881,D01
E11882,D17
E11883,D18
E11884,D09
E11885,D14
E11886,D07
E11887,D02
E11888,D07
E11889,D02
E11890,D04
E11891,D08
E11892,D07
E11893,D05
E11894,D06
E11895,D10
E11896,D18
E11897,D07
E11898,D13
E11899,D13
E11900,D07
E11901,D01
E11902,D15
E11903,D11
E11904,D01
E11905,D15
E11906,D12
E11907,D11
E11908,D02
E11909,D09
E11910,D06
E11911,D04
E11912,D12
E11913,D14
E11914,D15
E11915,D03
E11916,D03
E11917,D18
E11918,D08
E11919,D16
E11920,D11
E11921,D08
E11922,D13
E11923,D16
E11924,D11
E11925,D01
E11926,D12
E11927,D12
E11928,D09
E11929,D18
E11930,D16
E11931,D17
E11932,D11
E11933,D17
E11934,D19
E11935,D14
E11936,D14
E11937,D18
E11938,D06
E11939,D15
E11940,D20
E11941,D01
E11942,D14
E11943,D07
E11944,D18
E11945,D02
E11946,D18
E11947,D11
E11948,D03
E11949,D02
E11950,D02
E11951,D01
E11952,D17
E11953,D10
E11954,D10
E11955,D12
E11956,D11
E11957,D19
E11958,D06
E11959,D15
E11960,D12
E11961,D03
E11962,D18
E11963,D03
E11964,D12
E11965,D09
E11966,D11
E11967,D12
E11968,D04
E11969,D06
E11970,D15
E11971,D10
E11972,D11
E11973,D03
E11974,D02
E11975,D09
E11976,D07
E11977,D14
E11978,D11
E11979,D20
E11980,D15
E11981,D18
E11982,D11
E11983,D14
E11984,D13
E11985,D08
E11986,D03
E11987,D01
E11988,D04
E11989,D05
E11990,D16
E11991,D12
E11992,D06
E11993,D18
E11994,D20
E11995,D18
E11996,D12
E11997,D15
E11998,D19
E11999,D18
E12000,D17
E12001,D02
E12002,D09
E12003,D17
E12004,D02
E12005,D01
E12006,D20
E12007,D07
E12008,D09
E12009,D13
E12010,D07
E12011,D09
E12012,D09
E12013,D19
E12014,D20
E12015,D14
E12016,D13
E12017,D09
E12018,D19
E12019,D01
E12020,D10
E12021,D20
E12022,D19
E12023,D04
E12024,D02
E12025,D06
E12026,D14
E12027,D06
E12028,D03
E12029,D15
E12030,D06
E12031,D17
E12032,D02
E12033,D02
E12034,D13
E12035,D16
E12036,D07
E12037,D07
E12038,D01
E12039,D19
E12040,D08
E12041,D05
E12042,D16
E12043,D03
E12044,D12
E12045,D07
E12046,D13
E12047,D10
E12048,D05
E12049,D02
E12050,D14
E12051,D08
E12052,D02
E12053,D03
E12054,D09
E12055,D17
E12056,D15
E12057,D18
E12058,D17
E12059,D18
E12060,D18
E12061,D16
E12062,D17
E12063,D14
E12064,D11
E12065,D05
E12066,D11
E12067,D15
E12068,D09
E12069,D12
E12070,D12
E12071,D10
E12072,D04
E12073,D05
E12074,D08
E12075,D07
E12076,D14
E12077,D15
E12078,D06
E12079,D08
E12080,D07
E12081,D17
E12082,D05
E12083,D07
E12084,D02
E12085,D15
E12086,D18
E12087,D19
E12088,D18
E12089,D20
E12090,D08
E12091,D04
E12092,D01
E12093,D13
E12094,D11
E12095,D18
E12096,D13
E12097,D17
E12098,D14
E12099,D11
E12100,D09
E12101,D17
E12102,D07
E12103,D15
E12104,D04
E12105,D11
E12106,D16
E12107,D12
E12108,D18
E12109,D10
E12110,D07
E12111,D20
E12112,D03
E12113,D03
E12114,D11
E12115,D18
E12116,D04
E12117,D17
E12118,D03
E12119,D17
E12120,D08
E12121,D11
E12122,D03
E12123,D04
E12124,D18
E12125,D04
E12126,D19
E12127,D20
E12128,D19
E12129,D14
E12130,D02
E12131,D20
E12132,D18
E12133,D10
E12134,D06
E12135,D09
E12136,D04
E12137,D10
E12138,D15
E12139,D13
E12140,D20
E12141,D20
E12142,D01
E12143,D02
E12144,D18
E12145,D10
E12146,D19
E12147,D06
E12148,D05
E12149,D10
E12150,D11
E12151,D06
E12152,D06
E12153,D02
E12154,D14
E12155,D14
E12156,D17
E12157,D20
E12158,D19
E12159,D14
E12160,D16
E12161,D01
E12162,D14
E12163,D09
E12164,D20
E12165,D15
E12166,D04
E12167,D01
E12168,D16
E12169,D08
E12170,D20
E12171,D12
E12172,D13
E12173,D19
E12174,D02
E12175,D02
E12176,D06
E12177,D19
E12178,D06
E12179,D05
E12180,D13
E12181,D10
E12182,D08
E12183,D06
E12184,D15
E12185,D10
E12186,D14
E12187,D17
E12188,D14
E12189,D19
E12190,D01
E12191,D07
E12192,D15
E12193,D14
E12194,D09
E12195,D10
E12196,D14
E12197,D20
E12198,D02
E12199,D04
E12200,D19
E12201,D09
E12202,D16
E12203,D18
E12204,D04
E12205,D11
E12206,D10
E12207,D05
E12208,D03
E12209,D13
E12210,D06
E12211,D06
E12212,D12
E12213,D08
E12214,D03
E12215,D15
E12216,D09
E12217,D02
E12218,D20
E12219,D05
E12220,D04
E12221,D05
E12222,D13
E12223,D03
E12224,D17
E12225,D09
E12226,D09
E12227,D05
E12228,D16
E12229,D04
E12230,D18
E12231,D11
E12232,D01
E12233,D20
E12234,D13
E12235,D15
E12236,D10
E12237,D20
E12238,D02
E12239,D01
E12240,D17
E12241,D01
E12242,D03
E12243,D09
E12244,D16
E12245,D06
E12246,D03
E12247,D03
E12248,D16
E12249,D16
E12250,D14
E12251,D11
E12252,D13
E12253,D18
E12254,D06
E12255,D20
E12256,D04
E12257,D11
E12258,D19
E12259,D09
E12260,D04
E12261,D20
E12262,D12
E12263,D15
E12264,D11
E12265,D02
E12266,D04
E12267,D18
E12268,D04
E12269,D12
E12270,D07
E12271,D20
E12272,D03
E12273,D02
E12274,D08
E12275,D07
E12276,D16
E12277,D20
E12278,D15
E12279,D01
E12280,D06
E12281,D08
E12282,D12
E12283,D12
E12284,D09
E12285,D01
E12286,D05
E12287,D11
E12288,D14
E12289,D14
E12290,D15
E12291,D10
E12292,D10
E12293,D15
E12294,D20
E12295,D19
E12296,D08
E12297,D05
E12298,D17
E12299,D03
E12300,D11
E12301,D15
E12302,D20
E12303,D08
E12304,D15
E12305,D05
E12306,D16
E12307,D11
E12308,D13
E12309,D15
E12310,D13
E12311,D05
E12312,D17
E12313,D16
E12314,D18
E12315,D14
E12316,D14
E12317,D03
E12318,D05
E12319,D14
E12320,D20
E12321,D05
E12322,D02
E12323,D09
E12324,D11
E12325,D07
E12326,D02
E12327,D10
E12328,D02
E12329,D10
E12330,D11
E12331,D18
E12332,D18
E12333,D06
E12334,D18
E12335,D18
E12336,D09
E12337,D15
E12338,D11
E12339,D16
E12340,D02
E12341,D06
E12342,D12
E12343,D01
E12344,D01
E12345,D19
E12346,D13
E12347,D20
E12348,D16
E12349,D13
E12350,D13
E12351,D01
E12352,D10
E12353,D05
E12354,D20
E12355,D05
E12356,D09
E12357,D09
E12358,D01
E12359,D05
E12360,D08
E12361,D05
E12362,D02
E12363,D13
E12364,D15
E12365,D03
E12366,D14
E12367,D17
E12368,D16
E12369,D09
E12370,D07
E12371,D11
E12372,D07
E12373,D06
E12374,D06
E12375,D03
E12376,D09
E12377,D09
E12378,D02
E12379,D07
E12380,D11
E12381,D14
E12382,D10
E12383,D14
E12384,D16
E12385,D05
E12386,D13
E12387,D05
E12388,D01
E12389,D05
E12390,D02
E12391,D05
E12392,D20
E12393,D10
E12394,D19
E12395,D09
E12396,D18
E12397,D16
E12398,D01
E12399,D02
E12400,D08
E12401,D07
E12402,D15
E12403,D03
E12404,D16
E12405,D20
E12406,D14
E12407,D10
E12408,D09
E12409,D15
E12410,D02
E12411,D01
E12412,D15
E12413,D03
E12414,D15
E12415,D01
E12416,D16
E12417,D09
E12418,D19
E12419,D13
E12420,D19
E12421,D16
E12422,D18
E12423,D03
E12424,D07
E12425,D16
E12426,D13
E12427,D10
E12428,D12
E12429,D18
E12430,D17
E12431,D12
E12432,D09
E12433,D06
E12434,D14
E12435,D01
E12436,D12
E12437,D19
E12438,D07
E12439,D05
E12440,D15
E12441,D16
E12442,D16
E12443,D20
E12444,D14
E12445,D19
E12446,D16
E12447,D12
E12448,D09
E12449,D11
E12450,D13
E12451,D06
E12452,D02
E12453,D18
E12454,D06
E12455,D15
E12456,D04
E12457,D01
E12458,D12
E12459,D10
E12460,D18
E12461,D04
E12462,D03
E12463,D20
E12464,D18
E12465,D13
E12466,D02
E12467,D17
E12468,D16
E12469,D09
E12470,D12
E12471,D08
E12472,D07
E12473,D05
E12474,D11
E12475,D19
E12476,D17
E12477,D05
E12478,D15
E12479,D01
E12480,D06
E12481,D12
E12482,D01
E12483,D10
E12484,D02
E12485,D16
E12486,D05
E12487,D01
E12488,D16
E12489,D04
E12490,D16
E12491,D07
E12492,D20
E12493,D08
E12494,D01
E12495,D08
E12496,D02
E12497,D07
E12498,D02
E12499,D16
E12500,D05
E12501,D11
E12502,D07
E12503,D08
E12504,D03
E12505,D03
E12506,D20
E12507,D04
E12508,D20
E12509,D17
E12510,D04
E12511,D18
E12512,D15
E12513,D20
E12514,D08
E12515,D20
E12516,D19
E12517,D03
E12518,D19
E12519,D18
E12520,D20
E12521,D10
E12522,D11
E12523,D18
E12524,D20
E12525,D09
E12526,D12
E12527,D13
E12528,D06
E12529,D06
E12530,D11
E12531,D19
E12532,D12
E12533,D03
E12534,D18
E12535,D19
E12536,D08
E12537,D10
E12538,D12
E12539,D12
E12540,D04
E12541,D18
E12542,D14
E12543,D15
E12544,D02
E12545,D20
E12546,D20
E12547,D05
E12548,D15
E12549,D14
E12550,D01
E12551,D06
E12552,D07
E12553,D13
E12554,D03
E12555,D05
E12556,D07
E12557,D06
E12558,D11
E12559,D16
E12560,D06
E12561,D05
E12562,D08
E12563,D03
E12564,D18
E12565,D16
E12566,D03
E12567,D07
E12568,D06
E12569,D03
E12570,D12
E12571,D05
E12572,D02
E12573,D06
E12574,D10
E12575,D11
E12576,D02
E12577,D08
E12578,D04
E12579,D14
E12580,D09
E12581,D12
E12582,D01
E12583,D12
E12584,D13
E12585,D10
E12586,D14
E12587,D14
E12588,D13
E12589,D19
E12590,D01
E12591,D07
E12592,D14
E12593,D16
E12594,D01
E12595,D02
E12596,D06
E12597,D11
E12598,D02
E12599,D14
E12600,D11
E12601,D14
E12602,D02
E12603,D17
E12604,D08
E12605,D11
E12606,D11
E12607,D16
E12608,D10
E12609,D01
E12610,D20
E12611,D11
E12612,D15
E12613,D05
E12614,D12
E12615,D04
E12616,D11
E12617,D17
E12618,D11
E12619,D20
E12620,D19
E12621,D12
E12622,D12
E12623,D19
E12624,D05
E12625,D02
E12626,D05
E12627,D19
E12628,D08
E12629,D14
E12630,D09
E12631,D03
E12632,D01
E12633,D14
E12634,D14
E12635,D19
E12636,D19
E12637,D10
E12638,D05
E12639,D14
E12640,D13
E12641,D12
E12642,D16
E12643,D17
E12644,D18
E12645,D14
E12646,D05
E12647,D13
E12648,D05
E12649,D10
E12650,D05
E12651,D17
E12652,D06
E12653,D06
E12654,D06
E12655,D11
E12656,D04
E12657,D07
E12658,D05
E12659,D17
E12660,D12
E12661,D20
E12662,D03
E12663,D13
E12664,D06
E12665,D01
E12666,D20
E12667,D20
E12668,D19
E12669,D01
E12670,D15
E12671,D04
E12672,D18
E12673,D17
E12674,D13
E12675,D07
E12676,D09
E12677,D03
E12678,D09
E12679,D19
E12680,D09
E12681,D13
E12682,D01
E12683,D05
E12684,D17
E12685,D04
E12686,D05
E12687,D04
E12688,D11
E12689,D13
E12690,D05
E12691,D02
E12692,D11
E12693,D14
E12694,D02
E12695,D04
E12696,D20
E12697,D04
E12698,D06
E12699,D17
E12700,D05
E12701,D19
E12702,D16
E12703,D17
E12704,D04
E12705,D10
E12706,D17
E12707,D16
E12708,D16
E12709,D11
E12710,D07
E12711,D19
E12712,D13
E12713,D10
E12714,D12
E12715,D04
E12716,D02
E12717,D12
E12718,D02
E12719,D08
E12720,D04
E12721,D20
E12722,D07
E12723,D08
E12724,D11
E12725,D15
E12726,D05
E12727,D09
E12728,D08
E12729,D06
E12730,D20
E12731,D20
E12732,D18
E12733,D02
E12734,D13
E12735,D02
E12736,D12
E12737,D03
E12738,D02
E12739,D09
E12740,D06
E12741,D16
E12742,D02
E12743,D07
E12744,D17
E12745,D11
E12746,D13
E12747,D15
E12748,D17
E12749,D17
E12750,D05
E12751,D19
E12752,D07
E12753,D01
E12754,D11
E12755,D04
E12756,D18
E12757,D10
E12758,D05
E12759,D16
E12760,D20
E12761,D19
E12762,D01
E12763,D16
E12764,D01
E12765,D13
E12766,D18
E12767,D09
E12768,D01
E12769,D08
E12770,D18
E12771,D10
E12772,D12
E12773,D12
E12774,D07
E12775,D09
E12776,D20
E12777,D19
E12778,D17
E12779,D03
E12780,D15
E12781,D15
E12782,D11
E12783,D12
E12784,D09
E12785,D06
E12786,D15
E12787,D09
E12788,D01
E12789,D06
E12790,D10
E12791,D11
E12792,D07
E12793,D11
E12794,D11
E12795,D06
E12796,D10
E12797,D20
E12798,D04
E12799,D10
E12800,D18
E12801,D04
E12802,D17
E12803,D05
E12804,D01
E12805,D04
E12806,D18
E12807,D01
E12808,D13
E12809,D20
E12810,D18
E12811,D12
E12812,D09
E12813,D15
E12814,D10
E12815,D02
E12816,D20
E12817,D12
E12818,D15
E12819,D04
E12820,D15
E12821,D07
E12822,D04
E12823,D05
E12824,D02
E12825,D02
E12826,D07
E12827,D20
E12828,D08
E12829,D02
E12830,D02
E12831,D09
E12832,D15
E12833,D02
E12834,D18
E12835,D14
E12836,D02
E12837,D11
E12838,D15
E12839,D13
E12840,D07
E12841,D13
E12842,D06
E12843,D18
E12844,D06
E12845,D02
E12846,D06
E12847,D12
E12848,D13
E12849,D01
E12850,D20
E12851,D15
E12852,D08
E12853,D20
E12854,D17
E12855,D18
E12856,D20
E12857,D02
E12858,D17
E12859,D08
E12860,D05
E12861,D15
E12862,D10
E12863,D20
E12864,D08
E12865,D15
E12866,D20
E12867,D02
E12868,D09
E12869,D11
E12870,D14
E12871,D01
E12872,D04
E12873,D15
E12874,D02
E12875,D04
E12876,D04
E12877,D08
E12878,D18
E12879,D03
E12880,D20
E12881,D05
E12882,D04
E12883,D01
E12884,D02
E12885,D05
E12886,D10
E12887,D14
E12888,D13
E12889,D07
E12890,D08
E12891,D15
E12892,D19
E12893,D14
E12894,D20
E12895,D05
E12896,D20
E12897,D10
E12898,D16
E12899,D01
E12900,D05
E12901,D20
E12902,D10
E12903,D07
E12904,D01
E12905,D07
E12906,D02
E12907,D10
E12908,D10
E12909,D16
E12910,D07
E12911,D17
E12912,D17
E12913,D17
E12914,D10
E12915,D02
E12916,D10
E12917,D09
E12918,D20
E12919,D12
E12920,D10
E12921,D15
E12922,D17
E12923,D18
E12924,D06
E12925,D17
E12926,D16
E12927,D20
E12928,D02
E12929,D03
E12930,D08
E12931,D06
E12932,D18
E12933,D14
E12934,D17
E12935,D17
E12936,D07
E12937,D08
E12938,D03
E12939,D05
E12940,D19
E12941,D11
E12942,D09
E12943,D19
E12944,D07
E12945,D09
E12946,D18
E12947,D08
E12948,D12
E12949,D03
E12950,D08
E12951,D16
E12952,D10
E12953,D10
E12954,D20
E12955,D18
E12956,D02
E12957,D15
E12958,D03
E12959,D04
E12960,D10
E12961,D18
E12962,D16
E12963,D10
E12964,D03
E12965,D10
E12966,D13
E12967,D02
E12968,D17
E12969,D04
E12970,D14
E12971,D15
E12972,D03
E12973,D20
E12974,D11
E12975,D05
E12976,D19
E12977,D16
E12978,D18
E12979,D17
E12980,D07
E12981,D14
E12982,D06
E12983,D16
E12984,D13
E12985,D01
E12986,D05
E12987,D08
E12988,D19
E12989,D15
E12990,D09
E12991,D07
E12992,D16
E12993,D15
E12994,D06
E12995,D14
E12996,D03
E12997,D06
E12998,D19
E12999,D08
E13000,D16
E13001,D02
E13002,D12
E13003,D06
E13004,D09
E13005,D03
E13006,D17
E13007,D05
E13008,D05
E13009,D07
E13010,D20
E13011,D10
E13012,D14
E13013,D05
E13014,D16
E13015,D20
E13016,D03
E13017,D07
E13018,D06
E13019,D18
E13020,D20
E13021,D16
E13022,D06
E13023,D07
E13024,D03
E13025,D18
E13026,D11
E13027,D04
E13028,D10
E13029,D12
E13030,D15
E13031,D03
E13032,D16
E13033,D10
E13034,D04
E13035,D10
E13036,D19
E13037,D20
E13038,D04
E13039,D02
E13040,D07
E13041,D14
E13042,D20
E13043,D08
E13044,D19
E13045,D20
E13046,D17
E13047,D20
E13048,D12
E13049,D08
E13050,D14
E13051,D20
E13052,D10
E13053,D04
E13054,D20
E13055,D10
E13056,D07
E13057,D02
E13058,D13
E13059,D07
E13060,D01
E13061,D17
E13062,D02
E13063,D09
E13064,D01
E13065,D01
E13066,D19
E13067,D15
E13068,D01
E13069,D19
E13070,D08
E13071,D08
E13072,D16
E13073,D13
E13074,D16
E13075,D07
E13076,D16
E13077,D12
E13078,D01
E13079,D05
E13080,D15
E13081,D08
E13082,D08
E13083,D19
E13084,D15
E13085,D17
E13086,D18
E13087,D12
E13088,D19
E13089,D16
E13090,D20
E13091,D11
E13092,D09
E13093,D05
E13094,D17
E13095,D15
E13096,D11
E13097,D08
E13098,D07
E13099,D18
E13100,D18
E13101,D02
E13102,D05
E13103,D04
E13104,D14
E13105,D20
E13106,D09
E13107,D06
E13108,D10
E13109,D13
E13110,D16
E13111,D19
E13112,D17
E13113,D01
E13114,D07
E13115,D02
E13116,D17
E13117,D12
E13118,D04
E13119,D06
E13120,D10
E13121,D13
E13122,D19
E13123,D09
E13124,D17
E13125,D08
E13126,D07
E13127,D02
E13128,D18
E13129,D13
E13130,D20
E13131,D06
E13132,D12
E13133,D16
E13134,D13
E13135,D11
E13136,D06
E13137,D16
E13138,D12
E13139,D08
E13140,D03
E13141,D20
E13142,D20
E13143,D08
E13144,D08
E13145,D10
E13146,D07
E13147,D02
E13148,D20
E13149,D16
E13150,D16
E13151,D17
E13152,D05
E13153,D01
E13154,D08
E13155,D12
E13156,D01
E13157,D04
E13158,D20
E13159,D02
E13160,D05
E13161,D04
E13162,D18
E13163,D19
E13164,D18
E13165,D15
E13166,D17
E13167,D13
E13168,D11
E13169,D16
E13170,D06
E13171,D03
E13172,D15
E13173,D12
E13174,D02
E13175,D05
E13176,D18
E13177,D18
E13178,D10
E13179,D14
E13180,D06
E13181,D18
E13182,D08
E13183,D19
E13184,D06
E13185,D12
E13186,D03
E13187,D10
E13188,D02
E13189,D17
E13190,D05
E13191,D10
E13192,D13
E13193,D11
E13194,D13
E13195,D04
E13196,D09
E13197,D20
E13198,D20
E13199,D13
E13200,D07
E13201,D12
E13202,D05
E13203,D15
E13204,D03
E13205,D04
E13206,D02
E13207,D03
E13208,D11
E13209,D17
E13210,D12
E13211,D09
E13212,D09
E13213,D08
E13214,D04
E13215,D02
E13216,D13
E13217,D12
E13218,D07
E13219,D03
E13220,D16
E13221,D08
E13222,D03
E13223,D08
E13224,D05
E13225,D08
E13226,D07
E13227,D09
E13228,D19
E13229,D19
E13230,D02
E13231,D11
E13232,D15
E13233,D17
E13234,D03
E13235,D16
E13236,D12
E13237,D02
E13238,D19
E13239,D08
E13240,D02
E13241,D02
E13242,D11
E13243,D01
E13244,D03
E13245,D03
E13246,D10
E13247,D09
E13248,D09
E13249,D02
E13250,D05
E13251,D05
E13252,D09
E13253,D19
E13254,D13
E13255,D17
E13256,D20
E13257,D13
E13258,D08
E13259,D14
E13260,D16
E13261,D17
E13262,D15
E13263,D15
E13264,D11
E13265,D06
E13266,D09
E13267,D20
E13268,D08
E13269,D04
E13270,D19
E13271,D11
E13272,D11
E13273,D13
E13274,D09
E13275,D17
E13276,D14
E13277,D18
E13278,D19
E13279,D02
E13280,D14
E13281,D09
E13282,D17
E13283,D17
E13284,D16
E13285,D13
E13286,D18
E13287,D11
E13288,D10
E13289,D19
E13290,D02
E13291,D09
E13292,D09
E13293,D10
E13294,D09
E13295,D09
E13296,D01
E13297,D19
E13298,D13
E13299,D04
E13300,D09
E13301,D13
E13302,D06
E13303,D07
E13304,D08
E13305,D07
E13306,D13
E13307,D05
E13308,D14
E13309,D06
E13310,D19
E13311,D07
E13312,D19
E13313,D09
E13314,D20
E13315,D04
E13316,D14
E13317,D15
E13318,D01
E13319,D10
E13320,D04
E13321,D18
E13322,D18
E13323,D19
E13324,D09
E13325,D07
E13326,D09
E13327,D03
E13328,D04
E13329,D10
E13330,D07
E13331,D16
E13332,D08
E13333,D14
E13334,D15
E13335,D10
E13336,D20
E13337,D19
E13338,D20
E13339,D18
E13340,D07
E13341,D17
E13342,D09
E13343,D15
E13344,D15
E13345,D13
E13346,D08
E13347,D12
E13348,D20
E13349,D07
E13350,D15
E13351,D09
E13352,D06
E13353,D02
E13354,D06
E13355,D04
E13356,D03
E13357,D09
E13358,D15
E13359,D18
E13360,D18
E13361,D02
E13362,D01
E13363,D19
E13364,D20
E13365,D19
E13366,D06
E13367,D20
E13368,D12
E13369,D03
E13370,D11
E13371,D19
E13372,D13
E13373,D13
E13374,D18
E13375,D06
E13376,D09
E13377,D12
E13378,D19
E13379,D06
E13380,D09
E13381,D02
E13382,D07
E13383,D02
E13384,D08
E13385,D18
E13386,D04
E13387,D11
E13388,D01
E13389,D13
E13390,D20
E13391,D15
E13392,D12
E13393,D16
E13394,D18
E13395,D06
E13396,D18
E13397,D10
E13398,D03
E13399,D12
E13400,D10
E13401,D19
E13402,D19
E13403,D17
E13404,D13
E13405,D16
E13406,D19
E13407,D19
E13408,D03
E13409,D10
E13410,D03
E13411,D19
E13412,D09
E13413,D11
E13414,D04
E13415,D13
E13416,D19
E13417,D13
E13418,D11
E13419,D13
E13420,D09
E13421,D10
E13422,D06
E13423,D09
E13424,D19
E13425,D02
E13426,D18
E13427,D06
E13428,D04
E13429,D15
E13430,D01
E13431,D03
E13432,D01
E13433,D04
E13434,D10
E13435,D17
E13436,D16
E13437,D16
E13438,D14
E13439,D20
E13440,D12
E13441,D02
E13442,D11
E13443,D16
E13444,D01
E13445,D04
E13446,D09
E13447,D09
E13448,D09
E13449,D16
E13450,D03
E13451,D05
E13452,D02
E13453,D03
E13454,D07
E13455,D15
E13456,D06
E13457,D19
E13458,D05
E13459,D11
E13460,D16
E13461,D16
E13462,D02
E13463,D06
E13464,D10
E13465,D16
E13466,D03
E13467,D17
E13468,D18
E13469,D19
E13470,D12
E13471,D06
E13472,D16
E13473,D08
E13474,D01
E13475,D12
E13476,D11
E13477,D01
E13478,D03
E13479,D13
E13480,D15
E13481,D07
E13482,D09
E13483,D14
E13484,D02
E13485,D06
E13486,D03
E13487,D02
E13488,D14
E13489,D04
E13490,D06
E13491,D17
E13492,D16
E13493,D18
E13494,D11
E13495,D08
E13496,D01
E13497,D09
E13498,D06
E13499,D02
E13500,D16
E13501,D08
E13502,D07
E13503,D19
E13504,D08
E13505,D05
E13506,D08
E13507,D04
E13508,D09
E13509,D07
E13510,D01
E13511,D17
E13512,D18
E13513,D15
E13514,D16
E13515,D16
E13516,D06
E13517,D10
E13518,D14
E13519,D14
E13520,D05
E13521,D06
E13522,D10
E13523,D02
E13524,D15
E13525,D07
E13526,D06
E13527,D05
E13528,D10
E13529,D12
E13530,D16
E13531,D03
E13532,D07
E13533,D16
E13534,D16
E13535,D20
E13536,D20
E13537,D19
E13538,D03
E13539,D18
E13540,D07
E13541,D09
E13542,D06
E13543,D05
E13544,D05
E13545,D13
E13546,D01
E13547,D06
E13548,D10
E13549,D08
E13550,D14
E13551,D14
E13552,D05
E13553,D02
E13554,D08
E13555,D05
E13556,D19
E13557,D01
E13558,D19
E13559,D01
E13560,D04
E13561,D06
E13562,D14
E13563,D13
E13564,D16
E13565,D03
E13566,D04
E13567,D17
E13568,D20
E13569,D12
E13570,D13
E13571,D17
E13572,D09
E13573,D06
E13574,D10
E13575,D05
E13576,D14
E13577,D03
E13578,D18
E13579,D09
E13580,D11
E13581,D10
E13582,D14
E13583,D10
E13584,D05
E13585,D09
E13586,D05
E13587,D08
E13588,D12
E13589,D13
E13590,D07
E13591,D14
E13592,D06
E13593,D10
E13594,D01
E13595,D01
E13596,D09
E13597,D15
E13598,D12
E13599,D03
E13600,D03
E13601,D05
E13602,D14
E13603,D17
E13604,D09
E13605,D16
E13606,D10
E13607,D02
E13608,D18
E13609,D08
E13610,D12
E13611,D19
E13612,D10
E13613,D12
E13614,D14
E13615,D14
E13616,D06
E13617,D13
E13618,D02
E13619,D03
E13620,D02
E13621,D08
E13622,D09
E13623,D19
E13624,D20
E13625,D18
E13626,D12
E13627,D05
E13628,D12
E13629,D04
E13630,D16
E13631,D02
E13632,D19
E13633,D08
E13634,D15
E13635,D19
E13636,D16
E13637,D20
E13638,D03
E13639,D10
E13640,D20
E13641,D07
E13642,D14
E13643,D04
E13644,D03
E13645,D09
E13646,D12
E13647,D19
E13648,D10
E13649,D06
E13650,D11
E13651,D19
E13652,D01
E13653,D08
E13654,D10
E13655,D20
E13656,D05
E13657,D14
E13658,D14
E13659,D11
E13660,D15
E13661,D12
E13662,D17
E13663,D07
E13664,D08
E13665,D11
E13666,D09
E13667,D07
E13668,D09
E13669,D14
E13670,D19
E13671,D13
E13672,D03
E13673,D13
E13674,D12
E13675,D10
E13676,D16
E13677,D12
E13678,D02
E13679,D04
E13680,D07
E13681,D14
E13682,D11
E13683,D13
E13684,D05
E13685,D02
E13686,D18
E13687,D10
E13688,D15
E13689,D12
E13690,D08
E13691,D18
E13692,D14
E13693,D08
E13694,D13
E13695,D05
E13696,D02
E13697,D19
E13698,D10
E13699,D01
E13700,D20
E13701,D02
E13702,D14
E13703,D16
E13704,D07
E13705,D03
E13706,D17
E13707,D05
E13708,D04
E13709,D03
E13710,D19
E13711,D07
E13712,D07
E13713,D08
E13714,D09
E13715,D15
E13716,D19
E13717,D05
E13718,D07
E13719,D17
E13720,D12
E13721,D15
E13722,D18
E13723,D03
E13724,D04
E13725,D11
E13726,D05
E13727,D18
E13728,D11
E13729,D14
E13730,D12
E13731,D13
E13732,D19
E13733,D08
E13734,D13
E13735,D07
E13736,D02
E13737,D06
E13738,D10
E13739,D07
E13740,D10
E13741,D16
E13742,D14
E13743,D14
E13744,D20
E13745,D20
E13746,D16
E13747,D04
E13748,D13
E13749,D04
E13750,D19
E13751,D03
E13752,D14
E13753,D03
E13754,D05
E13755,D14
E13756,D03
E13757,D13
E13758,D02
E13759,D19
E13760,D02
E13761,D17
E13762,D07
E13763,D03
E13764,D08
E13765,D16
E13766,D17
E13767,D10
E13768,D18
E13769,D08
E13770,D13
E13771,D03
E13772,D20
E13773,D14
E13774,D15
E13775,D11
E13776,D11
E13777,D09
E13778,D09
E13779,D05
E13780,D13
E13781,D04
E13782,D03
E13783,D17
E13784,D11
E13785,D02
E13786,D15
E13787,D03
E13788,D19
E13789,D13
E13790,D05
E13791,D13
E13792,D08
E13793,D13
E13794,D05
E13795,D10
E13796,D08
E13797,D04
E13798,D13
E13799,D10
E13800,D16
E13801,D13
E13802,D18
E13803,D10
E13804,D08
E13805,D08
E13806,D14
E13807,D06
E13808,D06
E13809,D18
E13810,D04
E13811,D09
E13812,D12
E13813,D12
E13814,D20
E13815,D06
E13816,D06
E13817,D04
E13818,D14
E13819,D20
E13820,D09
E13821,D02
E13822,D02
E13823,D11
E13824,D16
E13825,D13
E13826,D04
E13827,D13
E13828,D02
E13829,D07
E13830,D13
E13831,D19
E13832,D15
E13833,D01
E13834,D19
E13835,D11
E13836,D12
E13837,D18
E13838,D16
E13839,D07
E13840,D09
E13841,D20
E13842,D14
E13843,D15
E13844,D01
E13845,D13
E13846,D13
E13847,D13
E13848,D08
E13849,D05
E13850,D11
E13851,D20
E13852,D03
E13853,D07
E13854,D12
E13855,D02
E13856,D03
E13857,D14
E13858,D03
E13859,D15
E13860,D05
E13861,D07
E13862,D05
E13863,D11
E13864,D01
E13865,D10
E13866,D10
E13867,D17
E13868,D05
E13869,D14
E13870,D04
E13871,D14
E13872,D09
E13873,D19
E13874,D16
E13875,D15
E13876,D18
E13877,D05
E13878,D11
E13879,D03
E13880,D06
E13881,D07
E13882,D12
E13883,D19
E13884,D08
E13885,D08
E13886,D07
E13887,D18
E13888,D11
E13889,D08
E13890,D07
E13891,D04
E13892,D07
E13893,D07
E13894,D04
E13895,D08
E13896,D17
E13897,D11
E13898,D04
E13899,D12
E13900,D04
E13901,D01
E13902,D17
E13903,D05
E13904,D18
E13905,D04
E13906,D12
E13907,D16
E13908,D10
E13909,D16
E13910,D07
E13911,D16
E13912,D15
E13913,D02
E13914,D02
E13915,D03
E13916,D11
E13917,D05
E13918,D08
E13919,D18
E13920,D07
E13921,D04
E13922,D17
E13923,D16
E13924,D16
E13925,D02
E13926,D06
E13927,D02
E13928,D18
E13929,D01
E13930,D16
E13931,D11
E13932,D09
E13933,D14
E13934,D09
E13935,D13
E13936,D20
E13937,D09
E13938,D11
E13939,D06
E13940,D20
E13941,D01
E13942,D02
E13943,D16
E13944,D16
E13945,D16
E13946,D17
E13947,D03
E13948,D06
E13949,D19
E13950,D19
E13951,D04
E13952,D02
E13953,D05
E13954,D12
E13955,D17
E13956,D12
E13957,D14
E13958,D16
E13959,D10
E13960,D12
E13961,D02
E13962,D06
E13963,D11
E13964,D17
E13965,D18
E13966,D16
E13967,D11
E13968,D03
E13969,D13
E13970,D15
E13971,D07
E13972,D12
E13973,D18
E13974,D04
E13975,D19
E13976,D18
E13977,D16
E13978,D18
E13979,D07
E13980,D11
E13981,D10
E13982,D19
E13983,D06
E13984,D07
E13985,D05
E13986,D14
E13987,D03
E13988,D13
E13989,D18
E13990,D04
E13991,D20
E13992,D13
E13993,D02
E13994,D20
E13995,D05
E13996,D20
E13997,D01
E13998,D07
E13999,D16
E14000,D16
E14001,D03
E14002,D18
E14003,D15
E14004,D13
E14005,D18
E14006,D10
E14007,D08
E14008,D19
E14009,D06
E14010,D05
E14011,D02
E14012,D02
E14013,D14
E14014,D07
E14015,D04
E14016,D19
E14017,D15
E14018,D01
E14019,D13
E14020,D09
E14021,D14
E14022,D17
E14023,D09
E14024,D17
E14025,D14
E14026,D16
E14027,D13
E14028,D12
E14029,D17
E14030,D04
E14031,D09
E14032,D04
E14033,D14
E14034,D17
E14035,D06
E14036,D20
E14037,D20
E14038,D09
E14039,D10
E14040,D20
E14041,D09
E14042,D12
E14043,D02
E14044,D11
E14045,D13
E14046,D17
E14047,D16
E14048,D10
E14049,D06
E14050,D18
E14051,D15
E14052,D10
E14053,D17
E14054,D13
E14055,D08
E14056,D15
E14057,D03
E14058,D08
E14059,D10
E14060,D07
E14061,D16
E14062,D03
E14063,D06
E14064,D09
E14065,D13
E14066,D08
E14067,D06
E14068,D18
E14069,D08
E14070,D05
E14071,D17
E14072,D12
E14073,D01
E14074,D09
E14075,D12
E14076,D11
E14077,D15
E14078,D15
E14079,D14
E14080,D04
E14081,D09
E14082,D06
E14083,D01
E14084,D03
E14085,D18
E14086,D18
E14087,D18
E14088,D17
E14089,D16
E14090,D19
E14091,D03
E14092,D10
E14093,D09
E14094,D20
E14095,D20
E14096,D01
E14097,D10
E14098,D16
E14099,D16
E14100,D19
E14101,D20
E14102,D12
E14103,D11
E14104,D05
E14105,D10
E14106,D05
E14107,D03
E14108,D19
E14109,D07
E14110,D11
E14111,D05
E14112,D20
E14113,D20
E14114,D14
E14115,D02
E14116,D05
E14117,D03
E14118,D15
E14119,D01
E14120,D14
E14121,D04
E14122,D02
E14123,D10
E14124,D03
E14125,D20
E14126,D11
E14127,D13
E14128,D16
E14129,D03
E14130,D13
E14131,D02
E14132,D17
E14133,D07
E14134,D05
E14135,D14
E14136,D20
E14137,D04
E14138,D17
E14139,D17
E14140,D18
E14141,D04
E14142,D19
E14143,D16
E14144,D05
E14145,D08
E14146,D18
E14147,D09
E14148,D02
E14149,D12
E14150,D05
E14151,D01
E14152,D07
E14153,D14
E14154,D01
E14155,D16
E14156,D01
E14157,D10
E14158,D18
E14159,D01
E14160,D15
E14161,D10
E14162,D14
E14163,D18
E14164,D10
E14165,D08
E14166,D16
E14167,D16
E14168,D13
E14169,D01
E14170,D08
E14171,D09
E14172,D15
E14173,D17
E14174,D03
E14175,D18
E14176,D17
E14177,D19
E14178,D20
E14179,D02
E14180,D19
E14181,D13
E14182,D08
E14183,D11
E14184,D19
E14185,D04
E14186,D04
E14187,D15
E14188,D04
E14189,D10
E14190,D10
E14191,D11
E14192,D15
E14193,D20
E14194,D11
E14195,D06
E14196,D02
E14197,D03
E14198,D15
E14199,D12
E14200,D09
E14201,D05
E14202,D03
E14203,D04
E14204,D20
E14205,D17
E14206,D05
E14207,D08
E14208,D12
E14209,D19
E14210,D07
E14211,D19
E14212,D08
E14213,D09
E14214,D08
E14215,D12
E14216,D13
E14217,D06
E14218,D14
E14219,D07
E14220,D16
E14221,D15
E14222,D16
E14223,D09
E14224,D08
E14225,D12
E14226,D02
E14227,D01
E14228,D10
E14229,D07
E14230,D17
E14231,D05
E14232,D12
E14233,D04
E14234,D11
E14235,D05
E14236,D14
E14237,D18
E14238,D12
E14239,D07
E14240,D11
E14241,D03
E14242,D13
E14243,D01
E14244,D04
E14245,D18
E14246,D12
E14247,D02
E14248,D02
E14249,D19
E14250,D03
E14251,D19
E14252,D14
E14253,D03
E14254,D04
E14255,D11
E14256,D13
E14257,D02
E14258,D04
E14259,D01
E14260,D08
E14261,D03
E14262,D05
E14263,D08
E14264,D07
E14265,D10
E14266,D08
E14267,D12
E14268,D07
E14269,D03
E14270,D18
E14271,D04
E14272,D07
E14273,D11
E14274,D20
E14275,D14
E14276,D09
E14277,D09
E14278,D07
E14279,D12
E14280,D05
E14281,D01
E14282,D07
E14283,D15
E14284,D20
E14285,D06
E14286,D12
E14287,D13
E14288,D20
E14289,D16
E14290,D04
E14291,D20
E14292,D10
E14293,D18
E14294,D13
E14295,D11
E14296,D08
E14297,D05
E14298,D09
E14299,D06
E14300,D10
E14301,D13
E14302,D12
E14303,D15
E14304,D10
E14305,D05
E14306,D13
E14307,D08
E14308,D13
E14309,D17
E14310,D16
E14311,D13
E14312,D19
E14313,D12
E14314,D11
E14315,D14
E14316,D11
E14317,D03
E14318,D02
E14319,D12
E14320,D07
E14321,D20
E14322,D12
E14323,D18
E14324,D04
E14325,D05
E14326,D07
E14327,D06
E14328,D14
E14329,D07
E14330,D16
E14331,D09
E14332,D02
E14333,D16
E14334,D19
E14335,D08
E14336,D01
E14337,D03
E14338,D02
E14339,D14
E14340,D06
E14341,D16
E14342,D17
E14343,D14
E14344,D11
E14345,D01
E14346,D09
E14347,D11
E14348,D20
E14349,D08
E14350,D06
E14351,D06
E14352,D08
E14353,D19
E14354,D14
E14355,D19
E14356,D15
E14357,D03
E14358,D17
E14359,D14
E14360,D07
E14361,D10
E14362,D20
E14363,D06
E14364,D02
E14365,D17
E14366,D08
E14367,D05
E14368,D08
E14369,D11
E14370,D20
E14371,D04
E14372,D09
E14373,D05
E14374,D08
E14375,D16
E14376,D01
E14377,D16
E14378,D17
E14379,D02
E14380,D08
E14381,D12
E14382,D04
E14383,D15
E14384,D01
E14385,D10
E14386,D03
E14387,D17
E14388,D17
E14389,D15
E14390,D04
E14391,D09
E14392,D14
E14393,D04
E14394,D07
E14395,D02
E14396,D06
E14397,D04
E14398,D01
E14399,D14
E14400,D06
E14401,D06
E14402,D15
E14403,D16
E14404,D13
E14405,D05
E14406,D08
E14407,D07
E14408,D11
E14409,D09
E14410,D13
E14411,D15
E14412,D13
E14413,D04
E14414,D06
E14415,D03
E14416,D04
E14417,D10
E14418,D04
E14419,D01
E14420,D13
E14421,D20
E14422,D15
E14423,D07
E14424,D04
E14425,D18
E14426,D04
E14427,D12
E14428,D08
E14429,D20
E14430,D15
E14431,D15
E14432,D16
E14433,D11
E14434,D03
E14435,D08
E14436,D10
E14437,D07
E14438,D07
E14439,D05
E14440,D06
E14441,D01
E14442,D09
E14443,D17
E14444,D13
E14445,D04
E14446,D15
E14447,D02
E14448,D12
E14449,D12
E14450,D05
E14451,D12
E14452,D14
E14453,D03
E14454,D13
E14455,D03
E14456,D04
E14457,D02
E14458,D14
E14459,D09
E14460,D13
E14461,D11
E14462,D10
E14463,D16
E14464,D17
E14465,D17
E14466,D09
E14467,D03
E14468,D02
E14469,D14
E14470,D18
E14471,D05
E14472,D12
E14473,D07
E14474,D01
E14475,D06
E14476,D09
E14477,D12
E14478,D16
E14479,D15
E14480,D12
E14481,D13
E14482,D01
E14483,D10
E14484,D07
E14485,D16
E14486,D02
E14487,D04
E14488,D10
E14489,D13
E14490,D14
E14491,D15
E14492,D03
E14493,D08
E14494,D20
E14495,D07
E14496,D01
E14497,D01
E14498,D15
E14499,D05
E14500,D09
E14501,D12
E14502,D08
E14503,D09
E14504,D05
E14505,D17
E14506,D04
E14507,D18
E14508,D16
E14509,D18
E14510,D19
E14511,D10
E14512,D08
E14513,D03
E14514,D19
E14515,D03
E14516,D04
E14517,D03
E14518,D02
E14519,D01
E14520,D12
E14521,D19
E14522,D15
E14523,D04
E14524,D09
E14525,D17
E14526,D16
E14527,D19
E14528,D04
E14529,D07
E14530,D19
E14531,D11
E14532,D19
E14533,D07
E14534,D12
E14535,D01
E14536,D03
E14537,D15
E14538,D03
E14539,D16
E14540,D05
E14541,D14
E14542,D18
E14543,D16
E14544,D12
E14545,D12
E14546,D01
E14547,D13
E14548,D16
E14549,D17
E14550,D20
E14551,D20
E14552,D13
E14553,D07
E14554,D17
E14555,D06
E14556,D09
E14557,D19
E14558,D02
E14559,D13
E14560,D12
E14561,D14
E14562,D15
E14563,D17
E14564,D15
E14565,D10
E14566,D15
E14567,D06
E14568,D09
E14569,D06
E14570,D08
E14571,D15
E14572,D13
E14573,D09
E14574,D10
E14575,D02
E14576,D13
E14577,D19
E14578,D01
E14579,D12
E14580,D12
E14581,D04
E14582,D20
E14583,D16
E14584,D15
E14585,D14
E14586,D07
E14587,D09
E14588,D05
E14589,D18
E14590,D04
E14591,D09
E14592,D04
E14593,D18
E14594,D13
E14595,D17
E14596,D10
E14597,D07
E14598,D09
E14599,D05
E14600,D09
E14601,D10
E14602,D12
E14603,D14
E14604,D10
E14605,D09
E14606,D13
E14607,D07
E14608,D09
E14609,D01
E14610,D06
E14611,D19
E14612,D07
E14613,D14
E14614,D01
E14615,D05
E14616,D20
E14617,D17
E14618,D03
E14619,D04
E14620,D12
E14621,D06
E14622,D15
E14623,D08
E14624,D19
E14625,D17
E14626,D05
E14627,D12
E14628,D16
E14629,D15
E14630,D05
E14631,D12
E14632,D14
E14633,D20
E14634,D19
E14635,D01
E14636,D08
E14637,D10
E14638,D10
E14639,D09
E14640,D18
E14641,D12
E14642,D07
E14643,D17
E14644,D03
E14645,D02
E14646,D17
E14647,D09
E14648,D18
E14649,D09
E14650,D20
E14651,D12
E14652,D14
E14653,D19
E14654,D16
E14655,D15
E14656,D14
E14657,D13
E14658,D15
E14659,D15
E14660,D11
E14661,D04
E14662,D02
E14663,D15
E14664,D01
E14665,D05
E14666,D04
E14667,D04
E14668,D04
E14669,D05
E14670,D02
E14671,D01
E14672,D16
E14673,D03
E14674,D02
E14675,D18
E14676,D02
E14677,D06
E14678,D05
E14679,D01
E14680,D19
E14681,D16
E14682,D06
E14683,D10
E14684,D11
E14685,D18
E14686,D12
E14687,D08
E14688,D02
E14689,D02
E14690,D15
E14691,D18
E14692,D03
E14693,D15
E14694,D01
E14695,D04
E14696,D15
E14697,D09
E14698,D03
E14699,D06
E14700,D10
E14701,D08
E14702,D13
E14703,D03
E14704,D08
E14705,D20
E14706,D05
E14707,D17
E14708,D04
E14709,D18
E14710,D02
E14711,D07
E14712,D16
E14713,D15
E14714,D16
E14715,D09
E14716,D20
E14717,D05
E14718,D04
E14719,D06
E14720,D17
E14721,D18
E14722,D08
E14723,D06
E14724,D14
E14725,D13
E14726,D05
E14727,D03
E14728,D17
E14729,D05
E14730,D18
E14731,D13
E14732,D15
E14733,D14
E14734,D04
E14735,D06
E14736,D09
E14737,D11
E14738,D16
E14739,D03
E14740,D07
E14741,D17
E14742,D08
E14743,D04
E14744,D04
E14745,D14
E14746,D14
E14747,D15
E14748,D13
E14749,D04
E14750,D04
E14751,D01
E14752,D04
E14753,D17
E14754,D06
E14755,D11
E14756,D19
E14757,D09
E14758,D02
E14759,D07
E14760,D16
E14761,D05
E14762,D05
E14763,D12
E14764,D13
E14765,D01
E14766,D14
E14767,D18
E14768,D20
E14769,D13
E14770,D17
E14771,D12
E14772,D02
E14773,D14
E14774,D11
E14775,D19
E14776,D16
E14777,D11
E14778,D17
E14779,D20
E14780,D02
E14781,D19
E14782,D01
E14783,D06
E14784,D01
E14785,D01
E14786,D16
E14787,D16
E14788,D19
E14789,D06
E14790,D11
E14791,D11
E14792,D04
E14793,D05
E14794,D17
E14795,D02
E14796,D05
E14797,D04
E14798,D13
E14799,D17
E14800,D14
E14801,D02
E14802,D19
E14803,D15
E14804,D13
E14805,D19
E14806,D06
E14807,D16
E14808,D02
E14809,D15
E14810,D01
E14811,D17
E14812,D07
E14813,D20
E14814,D10
E14815,D12
E14816,D06
E14817,D14
E14818,D17
E14819,D13
E14820,D07
E14821,D15
E14822,D19
E14823,D06
E14824,D20
E14825,D15
E14826,D09
E14827,D19
E14828,D01
E14829,D09
E14830,D17
E14831,D03
E14832,D07
E14833,D01
E14834,D01
E14835,D03
E14836,D16
E14837,D18
E14838,D04
E14839,D13
E14840,D06
E14841,D17
E14842,D12
E14843,D06
E14844,D05
E14845,D11
E14846,D08
E14847,D10
E14848,D17
E14849,D15
E14850,D08
E14851,D03
E14852,D15
E14853,D17
E14854,D16
E14855,D08
E14856,D08
E14857,D19
E14858,D03
E14859,D13
E14860,D02
E14861,D08
E14862,D12
E14863,D16
E14864,D05
E14865,D20
E14866,D13
E14867,D09
E14868,D10
E14869,D01
E14870,D10
E14871,D13
E14872,D15
E14873,D11
E14874,D16
E14875,D20
E14876,D05
E14877,D09
E14878,D15
E14879,D12
E14880,D02
E14881,D10
E14882,D19
E14883,D18
E14884,D10
E14885,D18
E14886,D05
E14887,D01
E14888,D19
E14889,D16
E14890,D01
E14891,D03
E14892,D12
E14893,D12
E14894,D05
E14895,D16
E14896,D12
E14897,D12
E14898,D18
E14899,D06
E14900,D06
E14901,D03
E14902,D01
E14903,D19
E14904,D07
E14905,D09
E14906,D18
E14907,D06
E14908,D07
E14909,D14
E14910,D19
E14911,D05
E14912,D10
E14913,D18
E14914,D08
E14915,D17
E14916,D02
E14917,D05
E14918,D04
E14919,D17
E14920,D07
E14921,D19
E14922,D14
E14923,D19
E14924,D15
E14925,D10
E14926,D06
E14927,D18
E14928,D18
E14929,D01
E14930,D07
E14931,D06
E14932,D01
E14933,D15
E14934,D16
E14935,D10
E14936,D17
E14937,D17
E14938,D18
E14939,D05
E14940,D09
E14941,D02
E14942,D14
E14943,D04
E14944,D03
E14945,D03
E14946,D09
E14947,D10
E14948,D01
E14949,D10
E14950,D10
E14951,D02
E14952,D11
E14953,D03
E14954,D05
E14955,D15
E14956,D17
E14957,D15
E14958,D11
E14959,D06
E14960,D06
E14961,D02
E14962,D13
E14963,D03
E14964,D03
E14965,D08
E14966,D20
E14967,D14
E14968,D04
E14969,D16
E14970,D10
E14971,D07
E14972,D05
E14973,D14
E14974,D15
E14975,D08
E14976,D04
E14977,D08
E14978,D02
E14979,D02
E14980,D06
E14981,D09
E14982,D09
E14983,D11
E14984,D11
E14985,D14
E14986,D02
E14987,D20
E14988,D05
E14989,D05
E14990,D16
E14991,D17
E14992,D11
E14993,D03
E14994,D11
E14995,D19
E14996,D02
E14997,D10
E14998,D01
E14999,D20
E15000,D11
E15001,D08
E15002,D18
E15003,D03
E15004,D05
E15005,D19
E15006,D14
E15007,D04
E15008,D09
E15009,D04
E15010,D09
E15011,D03
E15012,D16
E15013,D09
E15014,D08
E15015,D03
E15016,D09
E15017,D06
E15018,D13
E15019,D05
E15020,D03
E15021,D12
E15022,D17
E15023,D09
E15024,D14
E15025,D03
E15026,D14
E15027,D03
E15028,D01
E15029,D06
E15030,D07
E15031,D02
E15032,D12
E15033,D18
E15034,D17
E15035,D02
E15036,D17
E15037,D01
E15038,D11
E15039,D17
E15040,D17
E15041,D17
E15042,D15
E15043,D19
E15044,D13
E15045,D03
E15046,D17
E15047,D19
E15048,D11
E15049,D10
E15050,D09
E15051,D08
E15052,D16
E15053,D12
E15054,D16
E15055,D18
E15056,D03
E15057,D03
E15058,D06
E15059,D20
E15060,D14
E15061,D02
E15062,D14
E15063,D11
E15064,D06
E15065,D05
E15066,D11
E15067,D08
E15068,D03
E15069,D08
E15070,D13
E15071,D16
E15072,D19
E15073,D04
E15074,D19
E15075,D07
E15076,D13
E15077,D18
E15078,D15
E15079,D04
E15080,D06
E15081,D20
E15082,D08
E15083,D06
E15084,D01
E15085,D13
E15086,D11
E15087,D01
E15088,D13
E15089,D13
E15090,D14
E15091,D07
E15092,D10
E15093,D09
E15094,D14
E15095,D04
E15096,D16
E15097,D12
E15098,D06
E15099,D04
E15100,D07
E15101,D03
E15102,D19
E15103,D10
E15104,D08
E15105,D04
E15106,D08
E15107,D16
E15108,D02
E15109,D07
E15110,D10
E15111,D04
E15112,D15
E15113,D02
E15114,D03
E15115,D12
E15116,D18
E15117,D20
E15118,D01
E15119,D11
E15120,D07
E15121,D19
E15122,D15
E15123,D18
E15124,D20
E15125,D11
E15126,D02
E15127,D16
E15128,D12
E15129,D10
E15130,D18
E15131,D01
E15132,D16
E15133,D02
E15134,D15
E15135,D07
E15136,D05
E15137,D20
E15138,D02
E15139,D01
E15140,D05
E15141,D07
E15142,D19
E15143,D13
E15144,D19
E15145,D18
E15146,D19
E15147,D18
E15148,D02
E15149,D18
E15150,D01
E15151,D15
E15152,D14
E15153,D19
E15154,D06
E15155,D17
E15156,D10
E15157,D06
E15158,D03
E15159,D10
E15160,D15
E15161,D03
E15162,D20
E15163,D18
E15164,D05
E15165,D07
E15166,D19
E15167,D02
E15168,D07
E15169,D13
E15170,D14
E15171,D11
E15172,D11
E15173,D03
E15174,D16
E15175,D03
E15176,D06
E15177,D10
E15178,D20
E15179,D04
E15180,D13
E15181,D09
E15182,D18
E15183,D03
E15184,D05
E15185,D14
E15186,D04
E15187,D09
E15188,D16
E15189,D17
E15190,D04
E15191,D18
E15192,D18
E15193,D03
E15194,D04
E15195,D02
E15196,D07
E15197,D03
E15198,D08
E15199,D13
E15200,D07
E15201,D11
E15202,D09
E15203,D17
E15204,D15
E15205,D16
E15206,D16
E15207,D20
E15208,D20
E15209,D03
E15210,D02
E15211,D10
E15212,D17
E15213,D05
E15214,D10
E15215,D12
E15216,D02
E15217,D09
E15218,D02
E15219,D18
E15220,D16
E15221,D13
E15222,D08
E15223,D19
E15224,D16
E15225,D05
E15226,D19
E15227,D03
E15228,D12
E15229,D03
E15230,D18
E15231,D05
E15232,D16
E15233,D17
E15234,D17
E15235,D17
E15236,D04
E15237,D20
E15238,D14
E15239,D12
E15240,D06
E15241,D01
E15242,D03
E15243,D17
E15244,D10
E15245,D16
E15246,D03
E15247,D15
E15248,D04
E15249,D01
E15250,D13
E15251,D16
E15252,D04
E15253,D20
E15254,D12
E15255,D04
E15256,D16
E15257,D04
E15258,D08
E15259,D08
E15260,D05
E15261,D11
E15262,D14
E15263,D17
E15264,D05
E15265,D15
E15266,D20
E15267,D01
E15268,D17
E15269,D15
E15270,D11
E15271,D10
E15272,D20
E15273,D15
E15274,D16
E15275,D09
E15276,D09
E15277,D20
E15278,D07
E15279,D04
E15280,D02
E15281,D06
E15282,D03
E15283,D16
E15284,D17
E15285,D04
E15286,D17
E15287,D10
E15288,D02
E15289,D04
E15290,D07
E15291,D12
E15292,D11
E15293,D06
E15294,D06
E15295,D13
E15296,D01
E15297,D13
E15298,D15
E15299,D15
E15300,D05
E15301,D02
E15302,D11
E15303,D13
E15304,D09
E15305,D16
E15306,D08
E15307,D10
E15308,D12
E15309,D12
E15310,D06
E15311,D09
E15312,D06
E15313,D17
E15314,D16
E15315,D04
E15316,D14
E15317,D13
E15318,D16
E15319,D18
E15320,D15
E15321,D14
E15322,D18
E15323,D13
E15324,D18
E15325,D08
E15326,D08
E15327,D02
E15328,D16
E15329,D16
E15330,D13
E15331,D12
E15332,D17
E15333,D01
E15334,D12
E15335,D19
E15336,D19
E15337,D16
E15338,D08
E15339,D09
E15340,D06
E15341,D06
E15342,D05
E15343,D03
E15344,D03
E15345,D04
E15346,D02
E15347,D04
E15348,D02
E15349,D01
E15350,D13
E15351,D15
E15352,D18
E15353,D05
E15354,D03
E15355,D10
E15356,D13
E15357,D02
E15358,D03
E15359,D15
E15360,D16
E15361,D10
E15362,D14
E15363,D20
E15364,D16
E15365,D11
E15366,D07
E15367,D15
E15368,D18
E15369,D01
E15370,D03
E15371,D02
E15372,D11
E15373,D19
E15374,D07
E15375,D07
E15376,D14
E15377,D18
E15378,D17
E15379,D19
E15380,D19
E15381,D20
E15382,D09
E15383,D09
E15384,D14
E15385,D02
E15386,D12
E15387,D11
E15388,D14
E15389,D06
E15390,D08
E15391,D06
E15392,D12
E15393,D15
E15394,D13
E15395,D08
E15396,D01
E15397,D03
E15398,D17
E15399,D09
E15400,D12
E15401,D02
E15402,D18
E15403,D10
E15404,D09
E15405,D16
E15406,D02
E15407,D01
E15408,D17
E15409,D07
E15410,D16
E15411,D06
E15412,D15
E15413,D04
E15414,D11
E15415,D19
E15416,D12
E15417,D05
E15418,D13
E15419,D10
E15420,D03
E15421,D01
E15422,D07
E15423,D10
E15424,D05
E15425,D12
E15426,D19
E15427,D15
E15428,D02
E15429,D20
E15430,D10
E15431,D08
E15432,D10
E15433,D10
E15434,D02
E15435,D09
E15436,D04
E15437,D17
E15438,D04
E15439,D15
E15440,D18
E15441,D07
E15442,D20
E15443,D07
E15444,D04
E15445,D06
E15446,D15
E15447,D01
E15448,D02
E15449,D17
E15450,D16
E15451,D16
E15452,D15
E15453,D07
E15454,D01
E15455,D03
E15456,D03
E15457,D08
E15458,D09
E15459,D14
E15460,D02
E15461,D12
E15462,D20
E15463,D06
E15464,D19
E15465,D03
E15466,D09
E15467,D12
E15468,D17
E15469,D09
E15470,D11
E15471,D01
E15472,D20
E15473,D17
E15474,D14
E15475,D16
E15476,D17
E15477,D18
E15478,D01
E15479,D08
E15480,D20
E15481,D12
E15482,D01
E15483,D12
E15484,D13
E15485,D09
E15486,D03
E15487,D07
E15488,D03
E15489,D09
E15490,D14
E15491,D12
E15492,D19
E15493,D01
E15494,D08
E15495,D09
E15496,D03
E15497,D12
E15498,D19
E15499,D18
E15500,D19
E15501,D17
E15502,D02
E15503,D15
E15504,D18
E15505,D05
E15506,D18
E15507,D18
E15508,D06
E15509,D19
E15510,D02
E15511,D16
E15512,D08
E15513,D03
E15514,D07
E15515,D09
E15516,D05
E15517,D10
E15518,D01
E15519,D05
E15520,D02
E15521,D08
E15522,D14
E15523,D16
E15524,D08
E15525,D18
E15526,D11
E15527,D08
E15528,D14
E15529,D15
E15530,D09
E15531,D06
E15532,D03
E15533,D01
E15534,D17
E15535,D20
E15536,D09
E15537,D06
E15538,D13
E15539,D10
E15540,D11
E15541,D02
E15542,D15
E15543,D17
E15544,D14
E15545,D09
E15546,D06
E15547,D15
E15548,D03
E15549,D19
E15550,D05
E15551,D09
E15552,D03
E15553,D10
E15554,D17
E15555,D11
E15556,D01
E15557,D02
E15558,D13
E15559,D10
E15560,D01
E15561,D08
E15562,D14
E15563,D05
E15564,D20
E15565,D17
E15566,D11
E15567,D12
E15568,D07
E15569,D05
E15570,D09
E15571,D15
E15572,D05
E15573,D14
E15574,D16
E15575,D11
E15576,D08
E15577,D17
E15578,D10
E15579,D02
E15580,D01
E15581,D07
E15582,D14
E15583,D17
E15584,D06
E15585,D14
E15586,D13
E15587,D02
E15588,D02
E15589,D04
E15590,D03
E15591,D06
E15592,D03
E15593,D02
E15594,D20
E15595,D20
E15596,D14
E15597,D18
E15598,D04
E15599,D09
E15600,D04
E15601,D03
E15602,D19
E15603,D01
E15604,D13
E15605,D07
E15606,D11
E15607,D14
E15608,D05
E15609,D05
E15610,D15
E15611,D08
E15612,D18
E15613,D10
E15614,D08
E15615,D04
E15616,D07
E15617,D01
E15618,D15
E15619,D16
E15620,D07
E15621,D19
E15622,D08
E15623,D09
E15624,D07
E15625,D02
E15626,D20
E15627,D13
E15628,D01
E15629,D19
E15630,D03
E15631,D13
E15632,D03
E15633,D18
E15634,D05
E15635,D08
E15636,D15
E15637,D03
E15638,D20
E15639,D10
E15640,D11
E15641,D11
E15642,D05
E15643,D20
E15644,D13
E15645,D17
E15646,D13
E15647,D02
E15648,D08
E15649,D04
E15650,D10
E15651,D05
E15652,D15
E15653,D15
E15654,D01
E15655,D09
E15656,D10
E15657,D20
E15658,D20
E15659,D12
E15660,D05
E15661,D16
E15662,D20
E15663,D17
E15664,D14
E15665,D16
E15666,D16
E15667,D20
E15668,D08
E15669,D04
E15670,D10
E15671,D12
E15672,D08
E15673,D11
E15674,D04
E15675,D01
E15676,D06
E15677,D12
E15678,D06
E15679,D02
E15680,D05
E15681,D11
E15682,D07
E15683,D18
E15684,D04
E15685,D19
E15686,D17
E15687,D04
E15688,D14
E15689,D15
E15690,D19
E15691,D10
E15692,D09
E15693,D02
E15694,D14
E15695,D01
E15696,D05
E15697,D10
E15698,D18
E15699,D09
E15700,D02
E15701,D12
E15702,D13
E15703,D01
E15704,D03
E15705,D07
E15706,D06
E15707,D20
E15708,D19
E15709,D13
E15710,D02
E15711,D01
E15712,D15
E15713,D16
E15714,D12
E15715,D03
E15716,D02
E15717,D18
E15718,D04
E15719,D09
E15720,D01
E15721,D04
E15722,D20
E15723,D20
E15724,D04
E15725,D07
E15726,D06
E15727,D14
E15728,D12
E15729,D08
E15730,D08
E15731,D19
E15732,D16
E15733,D18
E15734,D15
E15735,D07
E15736,D05
E15737,D09
E15738,D09
E15739,D14
E15740,D12
E15741,D18
E15742,D10
E15743,D10
E15744,D08
E15745,D10
E15746,D08
E15747,D17
E15748,D20
E15749,D05
E15750,D19
E15751,D08
E15752,D18
E15753,D06
E15754,D13
E15755,D18
E15756,D07
E15757,D20
E15758,D07
E15759,D13
E15760,D04
E15761,D17
E15762,D13
E15763,D17
E15764,D16
E15765,D07
E15766,D02
E15767,D17
E15768,D03
E15769,D06
E15770,D15
E15771,D07
E15772,D13
E15773,D07
E15774,D08
E15775,D14
E15776,D05
E15777,D08
E15778,D12
E15779,D13
E15780,D16
E15781,D18
E15782,D01
E15783,D02
E15784,D15
E15785,D11
E15786,D14
E15787,D13
E15788,D10
E15789,D06
E15790,D12
E15791,D18
E15792,D20
E15793,D03
E15794,D09
E15795,D13
E15796,D01
E15797,D15
E15798,D15
E15799,D01
E15800,D16
E15801,D01
E15802,D02
E15803,D15
E15804,D17
E15805,D18
E15806,D04
E15807,D20
E15808,D10
E15809,D02
E15810,D13
E15811,D14
E15812,D19
E15813,D11
E15814,D13
E15815,D05
E15816,D06
E15817,D17
E15818,D09
E15819,D04
E15820,D09
E15821,D16
E15822,D12
E15823,D15
E15824,D18
E15825,D08
E15826,D02
E15827,D11
E15828,D20
E15829,D20
E15830,D09
E15831,D01
E15832,D09
E15833,D14
E15834,D20
E15835,D08
E15836,D13
E15837,D06
E15838,D04
E15839,D14
E15840,D15
E15841,D18
E15842,D10
E15843,D12
E15844,D02
E15845,D03
E15846,D08
E15847,D02
E15848,D19
E15849,D03
E15850,D14
E15851,D13
E15852,D02
E15853,D05
E15854,D11
E15855,D01
E15856,D07
E15857,D14
E15858,D13
E15859,D06
E15860,D17
E15861,D07
E15862,D07
E15863,D15
E15864,D01
E15865,D16
E15866,D09
E15867,D08
E15868,D13
E15869,D18
E15870,D16
E15871,D15
E15872,D08
E15873,D06
E15874,D10
E15875,D09
E15876,D17
E15877,D12
E15878,D06
E15879,D08
E15880,D10
E15881,D07
E15882,D20
E15883,D17
E15884,D03
E15885,D15
E15886,D08
E15887,D15
E15888,D09
E15889,D02
E15890,D10
E15891,D14
E15892,D17
E15893,D16
E15894,D18
E15895,D15
E15896,D10
E15897,D06
E15898,D05
E15899,D16
E15900,D13
E15901,D18
E15902,D19
E15903,D13
E15904,D16
E15905,D10
E15906,D05
E15907,D01
E15908,D03
E15909,D09
E15910,D11
E15911,D10
E15912,D04
E15913,D18
E15914,D13
E15915,D05
E15916,D17
E15917,D15
E15918,D14
E15919,D09
E15920,D04
E15921,D15
E15922,D06
E15923,D20
E15924,D04
E15925,D19
E15926,D06
E15927,D16
E15928,D07
E15929,D11
E15930,D05
E15931,D12
E15932,D07
E15933,D09
E15934,D09
E15935,D09
E15936,D05
E15937,D01
E15938,D18
E15939,D05
E15940,D14
E15941,D06
E15942,D18
E15943,D01
E15944,D19
E15945,D08
E15946,D19
E15947,D13
E15948,D14
E15949,D07
E15950,D19
E15951,D07
E15952,D08
E15953,D08
E15954,D06
E15955,D10
E15956,D16
E15957,D03
E15958,D15
E15959,D12
E15960,D09
E15961,D14
E15962,D04
E15963,D07
E15964,D05
E15965,D13
E15966,D06
E15967,D01
E15968,D09
E15969,D17
E15970,D13
E15971,D20
E15972,D15
E15973,D12
E15974,D18
E15975,D18
E15976,D07
E15977,D04
E15978,D14
E15979,D19
E15980,D11
E15981,D17
E15982,D19
E15983,D10
E15984,D02
E15985,D16
E15986,D12
E15987,D01
E15988,D13
E15989,D14
E15990,D01
E15991,D02
E15992,D16
E15993,D15
E15994,D07
E15995,D10
E15996,D17
E15997,D04
E15998,D15
E15999,D06
E16000,D10
E16001,D16
E16002,D10
E16003,D17
E16004,D15
E16005,D02
E16006,D13
E16007,D06
E16008,D03
E16009,D19
E16010,D11
E16011,D03
E16012,D06
E16013,D07
E16014,D14
E16015,D14
E16016,D08
E16017,D14
E16018,D19
E16019,D20
E16020,D13
E16021,D12
E16022,D04
E16023,D14
E16024,D17
E16025,D02
E16026,D04
E16027,D01
E16028,D08
E16029,D05
E16030,D03
E16031,D07
E16032,D08
E16033,D12
E16034,D02
E16035,D18
E16036,D18
E16037,D14
E16038,D14
E16039,D03
E16040,D19
E16041,D11
E16042,D05
E16043,D05
E16044,D12
E16045,D06
E16046,D11
E16047,D06
E16048,D05
E16049,D05
E16050,D15
E16051,D15
E16052,D19
E16053,D05
E16054,D10
E16055,D11
E16056,D13
E16057,D03
E16058,D01
E16059,D13
E16060,D05
E16061,D18
E16062,D02
E16063,D16
E16064,D01
E16065,D03
E16066,D11
E16067,D06
E16068,D19
E16069,D02
E16070,D16
E16071,D16
E16072,D20
E16073,D03
E16074,D02
E16075,D10
E16076,D08
E16077,D04
E16078,D16
E16079,D05
E16080,D20
E16081,D11
E16082,D13
E16083,D14
E16084,D17
E16085,D12
E16086,D16
E16087,D19
E16088,D03
E16089,D15
E16090,D13
E16091,D06
E16092,D20
E16093,D03
E16094,D18
E16095,D02
E16096,D05
E16097,D13
E16098,D03
E16099,D06
E16100,D17
E16101,D03
E16102,D18
E16103,D06
E16104,D13
E16105,D14
E16106,D17
E16107,D14
E16108,D02
E16109,D13
E16110,D04
E16111,D15
E16112,D02
E16113,D17
E16114,D05
E16115,D10
E16116,D04
E16117,D06
E16118,D17
E16119,D14
E16120,D12
E16121,D13
E16122,D02
E16123,D07
E16124,D17
E16125,D19
E16126,D10
E16127,D04
E16128,D14
E16129,D15
E16130,D19
E16131,D14
E16132,D09
E16133,D12
E16134,D19
E16135,D20
E16136,D12
E16137,D11
E16138,D06
E16139,D19
E16140,D05
E16141,D17
E16142,D01
E16143,D10
E16144,D08
E16145,D03
E16146,D03
E16147,D01
E16148,D03
E16149,D03
E16150,D10
E16151,D15
E16152,D07
E16153,D13
E16154,D17
E16155,D18
E16156,D15
E16157,D12
E16158,D12
E16159,D07
E16160,D05
E16161,D08
E16162,D11
E16163,D12
E16164,D11
E16165,D01
E16166,D13
E16167,D19
E16168,D15
E16169,D06
E16170,D11
E16171,D04
E16172,D02
E16173,D17
E16174,D10
E16175,D08
E16176,D13
E16177,D18
E16178,D05
E16179,D05
E16180,D13
E16181,D17
E16182,D15
E16183,D20
E16184,D15
E16185,D16
E16186,D11
E16187,D19
E16188,D18
E16189,D01
E16190,D11
E16191,D05
E16192,D08
E16193,D10
E16194,D19
E16195,D09
E16196,D05
E16197,D19
E16198,D02
E16199,D11
E16200,D14
E16201,D09
E16202,D10
E16203,D14
E16204,D08
E16205,D08
E16206,D03
E16207,D14
E16208,D19
E16209,D08
E16210,D18
E16211,D13
E16212,D12
E16213,D05
E16214,D17
E16215,D06
E16216,D17
E16217,D06
E16218,D18
E16219,D02
E16220,D14
E16221,D01
E16222,D17
E16223,D08
E16224,D04
E16225,D16
E16226,D02
E16227,D19
E16228,D17
E16229,D11
E16230,D11
E16231,D18
E16232,D14
E16233,D09
E16234,D14
E16235,D06
E16236,D12
E16237,D09
E16238,D19
E16239,D15
E16240,D11
E16241,D08
E16242,D20
E16243,D03
E16244,D08
E16245,D13
E16246,D11
E16247,D01
E16248,D10
E16249,D17
E16250,D03
E16251,D05
E16252,D05
E16253,D05
E16254,D09
E16255,D08
E16256,D08
E16257,D03
E16258,D16
E16259,D09
E16260,D07
E16261,D20
E16262,D11
E16263,D03
E16264,D10
E16265,D01
E16266,D19
E16267,D04
E16268,D04
E16269,D18
E16270,D17
E16271,D09
E16272,D10
E16273,D16
E16274,D07
E16275,D15
E16276,D14
E16277,D12
E16278,D09
E16279,D11
E16280,D16
E16281,D01
E16282,D01
E16283,D14
E16284,D02
E16285,D10
E16286,D15
E16287,D13
E16288,D07
E16289,D10
E16290,D18
E16291,D16
E16292,D08
E16293,D07
E16294,D06
E16295,D13
E16296,D16
E16297,D07
E16298,D03
E16299,D17
E16300,D09
E16301,D19
E16302,D02
E16303,D14
E16304,D14
E16305,D06
E16306,D01
E16307,D06
E16308,D04
E16309,D17
E16310,D20
E16311,D10
E16312,D12
E16313,D14
E16314,D01
E16315,D12
E16316,D01
E16317,D06
E16318,D06
E16319,D10
E16320,D13
E16321,D08
E16322,D18
E16323,D06
E16324,D09
E16325,D01
E16326,D20
E16327,D03
E16328,D06
E16329,D02
E16330,D18
E16331,D14
E16332,D04
E16333,D14
E16334,D20
E16335,D06
E16336,D16
E16337,D12
E16338,D03
E16339,D16
E16340,D09
E16341,D14
E16342,D15
E16343,D02
E16344,D06
E16345,D17
E16346,D11
E16347,D12
E16348,D13
E16349,D06
E16350,D11
E16351,D14
E16352,D19
E16353,D04
E16354,D10
E16355,D11
E16356,D05
E16357,D10
E16358,D10
E16359,D03
E16360,D06
E16361,D20
E16362,D14
E16363,D18
E16364,D17
E16365,D12
E16366,D10
E16367,D01
E16368,D18
E16369,D13
E16370,D05
E16371,D13
E16372,D03
E16373,D05
E16374,D08
E16375,D03
E16376,D09
E16377,D16
E16378,D20
E16379,D02
E16380,D13
E16381,D05
E16382,D09
E16383,D10
E16384,D17
E16385,D07
E16386,D06
E16387,D20
E16388,D05
E16389,D10
E16390,D01
E16391,D15
E16392,D04
E16393,D19
E16394,D18
E16395,D12
E16396,D14
E16397,D13
E16398,D08
E16399,D18
E16400,D06
E16401,D19
E16402,D20
E16403,D12
E16404,D11
E16405,D02
E16406,D16
E16407,D06
E16408,D17
E16409,D15
E16410,D08
E16411,D20
E16412,D03
E16413,D18
E16414,D17
E16415,D03
E16416,D18
E16417,D12
E16418,D12
E16419,D06
E16420,D09
E16421,D12
E16422,D12
E16423,D14
E16424,D14
E16425,D03
E16426,D14
E16427,D20
E16428,D06
E16429,D04
E16430,D07
E16431,D04
E16432,D12
E16433,D20
E16434,D04
E16435,D20
E16436,D05
E16437,D17
E16438,D03
E16439,D01
E16440,D10
E16441,D06
E16442,D13
E16443,D11
E16444,D08
E16445,D08
E16446,D14
E16447,D08
E16448,D06
E16449,D01
E16450,D07
E16451,D09
E16452,D05
E16453,D10
E16454,D06
E16455,D06
E16456,D07
E16457,D13
E16458,D07
E16459,D12
E16460,D05
E16461,D01
E16462,D12
E16463,D09
E16464,D10
E16465,D10
E16466,D03
E16467,D17
E16468,D12
E16469,D10
E16470,D17
E16471,D19
E16472,D14
E16473,D20
E16474,D08
E16475,D01
E16476,D17
E16477,D13
E16478,D07
E16479,D12
E16480,D17
E16481,D15
E16482,D04
E16483,D10
E16484,D17
E16485,D01
E16486,D17
E16487,D12
E16488,D11
E16489,D14
E16490,D10
E16491,D12
E16492,D04
E16493,D06
E16494,D04
E16495,D14
E16496,D04
E16497,D03
E16498,D02
E16499,D05
E16500,D17
E16501,D20
E16502,D12
E16503,D06
E16504,D01
E16505,D16
E16506,D04
E16507,D11
E16508,D03
E16509,D01
E16510,D02
E16511,D13
E16512,D03
E16513,D15
E16514,D17
E16515,D17
E16516,D18
E16517,D01
E16518,D13
E16519,D10
E16520,D04
E16521,D06
E16522,D12
E16523,D05
E16524,D15
E16525,D11
E16526,D16
E16527,D11
E16528,D06
E16529,D12
E16530,D20
E16531,D15
E16532,D19
E16533,D13
E16534,D18
E16535,D03
E16536,D14
E16537,D02
E16538,D04
E16539,D01
E16540,D04
E16541,D03
E16542,D03
E16543,D10
E16544,D13
E16545,D11
E16546,D20
E16547,D20
E16548,D18
E16549,D07
E16550,D05
E16551,D17
E16552,D18
E16553,D02
E16554,D08
E16555,D19
E16556,D08
E16557,D10
E16558,D15
E16559,D12
E16560,D14
E16561,D09
E16562,D14
E16563,D15
E16564,D17
E16565,D20
E16566,D03
E16567,D07
E16568,D13
E16569,D13
E16570,D17
E16571,D12
E16572,D11
E16573,D02
E16574,D12
E16575,D09
E16576,D13
E16577,D04
E16578,D01
E16579,D07
E16580,D14
E16581,D18
E16582,D03
E16583,D08
E16584,D19
E16585,D08
E16586,D14
E16587,D05
E16588,D08
E16589,D10
E16590,D10
E16591,D16
E16592,D05
E16593,D12
E16594,D20
E16595,D03
E16596,D15
E16597,D10
E16598,D11
E16599,D08
E16600,D07
E16601,D06
E16602,D04
E16603,D01
E16604,D14
E16605,D17
E16606,D04
E16607,D18
E16608,D15
E16609,D14
E16610,D12
E16611,D18
E16612,D03
E16613,D07
E16614,D05
E16615,D20
E16616,D06
E16617,D10
E16618,D13
E16619,D10
E16620,D08
E16621,D12
E16622,D02
E16623,D13
E16624,D17
E16625,D17
E16626,D12
E16627,D09
E16628,D11
E16629,D04
E16630,D02
E16631,D17
E16632,D05
E16633,D17
E16634,D14
E16635,D08
E16636,D08
E16637,D06
E16638,D01
E16639,D16
E16640,D14
E16641,D04
E16642,D12
E16643,D17
E16644,D03
E16645,D05
E16646,D12
E16647,D16
E16648,D11
E16649,D07
E16650,D03
E16651,D09
E16652,D14
E16653,D15
E16654,D17
E16655,D11
E16656,D03
E16657,D10
E16658,D09
E16659,D18
E16660,D09
E16661,D11
E16662,D09
E16663,D04
E16664,D11
E16665,D19
E16666,D10
E16667,D16
E16668,D14
E16669,D16
E16670,D12
E16671,D02
E16672,D14
E16673,D17
E16674,D11
E16675,D04
E16676,D19
E16677,D14
E16678,D19
E16679,D13
E16680,D08
E16681,D09
E16682,D09
E16683,D06
E16684,D03
E16685,D09
E16686,D17
E16687,D20
E16688,D19
E16689,D07
E16690,D04
E16691,D14
E16692,D15
E16693,D06
E16694,D12
E16695,D04
E16696,D19
E16697,D18
E16698,D19
E16699,D08
E16700,D04
E16701,D04
E16702,D01
E16703,D11
E16704,D14
E16705,D14
E16706,D03
E16707,D04
E16708,D01
E16709,D03
E16710,D02
E16711,D20
E16712,D17
E16713,D14
E16714,D04
E16715,D02
E16716,D18
E16717,D06
E16718,D10
E16719,D11
E16720,D06
E16721,D02
E16722,D16
E16723,D10
E16724,D14
E16725,D08
E16726,D14
E16727,D07
E16728,D06
E16729,D04
E16730,D16
E16731,D06
E16732,D12
E16733,D12
E16734,D13
E16735,D16
E16736,D12
E16737,D19
E16738,D14
E16739,D09
E16740,D09
E16741,D12
E16742,D04
E16743,D09
E16744,D10
E16745,D03
E16746,D03
E16747,D06
E16748,D11
E16749,D08
E16750,D06
E16751,D15
E16752,D03
E16753,D15
E16754,D01
E16755,D16
E16756,D19
E16757,D07
E16758,D11
E16759,D16
E16760,D01
E16761,D03
E16762,D04
E16763,D13
E16764,D15
E16765,D05
E16766,D03
E16767,D20
E16768,D07
E16769,D10
E16770,D02
E16771,D11
E16772,D01
E16773,D17
E16774,D12
E16775,D11
E16776,D07
E16777,D12
E16778,D17
E16779,D02
E16780,D01
E16781,D20
E16782,D13
E16783,D10
E16784,D20
E16785,D05
E16786,D06
E16787,D15
E16788,D06
E16789,D15
E16790,D04
E16791,D01
E16792,D15
E16793,D12
E16794,D17
E16795,D20
E16796,D16
E16797,D07
E16798,D19
E16799,D17
E16800,D20
E16801,D01
E16802,D14
E16803,D15
E16804,D09
E16805,D01
E16806,D04
E16807,D14
E16808,D02
E16809,D01
E16810,D12
E16811,D03
E16812,D20
E16813,D08
E16814,D04
E16815,D05
E16816,D08
E16817,D06
E16818,D09
E16819,D09
E16820,D13
E16821,D16
E16822,D12
E16823,D01
E16824,D15
E16825,D20
E16826,D10
E16827,D18
E16828,D10
E16829,D07
E16830,D15
E16831,D16
E16832,D15
E16833,D19
E16834,D17
E16835,D11
E16836,D16
E16837,D03
E16838,D20
E16839,D03
E16840,D12
E16841,D19
E16842,D10
E16843,D02
E16844,D07
E16845,D20
E16846,D09
E16847,D05
E16848,D11
E16849,D17
E16850,D02
E16851,D19
E16852,D20
E16853,D09
E16854,D04
E16855,D17
E16856,D16
E16857,D05
E16858,D07
E16859,D06
E16860,D19
E16861,D01
E16862,D08
E16863,D13
E16864,D06
E16865,D19
E16866,D13
E16867,D14
E16868,D15
E16869,D04
E16870,D20
E16871,D11
E16872,D19
E16873,D18
E16874,D02
E16875,D20
E16876,D16
E16877,D11
E16878,D19
E16879,D08
E16880,D12
E16881,D11
E16882,D12
E16883,D14
E16884,D16
E16885,D11
E16886,D12
E16887,D17
E16888,D01
E16889,D08
E16890,D04
E16891,D09
E16892,D16
E16893,D01
E16894,D15
E16895,D11
E16896,D14
E16897,D14
E16898,D06
E16899,D06
E16900,D06
E16901,D06
E16902,D10
E16903,D20
E16904,D11
E16905,D17
E16906,D20
E16907,D20
E16908,D20
E16909,D05
E16910,D07
E16911,D09
E16912,D09
E16913,D18
E16914,D11
E16915,D19
E16916,D06
E16917,D07
E16918,D02
E16919,D11
E16920,D11
E16921,D12
E16922,D19
E16923,D03
E16924,D18
E16925,D18
E16926,D05
E16927,D15
E16928,D15
E16929,D03
E16930,D04
E16931,D20
E16932,D02
E16933,D07
E16934,D01
E16935,D05
E16936,D19
E16937,D18
E16938,D12
E16939,D15
E16940,D07
E16941,D05
E16942,D09
E16943,D18
E16944,D19
E16945,D12
E16946,D04
E16947,D04
E16948,D02
E16949,D14
E16950,D07
E16951,D20
E16952,D16
E16953,D20
E16954,D13
E16955,D19
E16956,D04
E16957,D13
E16958,D13
E16959,D11
E16960,D04
E16961,D13
E16962,D13
E16963,D02
E16964,D10
E16965,D16
E16966,D06
E16967,D02
E16968,D08
E16969,D18
E16970,D15
E16971,D16
E16972,D16
E16973,D12
E16974,D13
E16975,D17
E16976,D14
E16977,D18
E16978,D17
E16979,D13
E16980,D19
E16981,D19
E16982,D08
E16983,D06
E16984,D05
E16985,D11
E16986,D02
E16987,D02
E16988,D18
E16989,D09
E16990,D15
E16991,D13
E16992,D06
E16993,D14
E16994,D07
E16995,D09
E16996,D06
E16997,D10
E16998,D10
E16999,D20
E17000,D09
E17001,D17
E17002,D20
E17003,D10
E17004,D05
E17005,D15
E17006,D16
E17007,D06
E17008,D14
E17009,D20
E17010,D08
E17011,D09
E17012,D12
E17013,D01
E17014,D19
E17015,D11
E17016,D13
E17017,D12
E17018,D19
E17019,D17
E17020,D14
E17021,D18
E17022,D18
E17023,D10
E17024,D02
E17025,D05
E17026,D18
E17027,D05
E17028,D03
E17029,D19
E17030,D12
E17031,D20
E17032,D03
E17033,D20
E17034,D05
E17035,D16
E17036,D07
E17037,D10
E17038,D06
E17039,D10
E17040,D03
E17041,D17
E17042,D10
E17043,D19
E17044,D12
E17045,D18
E17046,D18
E17047,D15
E17048,D10
E17049,D14
E17050,D16
E17051,D12
E17052,D15
E17053,D12
E17054,D09
E17055,D18
E17056,D04
E17057,D18
E17058,D05
E17059,D14
E17060,D04
E17061,D19
E17062,D07
E17063,D06
E17064,D04
E17065,D01
E17066,D07
E17067,D02
E17068,D16
E17069,D06
E17070,D12
E17071,D02
E17072,D12
E17073,D14
E17074,D01
E17075,D01
E17076,D09
E17077,D14
E17078,D01
E17079,D01
E17080,D15
E17081,D20
E17082,D16
E17083,D13
E17084,D13
E17085,D10
E17086,D19
E17087,D18
E17088,D13
E17089,D02
E17090,D02
E17091,D18
E17092,D04
E17093,D02
E17094,D02
E17095,D10
E17096,D03
E17097,D12
E17098,D01
E17099,D17
E17100,D19
E17101,D09
E17102,D20
E17103,D17
E17104,D10
E17105,D11
E17106,D02
E17107,D07
E17108,D05
E17109,D19
E17110,D12
E17111,D19
E17112,D14
E17113,D07
E17114,D10
E17115,D05
E17116,D06
E17117,D15
E17118,D07
E17119,D09
E17120,D17
E17121,D08
E17122,D04
E17123,D15
E17124,D02
E17125,D11
E17126,D02
E17127,D03
E17128,D07
E17129,D17
E17130,D08
E17131,D14
E17132,D18
E17133,D03
E17134,D05
E17135,D16
E17136,D12
E17137,D04
E17138,D20
E17139,D05
E17140,D18
E17141,D10
E17142,D11
E17143,D09
E17144,D16
E17145,D04
E17146,D16
E17147,D16
E17148,D20
E17149,D08
E17150,D12
E17151,D06
E17152,D08
E17153,D11
E17154,D10
E17155,D09
E17156,D06
E17157,D10
E17158,D16
E17159,D12
E17160,D10
E17161,D01
E17162,D07
E17163,D06
E17164,D11
E17165,D06
E17166,D11
E17167,D14
E17168,D20
E17169,D01
E17170,D17
E17171,D06
E17172,D03
E17173,D12
E17174,D15
E17175,D05
E17176,D06
E17177,D18
E17178,D16
E17179,D09
E17180,D03
E17181,D17
E17182,D18
E17183,D19
E17184,D03
E17185,D15
E17186,D14
E17187,D01
E17188,D03
E17189,D01
E17190,D16
E17191,D12
E17192,D01
E17193,D05
E17194,D01
E17195,D10
E17196,D06
E17197,D05
E17198,D04
E17199,D13
E17200,D09
E17201,D07
E17202,D13
E17203,D05
E17204,D12
E17205,D02
E17206,D02
E17207,D08
E17208,D09
E17209,D14
E17210,D12
E17211,D18
E17212,D15
E17213,D17
E17214,D07
E17215,D01
E17216,D12
E17217,D19
E17218,D09
E17219,D14
E17220,D16
E17221,D19
E17222,D10
E17223,D10
E17224,D06
E17225,D01
E17226,D07
E17227,D06
E17228,D02
E17229,D14
E17230,D09
E17231,D14
E17232,D03
E17233,D13
E17234,D16
E17235,D11
E17236,D12
E17237,D16
E17238,D11
E17239,D07
E17240,D10
E17241,D16
E17242,D07
E17243,D03
E17244,D04
E17245,D18
E17246,D13
E17247,D17
E17248,D17
E17249,D04
E17250,D08
E17251,D03
E17252,D03
E17253,D16
E17254,D19
E17255,D15
E17256,D10
E17257,D18
E17258,D16
E17259,D15
E17260,D05
E17261,D12
E17262,D08
E17263,D17
E17264,D20
E17265,D07
E17266,D18
E17267,D17
E17268,D13
E17269,D19
E17270,D04
E17271,D19
E17272,D10
E17273,D13
E17274,D15
E17275,D06
E17276,D09
E17277,D04
E17278,D04
E17279,D11
E17280,D08
E17281,D18
E17282,D19
E17283,D03
E17284,D04
E17285,D01
E17286,D01
E17287,D10
E17288,D04
E17289,D17
E17290,D03
E17291,D04
E17292,D19
E17293,D16
E17294,D01
E17295,D07
E17296,D11
E17297,D14
E17298,D02
E17299,D09
E17300,D09
E17301,D16
E17302,D16
E17303,D20
E17304,D19
E17305,D04
E17306,D15
E17307,D04
E17308,D01
E17309,D18
E17310,D13
E17311,D01
E17312,D14
E17313,D14
E17314,D07
E17315,D06
E17316,D05
E17317,D10
E17318,D07
E17319,D04
E17320,D13
E17321,D10
E17322,D12
E17323,D04
E17324,D06
E17325,D15
E17326,D03
E17327,D04
E17328,D07
E17329,D03
E17330,D16
E17331,D05
E17332,D20
E17333,D09
E17334,D04
E17335,D15
E17336,D04
E17337,D20
E17338,D15
E17339,D07
E17340,D20
E17341,D07
E17342,D05
E17343,D01
E17344,D15
E17345,D02
E17346,D11
E17347,D03
E17348,D20
E17349,D09
E17350,D17
E17351,D16
E17352,D14
E17353,D11
E17354,D01
E17355,D01
E17356,D08
E17357,D04
E17358,D08
E17359,D10
E17360,D05
E17361,D04
E17362,D09
E17363,D20
E17364,D07
E17365,D20
E17366,D05
E17367,D07
E17368,D15
E17369,D20
E17370,D02
E17371,D17
E17372,D05
E17373,D02
E17374,D04
E17375,D01
E17376,D08
E17377,D06
E17378,D07
E17379,D14
E17380,D14
E17381,D05
E17382,D05
E17383,D02
E17384,D06
E17385,D09
E17386,D20
E17387,D16
E17388,D11
E17389,D11
E17390,D05
E17391,D17
E17392,D02
E17393,D07
E17394,D16
E17395,D17
E17396,D15
E17397,D05
E17398,D04
E17399,D01
E17400,D01
E17401,D03
E17402,D12
E17403,D15
E17404,D08
E17405,D01
E17406,D16
E17407,D09
E17408,D07
E17409,D01
E17410,D08
E17411,D08
E17412,D14
E17413,D20
E17414,D19
E17415,D06
E17416,D03
E17417,D14
E17418,D04
E17419,D11
E17420,D10
E17421,D17
E17422,D09
E17423,D08
E17424,D17
E17425,D01
E17426,D18
E17427,D05
E17428,D07
E17429,D03
E17430,D15
E17431,D17
E17432,D19
E17433,D12
E17434,D07
E17435,D10
E17436,D11
E17437,D13
E17438,D13
E17439,D01
E17440,D04
E17441,D09
E17442,D09
E17443,D16
E17444,D09
E17445,D11
E17446,D19
E17447,D16
E17448,D14
E17449,D02
E17450,D05
E17451,D04
E17452,D17
E17453,D13
E17454,D19
E17455,D01
E17456,D03
E17457,D14
E17458,D11
E17459,D14
E17460,D05
E17461,D20
E17462,D01
E17463,D08
E17464,D03
E17465,D18
E17466,D13
E17467,D13
E17468,D10
E17469,D07
E17470,D11
E17471,D13
E17472,D16
E17473,D08
E17474,D18
E17475,D15
E17476,D14
E17477,D14
E17478,D10
E17479,D01
E17480,D12
E17481,D02
E17482,D01
E17483,D10
E17484,D06
E17485,D15
E17486,D12
E17487,D13
E17488,D10
E17489,D15
E17490,D16
E17491,D10
E17492,D14
E17493,D09
E17494,D04
E17495,D04
E17496,D04
E17497,D02
E17498,D11
E17499,D05
E17500,D14
E17501,D14
E17502,D08
E17503,D01
E17504,D10
E17505,D11
E17506,D17
E17507,D04
E17508,D13
E17509,D09
E17510,D13
E17511,D02
E17512,D02
E17513,D02
E17514,D06
E17515,D08
E17516,D20
E17517,D09
E17518,D17
E17519,D19
E17520,D04
E17521,D12
E17522,D13
E17523,D15
E17524,D05
E17525,D20
E17526,D07
E17527,D08
E17528,D13
E17529,D05
E17530,D06
E17531,D08
E17532,D09
E17533,D16
E17534,D06
E17535,D16
E17536,D02
E17537,D02
E17538,D04
E17539,D11
E17540,D04
E17541,D07
E17542,D14
E17543,D05
E17544,D17
E17545,D06
E17546,D07
E17547,D10
E17548,D16
E17549,D07
E17550,D09
E17551,D18
E17552,D09
E17553,D19
E17554,D10
E17555,D04
E17556,D20
E17557,D05
E17558,D10
E17559,D16
E17560,D19
E17561,D15
E17562,D16
E17563,D05
E17564,D08
E17565,D07
E17566,D14
E17567,D14
E17568,D04
E17569,D16
E17570,D08
E17571,D04
E17572,D09
E17573,D07
E17574,D14
E17575,D15
E17576,D09
E17577,D03
E17578,D10
E17579,D15
E17580,D05
E17581,D05
E17582,D03
E17583,D02
E17584,D02
E17585,D18
E17586,D09
E17587,D17
E17588,D08
E17589,D20
E17590,D05
E17591,D11
E17592,D15
E17593,D05
E17594,D10
E17595,D08
E17596,D08
E17597,D03
E17598,D01
E17599,D17
E17600,D05
E17601,D11
E17602,D02
E17603,D11
E17604,D08
E17605,D19
E17606,D06
E17607,D11
E17608,D20
E17609,D17
E17610,D17
E17611,D19
E17612,D04
E17613,D02
E17614,D03
E17615,D06
E17616,D14
E17617,D03
E17618,D07
E17619,D05
E17620,D16
E17621,D06
E17622,D09
E17623,D16
E17624,D10
E17625,D13
E17626,D10
E17627,D19
E17628,D16
E17629,D12
E17630,D17
E17631,D12
E17632,D04
E17633,D20
E17634,D15
E17635,D09
E17636,D01
E17637,D11
E17638,D19
E17639,D10
E17640,D01
E17641,D20
E17642,D16
E17643,D07
E17644,D04
E17645,D19
E17646,D08
E17647,D14
E17648,D14
E17649,D10
E17650,D06
E17651,D16
E17652,D14
E17653,D19
E17654,D10
E17655,D02
E17656,D13
E17657,D15
E17658,D08
E17659,D16
E17660,D13
E17661,D17
E17662,D09
E17663,D12
E17664,D04
E17665,D07
E17666,D17
E17667,D03
E17668,D20
E17669,D17
E17670,D18
E17671,D01
E17672,D17
E17673,D15
E17674,D20
E17675,D20
E17676,D06
E17677,D18
E17678,D13
E17679,D13
E17680,D19
E17681,D03
E17682,D04
E17683,D16
E17684,D10
E17685,D10
E17686,D04
E17687,D07
E17688,D12
E17689,D05
E17690,D16
E17691,D16
E17692,D12
E17693,D04
E17694,D12
E17695,D01
E17696,D02
E17697,D08
E17698,D09
E17699,D17
E17700,D17
E17701,D18
E17702,D10
E17703,D03
E17704,D07
E17705,D07
E17706,D18
E17707,D10
E17708,D16
E17709,D07
E17710,D04
E17711,D14
E17712,D17
E17713,D20
E17714,D20
E17715,D02
E17716,D01
E17717,D02
E17718,D10
E17719,D12
E17720,D19
E17721,D01
E17722,D04
E17723,D19
E17724,D12
E17725,D08
E17726,D09
E17727,D18
E17728,D19
E17729,D03
E17730,D03
E17731,D03
E17732,D14
E17733,D14
E17734,D20
E17735,D01
E17736,D13
E17737,D18
E17738,D16
E17739,D04
E17740,D08
E17741,D17
E17742,D04
E17743,D13
E17744,D10
E17745,D16
E17746,D02
E17747,D16
E17748,D16
E17749,D10
E17750,D13
E17751,D17
E17752,D10
E17753,D08
E17754,D08
E17755,D16
E17756,D04
E17757,D01
E17758,D04
E17759,D13
E17760,D11
E17761,D20
E17762,D14
E17763,D04
E17764,D18
E17765,D09
E17766,D08
E17767,D17
E17768,D18
E17769,D18
E17770,D16
E17771,D08
E17772,D10
E17773,D01
E17774,D14
E17775,D01
E17776,D19
E17777,D03
E17778,D12
E17779,D09
E17780,D09
E17781,D03
E17782,D02
E17783,D16
E17784,D05
E17785,D11
E17786,D20
E17787,D05
E17788,D07
E17789,D15
E17790,D11
E17791,D18
E17792,D01
E17793,D16
E17794,D17
E17795,D02
E17796,D03
E17797,D02
E17798,D11
E17799,D17
E17800,D09
E17801,D10
E17802,D13
E17803,D01
E17804,D03
E17805,D05
E17806,D14
E17807,D04
E17808,D04
E17809,D17
E17810,D17
E17811,D05
E17812,D06
E17813,D03
E17814,D13
E17815,D17
E17816,D20
E17817,D09
E17818,D12
E17819,D16
E17820,D06
E17821,D03
E17822,D10
E17823,D02
E17824,D05
E17825,D06
E17826,D08
E17827,D20
E17828,D14
E17829,D10
E17830,D08
E17831,D08
E17832,D14
E17833,D01
E17834,D06
E17835,D08
E17836,D11
E17837,D01
E17838,D17
E17839,D09
E17840,D09
E17841,D13
E17842,D06
E17843,D09
E17844,D16
E17845,D08
E17846,D05
E17847,D11
E17848,D17
E17849,D15
E17850,D03
E17851,D06
E17852,D17
E17853,D12
E17854,D19
E17855,D10
E17856,D16
E17857,D13
E17858,D20
E17859,D07
E17860,D09
E17861,D12
E17862,D05
E17863,D14
E17864,D07
E17865,D16
E17866,D18
E17867,D14
E17868,D18
E17869,D04
E17870,D12
E17871,D06
E17872,D05
E17873,D18
E17874,D18
E17875,D07
E17876,D18
E17877,D10
E17878,D14
E17879,D11
E17880,D04
E17881,D03
E17882,D01
E17883,D09
E17884,D13
E17885,D06
E17886,D01
E17887,D15
E17888,D10
E17889,D14
E17890,D04
E17891,D13
E17892,D01
E17893,D07
E17894,D03
E17895,D07
E17896,D06
E17897,D18
E17898,D06
E17899,D04
E17900,D11
E17901,D08
E17902,D10
E17903,D01
E17904,D11
E17905,D14
E17906,D05
E17907,D14
E17908,D06
E17909,D06
E17910,D02
E17911,D12
E17912,D15
E17913,D13
E17914,D07
E17915,D17
E17916,D14
E17917,D06
E17918,D11
E17919,D11
E17920,D14
E17921,D01
E17922,D08
E17923,D20
E17924,D16
E17925,D03
E17926,D04
E17927,D14
E17928,D19
E17929,D20
E17930,D19
E17931,D05
E17932,D18
E17933,D12
E17934,D17
E17935,D11
E17936,D13
E17937,D03
E17938,D05
E17939,D08
E17940,D18
E17941,D05
E17942,D03
E17943,D02
E17944,D05
E17945,D17
E17946,D03
E17947,D07
E17948,D18
E17949,D13
E17950,D17
E17951,D20
E17952,D04
E17953,D09
E17954,D18
E17955,D03
E17956,D17
E17957,D02
E17958,D12
E17959,D15
E17960,D15
E17961,D19
E17962,D04
E17963,D19
E17964,D08
E17965,D17
E17966,D04
E17967,D07
E17968,D19
E17969,D04
E17970,D12
E17971,D05
E17972,D10
E17973,D05
E17974,D05
E17975,D06
E17976,D09
E17977,D17
E17978,D05
E17979,D17
E17980,D03
E17981,D14
E17982,D11
E17983,D09
E17984,D16
E17985,D16
E17986,D15
E17987,D05
E17988,D02
E17989,D08
E17990,D13
E17991,D16
E17992,D12
E17993,D20
E17994,D19
E17995,D01
E17996,D13
E17997,D05
E17998,D02
E17999,D07
E18000,D17
E18001,D06
E18002,D02
E18003,D03
E18004,D07
E18005,D01
E18006,D18
E18007,D06
E18008,D04
E18009,D03
E18010,D18
E18011,D20
E18012,D13
E18013,D13
E18014,D05
E18015,D07
E18016,D06
E18017,D12
E18018,D02
E18019,D11
E18020,D09
E18021,D16
E18022,D17
E18023,D19
E18024,D10
E18025,D07
E18026,D20
E18027,D18
E18028,D09
E18029,D14
E18030,D20
E18031,D11
E18032,D10
E18033,D10
E18034,D13
E18035,D19
E18036,D15
E18037,D02
E18038,D15
E18039,D14
E18040,D09
E18041,D09
E18042,D09
E18043,D10
E18044,D18
E18045,D16
E18046,D13
E18047,D09
E18048,D11
E18049,D07
E18050,D17
E18051,D12
E18052,D03
E18053,D18
E18054,D18
E18055,D04
E18056,D19
E18057,D17
E18058,D18
E18059,D14
E18060,D03
E18061,D04
E18062,D10
E18063,D03
E18064,D16
E18065,D15
E18066,D06
E18067,D18
E18068,D18
E18069,D15
E18070,D17
E18071,D07
E18072,D10
E18073,D10
E18074,D13
E18075,D02
E18076,D05
E18077,D13
E18078,D02
E18079,D19
E18080,D10
E18081,D17
E18082,D19
E18083,D02
E18084,D15
E18085,D03
E18086,D08
E18087,D04
E18088,D06
E18089,D06
E18090,D18
E18091,D20
E18092,D05
E18093,D15
E18094,D07
E18095,D03
E18096,D18
E18097,D01
E18098,D03
E18099,D01
E18100,D11
E18101,D07
E18102,D08
E18103,D03
E18104,D20
E18105,D09
E18106,D06
E18107,D17
E18108,D10
E18109,D01
E18110,D12
E18111,D15
E18112,D08
E18113,D20
E18114,D10
E18115,D16
E18116,D05
E18117,D13
E18118,D17
E18119,D16
E18120,D01
E18121,D18
E18122,D05
E18123,D01
E18124,D15
E18125,D04
E18126,D13
E18127,D06
E18128,D17
E18129,D16
E18130,D10
E18131,D16
E18132,D13
E18133,D09
E18134,D04
E18135,D02
E18136,D06
E18137,D17
E18138,D03
E18139,D09
E18140,D02
E18141,D03
E18142,D15
E18143,D17
E18144,D09
E18145,D03
E18146,D05
E18147,D20
E18148,D15
E18149,D05
E18150,D09
E18151,D20
E18152,D12
E18153,D18
E18154,D07
E18155,D13
E18156,D13
E18157,D01
E18158,D08
E18159,D19
E18160,D01
E18161,D04
E18162,D08
E18163,D11
E18164,D14
E18165,D09
E18166,D11
E18167,D19
E18168,D15
E18169,D11
E18170,D02
E18171,D17
E18172,D20
E18173,D10
E18174,D18
E18175,D14
E18176,D10
E18177,D07
E18178,D11
E18179,D13
E18180,D09
E18181,D20
E18182,D20
E18183,D15
E18184,D15
E18185,D15
E18186,D20
E18187,D20
E18188,D16
E18189,D12
E18190,D05
E18191,D11
E18192,D16
E18193,D19
E18194,D10
E18195,D15
E18196,D02
E18197,D19
E18198,D03
E18199,D03
E18200,D13
E18201,D16
E18202,D06
E18203,D09
E18204,D17
E18205,D15
E18206,D03
E18207,D03
E18208,D13
E18209,D18
E18210,D09
E18211,D05
E18212,D17
E18213,D12
E18214,D10
E18215,D16
E18216,D03
E18217,D17
E18218,D10
E18219,D01
E18220,D14
E18221,D11
E18222,D04
E18223,D08
E18224,D16
E18225,D12
E18226,D03
E18227,D18
E18228,D14
E18229,D11
E18230,D15
E18231,D12
E18232,D18
E18233,D07
E18234,D06
E18235,D19
E18236,D01
E18237,D06
E18238,D11
E18239,D10
E18240,D01
E18241,D19
E18242,D08
E18243,D20
E18244,D18
E18245,D15
E18246,D18
E18247,D09
E18248,D17
E18249,D10
E18250,D06
E18251,D01
E18252,D19
E18253,D20
E18254,D03
E18255,D14
E18256,D20
E18257,D19
E18258,D12
E18259,D19
E18260,D14
E18261,D11
E18262,D12
E18263,D13
E18264,D04
E18265,D16
E18266,D10
E18267,D11
E18268,D11
E18269,D16
E18270,D09
E18271,D04
E18272,D07
E18273,D08
E18274,D03
E18275,D19
E18276,D06
E18277,D05
E18278,D12
E18279,D04
E18280,D03
E18281,D02
E18282,D13
E18283,D15
E18284,D16
E18285,D05
E18286,D16
E18287,D09
E18288,D16
E18289,D12
E18290,D17
E18291,D10
E18292,D03
E18293,D18
E18294,D03
E18295,D19
E18296,D17
E18297,D18
E18298,D10
E18299,D02
E18300,D12
E18301,D05
E18302,D04
E18303,D09
E18304,D10
E18305,D17
E18306,D09
E18307,D18
E18308,D03
E18309,D04
E18310,D08
E18311,D17
E18312,D06
E18313,D18
E18314,D09
E18315,D08
E18316,D11
E18317,D09
E18318,D02
E18319,D06
E18320,D11
E18321,D15
E18322,D04
E18323,D10
E18324,D09
E18325,D02
E18326,D08
E18327,D19
E18328,D03
E18329,D15
E18330,D10
E18331,D02
E18332,D20
E18333,D10
E18334,D11
E18335,D08
E18336,D09
E18337,D17
E18338,D14
E18339,D14
E18340,D18
E18341,D20
E18342,D08
E18343,D10
E18344,D10
E18345,D20
E18346,D14
E18347,D01
E18348,D10
E18349,D10
E18350,D02
E18351,D05
E18352,D09
E18353,D19
E18354,D05
E18355,D12
E18356,D09
E18357,D13
E18358,D18
E18359,D01
E18360,D13
E18361,D07
E18362,D07
E18363,D08
E18364,D12
E18365,D02
E18366,D06
E18367,D11
E18368,D01
E18369,D16
E18370,D14
E18371,D05
E18372,D16
E18373,D16
E18374,D02
E18375,D16
E18376,D17
E18377,D04
E18378,D01
E18379,D06
E18380,D12
E18381,D15
E18382,D12
E18383,D18
E18384,D07
E18385,D11
E18386,D16
E18387,D12
E18388,D03
E18389,D19
E18390,D16
E18391,D11
E18392,D20
E18393,D20
E18394,D17
E18395,D17
E18396,D04
E18397,D04
E18398,D09
E18399,D10
E18400,D19
E18401,D17
E18402,D05
E18403,D05
E18404,D04
E18405,D02
E18406,D12
E18407,D10
E18408,D02
E18409,D09
E18410,D11
E18411,D16
E18412,D07
E18413,D03
E18414,D20
E18415,D08
E18416,D15
E18417,D05
E18418,D14
E18419,D09
E18420,D08
E18421,D13
E18422,D10
E18423,D17
E18424,D01
E18425,D20
E18426,D11
E18427,D16
E18428,D14
E18429,D09
E18430,D18
E18431,D15
E18432,D20
E18433,D08
E18434,D14
E18435,D16
E18436,D04
E18437,D20
E18438,D03
E18439,D05
E18440,D11
E18441,D02
E18442,D09
E18443,D19
E18444,D17
E18445,D09
E18446,D03
E18447,D07
E18448,D04
E18449,D09
E18450,D14
E18451,D03
E18452,D01
E18453,D17
E18454,D03
E18455,D12
E18456,D02
E18457,D20
E18458,D03
E18459,D12
E18460,D03
E18461,D06
E18462,D20
E18463,D14
E18464,D12
E18465,D19
E18466,D17
E18467,D20
E18468,D17
E18469,D16
E18470,D02
E18471,D06
E18472,D16
E18473,D14
E18474,D11
E18475,D15
E18476,D14
E18477,D03
E18478,D18
E18479,D05
E18480,D12
E18481,D03
E18482,D06
E18483,D16
E18484,D02
E18485,D05
E18486,D16
E18487,D05
E18488,D05
E18489,D14
E18490,D18
E18491,D06
E18492,D06
E18493,D11
E18494,D07
E18495,D09
E18496,D07
E18497,D12
E18498,D11
E18499,D17
E18500,D13
E18501,D06
E18502,D16
E18503,D18
E18504,D11
E18505,D02
E18506,D16
E18507,D05
E18508,D15
E18509,D05
E18510,D06
E18511,D05
E18512,D10
E18513,D06
E18514,D12
E18515,D19
E18516,D17
E18517,D06
E18518,D12
E18519,D01
E18520,D03
E18521,D15
E18522,D08
E18523,D15
E18524,D20
E18525,D20
E18526,D20
E18527,D02
E18528,D16
E18529,D04
E18530,D18
E18531,D01
E18532,D11
E18533,D10
E18534,D19
E18535,D06
E18536,D18
E18537,D19
E18538,D16
E18539,D08
E18540,D20
E18541,D07
E18542,D15
E18543,D17
E18544,D02
E18545,D06
E18546,D04
E18547,D05
E18548,D10
E18549,D04
E18550,D02
E18551,D10
E18552,D13
E18553,D20
E18554,D06
E18555,D06
E18556,D04
E18557,D06
E18558,D11
E18559,D01
E18560,D08
E18561,D09
E18562,D17
E18563,D14
E18564,D18
E18565,D20
E18566,D10
E18567,D15
E18568,D04
E18569,D14
E18570,D20
E18571,D05
E18572,D08
E18573,D11
E18574,D17
E18575,D18
E18576,D18
E18577,D04
E18578,D11
E18579,D10
E18580,D09
E18581,D14
E18582,D16
E18583,D06
E18584,D02
E18585,D20
E18586,D15
E18587,D18
E18588,D14
E18589,D19
E18590,D07
E18591,D13
E18592,D19
E18593,D09
E18594,D08
E18595,D01
E18596,D20
E18597,D08
E18598,D09
E18599,D01
E18600,D03
E18601,D03
E18602,D11
E18603,D12
E18604,D14
E18605,D11
E18606,D16
E18607,D02
E18608,D17
E18609,D07
E18610,D03
E18611,D04
E18612,D05
E18613,D08
E18614,D02
E18615,D20
E18616,D06
E18617,D13
E18618,D03
E18619,D03
E18620,D02
E18621,D07
E18622,D03
E18623,D10
E18624,D03
E18625,D16
E18626,D14
E18627,D02
E18628,D15
E18629,D19
E18630,D06
E18631,D10
E18632,D19
E18633,D13
E18634,D13
E18635,D11
E18636,D09
E18637,D19
E18638,D14
E18639,D19
E18640,D11
E18641,D01
E18642,D05
E18643,D05
E18644,D03
E18645,D06
E18646,D10
E18647,D02
E18648,D08
E18649,D07
E18650,D10
E18651,D03
E18652,D06
E18653,D10
E18654,D06
E18655,D20
E18656,D19
E18657,D07
E18658,D07
E18659,D13
E18660,D04
E18661,D03
E18662,D04
E18663,D14
E18664,D01
E18665,D19
E18666,D02
E18667,D10
E18668,D13
E18669,D13
E18670,D10
E18671,D03
E18672,D14
E18673,D12
E18674,D06
E18675,D06
E18676,D02
E18677,D10
E18678,D11
E18679,D13
E18680,D03
E18681,D03
E18682,D18
E18683,D11
E18684,D20
E18685,D20
E18686,D04
E18687,D20
E18688,D20
E18689,D06
E18690,D14
E18691,D10
E18692,D02
E18693,D14
E18694,D08
E18695,D15
E18696,D02
E18697,D04
E18698,D06
E18699,D06
E18700,D13
E18701,D20
E18702,D15
E18703,D19
E18704,D14
E18705,D03
E18706,D20
E18707,D12
E18708,D09
E18709,D08
E18710,D09
E18711,D13
E18712,D10
E18713,D15
E18714,D03
E18715,D01
E18716,D11
E18717,D15
E18718,D03
E18719,D20
E18720,D15
E18721,D09
E18722,D12
E18723,D08
E18724,D19
E18725,D11
E18726,D14
E18727,D08
E18728,D09
E18729,D18
E18730,D01
E18731,D10
E18732,D11
E18733,D01
E18734,D13
E18735,D16
E18736,D20
E18737,D11
E18738,D15
E18739,D18
E18740,D03
E18741,D10
E18742,D03
E18743,D11
E18744,D20
E18745,D09
E18746,D20
E18747,D18
E18748,D20
E18749,D03
E18750,D07
E18751,D16
E18752,D08
E18753,D04
E18754,D14
E18755,D12
E18756,D03
E18757,D03
E18758,D19
E18759,D17
E18760,D15
E18761,D14
E18762,D14
E18763,D10
E18764,D14
E18765,D12
E18766,D18
E18767,D18
E18768,D16
E18769,D02
E18770,D07
E18771,D17
E18772,D09
E18773,D17
E18774,D09
E18775,D02
E18776,D09
E18777,D15
E18778,D02
E18779,D05
E18780,D13
E18781,D04
E18782,D07
E18783,D06
E18784,D18
E18785,D18
E18786,D10
E18787,D11
E18788,D12
E18789,D03
E18790,D05
E18791,D13
E18792,D05
E18793,D05
E18794,D06
E18795,D13
E18796,D16
E18797,D06
E18798,D17
E18799,D09
E18800,D08
E18801,D09
E18802,D07
E18803,D11
E18804,D20
E18805,D14
E18806,D15
E18807,D18
E18808,D09
E18809,D09
E18810,D12
E18811,D01
E18812,D03
E18813,D02
E18814,D01
E18815,D05
E18816,D05
E18817,D12
E18818,D19
E18819,D02
E18820,D16
E18821,D03
E18822,D06
E18823,D16
E18824,D09
E18825,D19
E18826,D19
E18827,D19
E18828,D20
E18829,D07
E18830,D04
E18831,D02
E18832,D09
E18833,D04
E18834,D04
E18835,D03
E18836,D05
E18837,D03
E18838,D05
E18839,D07
E18840,D19
E18841,D11
E18842,D04
E18843,D03
E18844,D01
E18845,D17
E18846,D11
E18847,D06
E18848,D08
E18849,D11
E18850,D20
E18851,D08
E18852,D07
E18853,D16
E18854,D16
E18855,D02
E18856,D14
E18857,D09
E18858,D06
E18859,D14
E18860,D12
E18861,D14
E18862,D08
E18863,D08
E18864,D13
E18865,D02
E18866,D03
E18867,D13
E18868,D10
E18869,D07
E18870,D10
E18871,D18
E18872,D17
E18873,D20
E18874,D11
E18875,D12
E18876,D09
E18877,D18
E18878,D08
E18879,D08
E18880,D08
E18881,D07
E18882,D07
E18883,D05
E18884,D05
E18885,D19
E18886,D04
E18887,D01
E18888,D04
E18889,D12
E18890,D08
E18891,D19
E18892,D16
E18893,D18
E18894,D12
E18895,D03
E18896,D19
E18897,D17
E18898,D12
E18899,D12
E18900,D17
E18901,D18
E18902,D17
E18903,D07
E18904,D18
E18905,D10
E18906,D04
E18907,D13
E18908,D02
E18909,D19
E18910,D18
E18911,D12
E18912,D13
E18913,D12
E18914,D20
E18915,D16
E18916,D16
E18917,D13
E18918,D09
E18919,D10
E18920,D08
E18921,D09
E18922,D16
E18923,D19
E18924,D08
E18925,D20
E18926,D16
E18927,D11
E18928,D02
E18929,D10
E18930,D12
E18931,D07
E18932,D09
E18933,D10
E18934,D14
E18935,D19
E18936,D02
E18937,D11
E18938,D05
E18939,D02
E18940,D11
E18941,D05
E18942,D08
E18943,D15
E18944,D17
E18945,D08
E18946,D01
E18947,D20
E18948,D20
E18949,D11
E18950,D04
E18951,D15
E18952,D17
E18953,D09
E18954,D01
E18955,D07
E18956,D14
E18957,D12
E18958,D17
E18959,D10
E18960,D09
E18961,D06
E18962,D13
E18963,D01
E18964,D17
E18965,D14
E18966,D09
E18967,D12
E18968,D05
E18969,D20
E18970,D12
E18971,D13
E18972,D10
E18973,D16
E18974,D12
E18975,D17
E18976,D19
E18977,D18
E18978,D20
E18979,D18
E18980,D16
E18981,D04
E18982,D08
E18983,D04
E18984,D11
E18985,D16
E18986,D01
E18987,D01
E18988,D10
E18989,D18
E18990,D14
E18991,D17
E18992,D13
E18993,D04
E18994,D01
E18995,D07
E18996,D09
E18997,D16
E18998,D12
E18999,D09
E19000,D07
E19001,D14
E19002,D09
E19003,D15
E19004,D07
E19005,D13
E19006,D05
E19007,D02
E19008,D19
E19009,D11
E19010,D04
E19011,D05
E19012,D06
E19013,D03
E19014,D02
E19015,D14
E19016,D18
E19017,D10
E19018,D03
E19019,D07
E19020,D09
E19021,D03
E19022,D09
E19023,D10
E19024,D13
E19025,D08
E19026,D18
E19027,D08
E19028,D09
E19029,D11
E19030,D15
E19031,D16
E19032,D14
E19033,D15
E19034,D06
E19035,D08
E19036,D09
E19037,D11
E19038,D09
E19039,D16
E19040,D16
E19041,D20
E19042,D05
E19043,D07
E19044,D13
E19045,D15
E19046,D14
E19047,D16
E19048,D16
E19049,D08
E19050,D02
E19051,D07
E19052,D15
E19053,D19
E19054,D03
E19055,D05
E19056,D18
E19057,D19
E19058,D11
E19059,D02
E19060,D05
E19061,D01
E19062,D19
E19063,D09
E19064,D11
E19065,D13
E19066,D09
E19067,D05
E19068,D16
E19069,D07
E19070,D02
E19071,D14
E19072,D15
E19073,D19
E19074,D17
E19075,D06
E19076,D03
E19077,D18
E19078,D12
E19079,D08
E19080,D13
E19081,D13
E19082,D16
E19083,D11
E19084,D11
E19085,D08
E19086,D11
E19087,D12
E19088,D03
E19089,D12
E19090,D14
E19091,D15
E19092,D02
E19093,D15
E19094,D05
E19095,D07
E19096,D07
E19097,D13
E19098,D12
E19099,D15
E19100,D13
E19101,D03
E19102,D05
E19103,D15
E19104,D12
E19105,D09
E19106,D10
E19107,D04
E19108,D18
E19109,D13
E19110,D08
E19111,D16
E19112,D07
E19113,D20
E19114,D04
E19115,D04
E19116,D11
E19117,D20
E19118,D19
E19119,D09
E19120,D13
E19121,D12
E19122,D05
E19123,D11
E19124,D10
E19125,D14
E19126,D05
E19127,D03
E19128,D20
E19129,D04
E19130,D06
E19131,D18
E19132,D11
E19133,D15
E19134,D02
E19135,D13
E19136,D04
E19137,D04
E19138,D20
E19139,D14
E19140,D02
E19141,D11
E19142,D09
E19143,D02
E19144,D04
E19145,D18
E19146,D10
E19147,D10
E19148,D06
E19149,D20
E19150,D16
E19151,D18
E19152,D11
E19153,D12
E19154,D07
E19155,D04
E19156,D17
E19157,D20
E19158,D16
E19159,D04
E19160,D17
E19161,D12
E19162,D11
E19163,D11
E19164,D06
E19165,D03
E19166,D12
E19167,D07
E19168,D10
E19169,D15
E19170,D12
E19171,D01
E19172,D10
E19173,D13
E19174,D03
E19175,D16
E19176,D08
E19177,D05
E19178,D03
E19179,D10
E19180,D15
E19181,D10
E19182,D04
E19183,D02
E19184,D18
E19185,D07
E19186,D07
E19187,D13
E19188,D06
E19189,D12
E19190,D11
E19191,D20
E19192,D11
E19193,D10
E19194,D19
E19195,D06
E19196,D17
E19197,D10
E19198,D14
E19199,D09
E19200,D13
E19201,D13
E19202,D06
E19203,D12
E19204,D12
E19205,D14
E19206,D03
E19207,D07
E19208,D04
E19209,D09
E19210,D05
E19211,D20
E19212,D09
E19213,D06
E19214,D02
E19215,D09
E19216,D09
E19217,D04
E19218,D05
E19219,D09
E19220,D08
E19221,D01
E19222,D19
E19223,D09
E19224,D11
E19225,D09
E19226,D14
E19227,D16
E19228,D10
E19229,D14
E19230,D11
E19231,D16
E19232,D07
E19233,D12
E19234,D11
E19235,D10
E19236,D17
E19237,D17
E19238,D19
E19239,D09
E19240,D13
E19241,D16
E19242,D13
E19243,D08
E19244,D13
E19245,D08
E19246,D08
E19247,D11
E19248,D12
E19249,D09
E19250,D10
E19251,D16
E19252,D05
E19253,D10
E19254,D08
E19255,D09
E19256,D15
E19257,D04
E19258,D19
E19259,D15
E19260,D05
E19261,D12
E19262,D20
E19263,D07
E19264,D07
E19265,D16
E19266,D13
E19267,D17
E19268,D01
E19269,D17
E19270,D15
E19271,D01
E19272,D14
E19273,D03
E19274,D10
E19275,D16
E19276,D03
E19277,D11
E19278,D18
E19279,D02
E19280,D10
E19281,D15
E19282,D20
E19283,D01
E19284,D01
E19285,D01
E19286,D17
E19287,D17
E19288,D17
E19289,D15
E19290,D12
E19291,D01
E19292,D18
E19293,D11
E19294,D07
E19295,D19
E19296,D10
E19297,D14
E19298,D14
E19299,D11
E19300,D09
E19301,D04
E19302,D12
E19303,D16
E19304,D05
E19305,D06
E19306,D16
E19307,D06
E19308,D10
E19309,D18
E19310,D12
E19311,D04
E19312,D18
E19313,D03
E19314,D11
E19315,D01
E19316,D11
E19317,D09
E19318,D03
E19319,D01
E19320,D19
E19321,D02
E19322,D13
E19323,D07
E19324,D04
E19325,D16
E19326,D06
E19327,D04
E19328,D11
E19329,D13
E19330,D15
E19331,D19
E19332,D08
E19333,D07
E19334,D19
E19335,D14
E19336,D05
E19337,D06
E19338,D20
E19339,D18
E19340,D03
E19341,D03
E19342,D05
E19343,D20
E19344,D16
E19345,D20
E19346,D02
E19347,D18
E19348,D08
E19349,D19
E19350,D19
E19351,D02
E19352,D08
E19353,D17
E19354,D10
E19355,D19
E19356,D15
E19357,D15
E19358,D12
E19359,D06
E19360,D12
E19361,D01
E19362,D01
E19363,D11
E19364,D02
E19365,D11
E19366,D08
E19367,D04
E19368,D10
E19369,D09
E19370,D08
E19371,D19
E19372,D10
E19373,D06
E19374,D16
E19375,D13
E19376,D02
E19377,D20
E19378,D04
E19379,D11
E19380,D14
E19381,D12
E19382,D08
E19383,D02
E19384,D16
E19385,D08
E19386,D20
E19387,D14
E19388,D03
E19389,D19
E19390,D02
E19391,D01
E19392,D14
E19393,D01
E19394,D09
E19395,D06
E19396,D18
E19397,D08
E19398,D10
E19399,D09
E19400,D16
E19401,D10
E19402,D03
E19403,D06
E19404,D13
E19405,D02
E19406,D19
E19407,D17
E19408,D17
E19409,D11
E19410,D20
E19411,D16
E19412,D04
E19413,D19
E19414,D18
E19415,D06
E19416,D13
E19417,D09
E19418,D11
E19419,D12
E19420,D10
E19421,D19
E19422,D19
E19423,D09
E19424,D05
E19425,D16
E19426,D07
E19427,D13
E19428,D07
E19429,D10
E19430,D02
E19431,D17
E19432,D06
E19433,D11
E19434,D10
E19435,D12
E19436,D16
E19437,D11
E19438,D09
E19439,D08
E19440,D09
E19441,D14
E19442,D10
E19443,D15
E19444,D18
E19445,D10
E19446,D08
E19447,D09
E19448,D09
E19449,D01
E19450,D08
E19451,D04
E19452,D05
E19453,D02
E19454,D10
E19455,D04
E19456,D08
E19457,D02
E19458,D08
E19459,D09
E19460,D13
E19461,D14
E19462,D02
E19463,D13
E19464,D09
E19465,D18
E19466,D19
E19467,D07
E19468,D06
E19469,D08
E19470,D13
E19471,D18
E19472,D08
E19473,D09
E19474,D14
E19475,D02
E19476,D09
E19477,D15
E19478,D19
E19479,D06
E19480,D14
E19481,D08
E19482,D06
E19483,D17
E19484,D06
E19485,D05
E19486,D01
E19487,D13
E19488,D18
E19489,D03
E19490,D12
E19491,D05
E19492,D04
E19493,D20
E19494,D15
E19495,D10
E19496,D06
E19497,D06
E19498,D13
E19499,D12
E19500,D12
E19501,D01
E19502,D14
E19503,D09
E19504,D04
E19505,D10
E19506,D16
E19507,D08
E19508,D08
E19509,D12
E19510,D09
E19511,D20
E19512,D18
E19513,D08
E19514,D20
E19515,D13
E19516,D11
E19517,D12
E19518,D07
E19519,D10
E19520,D12
E19521,D09
E19522,D05
E19523,D05
E19524,D04
E19525,D18
E19526,D01
E19527,D13
E19528,D17
E19529,D15
E19530,D17
E19531,D06
E19532,D20
E19533,D17
E19534,D07
E19535,D19
E19536,D02
E19537,D03
E19538,D15
E19539,D11
E19540,D09
E19541,D20
E19542,D20
E19543,D11
E19544,D08
E19545,D20
E19546,D03
E19547,D05
E19548,D19
E19549,D03
E19550,D02
E19551,D15
E19552,D07
E19553,D05
E19554,D10
E19555,D18
E19556,D01
E19557,D18
E19558,D08
E19559,D06
E19560,D10
E19561,D15
E19562,D13
E19563,D10
E19564,D10
E19565,D19
E19566,D11
E19567,D04
E19568,D05
E19569,D04
E19570,D10
E19571,D12
E19572,D04
E19573,D13
E19574,D18
E19575,D15
E19576,D20
E19577,D14
E19578,D14
E19579,D19
E19580,D15
E19581,D18
E19582,D07
E19583,D09
E19584,D04
E19585,D11
E19586,D02
E19587,D03
E19588,D15
E19589,D07
E19590,D12
E19591,D11
E19592,D16
E19593,D01
E19594,D12
E19595,D16
E19596,D06
E19597,D05
E19598,D06
E19599,D06
E19600,D18
E19601,D11
E19602,D11
E19603,D07
E19604,D09
E19605,D04
E19606,D02
E19607,D13
E19608,D07
E19609,D02
E19610,D19
E19611,D12
E19612,D11
E19613,D04
E19614,D01
E19615,D05
E19616,D05
E19617,D16
E19618,D04
E19619,D10
E19620,D11
E19621,D06
E19622,D13
E19623,D19
E19624,D13
E19625,D08
E19626,D14
E19627,D20
E19628,D08
E19629,D17
E19630,D07
E19631,D19
E19632,D17
E19633,D10
E19634,D08
E19635,D20
E19636,D09
E19637,D18
E19638,D14
E19639,D17
E19640,D02
E19641,D16
E19642,D20
E19643,D11
E19644,D08
E19645,D02
E19646,D04
E19647,D07
E19648,D03
E19649,D14
E19650,D12
E19651,D05
E19652,D17
E19653,D01
E19654,D14
E19655,D03
E19656,D05
E19657,D10
E19658,D10
E19659,D08
E19660,D04
E19661,D06
E19662,D18
E19663,D11
E19664,D08
E19665,D16
E19666,D15
E19667,D03
E19668,D01
E19669,D03
E19670,D04
E19671,D10
E19672,D11
E19673,D12
E19674,D01
E19675,D12
E19676,D20
E19677,D03
E19678,D10
E19679,D20
E19680,D03
E19681,D20
E19682,D05
E19683,D15
E19684,D20
E19685,D14
E19686,D18
E19687,D11
E19688,D11
E19689,D07
E19690,D14
E19691,D17
E19692,D11
E19693,D10
E19694,D08
E19695,D08
E19696,D19
E19697,D11
E19698,D14
E19699,D13
E19700,D15
E19701,D09
E19702,D18
E19703,D03
E19704,D18
E19705,D08
E19706,D05
E19707,D01
E19708,D03
E19709,D15
E19710,D12
E19711,D11
E19712,D09
E19713,D01
E19714,D11
E19715,D04
E19716,D20
E19717,D18
E19718,D06
E19719,D04
E19720,D10
E19721,D15
E19722,D04
E19723,D13
E19724,D06
E19725,D01
E19726,D18
E19727,D05
E19728,D07
E19729,D18
E19730,D02
E19731,D02
E19732,D05
E19733,D03
E19734,D18
E19735,D15
E19736,D16
E19737,D12
E19738,D12
E19739,D18
E19740,D06
E19741,D09
E19742,D08
E19743,D13
E19744,D09
E19745,D16
E19746,D10
E19747,D05
E19748,D17
E19749,D18
E19750,D05
E19751,D16
E19752,D19
E19753,D08
E19754,D04
E19755,D13
E19756,D20
E19757,D11
E19758,D12
E19759,D04
E19760,D06
E19761,D10
E19762,D09
E19763,D07
E19764,D11
E19765,D05
E19766,D03
E19767,D07
E19768,D02
E19769,D14
E19770,D12
E19771,D18
E19772,D20
E19773,D10
E19774,D17
E19775,D02
E19776,D16
E19777,D02
E19778,D07
E19779,D08
E19780,D08
E19781,D17
E19782,D14
E19783,D05
E19784,D01
E19785,D04
E19786,D10
E19787,D20
E19788,D20
E19789,D05
E19790,D20
E19791,D03
E19792,D06
E19793,D01
E19794,D17
E19795,D14
E19796,D18
E19797,D10
E19798,D03
E19799,D10
E19800,D19
E19801,D06
E19802,D18
E19803,D03
E19804,D18
E19805,D05
E19806,D06
E19807,D20
E19808,D06
E19809,D06
E19810,D13
E19811,D03
E19812,D07
E19813,D10
E19814,D20
E19815,D16
E19816,D03
E19817,D12
E19818,D14
E19819,D11
E19820,D15
E19821,D04
E19822,D08
E19823,D12
E19824,D04
E19825,D06
E19826,D13
E19827,D07
E19828,D15
E19829,D10
E19830,D19
E19831,D03
E19832,D05
E19833,D17
E19834,D12
E19835,D05
E19836,D01
E19837,D13
E19838,D20
E19839,D04
E19840,D08
E19841,D10
E19842,D14
E19843,D19
E19844,D18
E19845,D07
E19846,D12
E19847,D18
E19848,D06
E19849,D19
E19850,D14
E19851,D09
E19852,D14
E19853,D08
E19854,D01
E19855,D03
E19856,D06
E19857,D09
E19858,D20
E19859,D18
E19860,D20
E19861,D12
E19862,D18
E19863,D20
E19864,D05
E19865,D13
E19866,D11
E19867,D01
E19868,D04
E19869,D04
E19870,D10
E19871,D08
E19872,D11
E19873,D01
E19874,D09
E19875,D10
E19876,D14
E19877,D20
E19878,D18
E19879,D10
E19880,D16
E19881,D01
E19882,D10
E19883,D10
E19884,D19
E19885,D19
E19886,D02
E19887,D10
E19888,D08
E19889,D20
E19890,D04
E19891,D14
E19892,D16
E19893,D18
E19894,D01
E19895,D05
E19896,D20
E19897,D13
E19898,D06
E19899,D18
E19900,D05
E19901,D05
E19902,D02
E19903,D03
E19904,D13
E19905,D14
E19906,D14
E19907,D09
E19908,D06
E19909,D04
E19910,D16
E19911,D10
E19912,D17
E19913,D11
E19914,D07
E19915,D03
E19916,D01
E19917,D16
E19918,D10
E19919,D02
E19920,D14
E19921,D19
E19922,D07
E19923,D05
E19924,D02
E19925,D02
E19926,D01
E19927,D05
E19928,D04
E19929,D04
E19930,D01
E19931,D20
E19932,D10
E19933,D08
E19934,D20
E19935,D18
E19936,D05
E19937,D16
E19938,D07
E19939,D11
E19940,D06
E19941,D17
E19942,D04
E19943,D06
E19944,D03
E19945,D18
E19946,D03
E19947,D03
E19948,D17
E19949,D04
E19950,D05
E19951,D12
E19952,D20
E19953,D15
E19954,D14
E19955,D08
E19956,D09
E19957,D07
E19958,D09
E19959,D05
E19960,D01
E19961,D01
E19962,D14
E19963,D10
E19964,D19
E19965,D10
E19966,D11
E19967,D13
E19968,D18
E19969,D16
E19970,D14
E19971,D15
E19972,D08
E19973,D11
E19974,D09
E19975,D04
E19976,D02
E19977,D14
E19978,D05
E19979,D12
E19980,D13
E19981,D03
E19982,D15
E19983,D13
E19984,D10
E19985,D16
E19986,D02
E19987,D14
E19988,D06
E19989,D18
E19990,D19
E19991,D19
E19992,D02
E19993,D12
E19994,D06
E19995,D20
E19996,D07
E19997,D04
E19998,D13
E19999,D16
E20000,D03
E20001,D15
E20002,D02
E20003,D02
E20004,D16
E20005,D01
E20006,D02
E20007,D12
E20008,D06
E20009,D20
E20010,D09
E20011,D13
E20012,D03
E20013,D02
E20014,D05
E20015,D17
E20016,D10
E20017,D20
E20018,D01
E20019,D18
E20020,D13
E20021,D04
E20022,D17
E20023,D15
E20024,D17
E20025,D01
E20026,D17
E20027,D11
E20028,D05
E20029,D07
E20030,D20
E20031,D12
E20032,D13
E20033,D11
E20034,D03
E20035,D08
E20036,D06
E20037,D13
E20038,D12
E20039,D17
E20040,D15
E20041,D14
E20042,D02
E20043,D01
E20044,D06
E20045,D09
E20046,D11
E20047,D18
E20048,D01
E20049,D01
E20050,D08
E20051,D18
E20052,D01
E20053,D01
E20054,D13
E20055,D15
E20056,D09
E20057,D15
E20058,D15
E20059,D14
E20060,D02
E20061,D16
E20062,D09
E20063,D08
E20064,D18
E20065,D01
E20066,D12
E20067,D03
E20068,D17
E20069,D18
E20070,D18
E20071,D07
E20072,D17
E20073,D04
E20074,D05
E20075,D08
E20076,D10
E20077,D14
E20078,D19
E20079,D13
E20080,D07
E20081,D18
E20082,D15
E20083,D10
E20084,D14
E20085,D19
E20086,D11
E20087,D05
E20088,D17
E20089,D14
E20090,D02
E20091,D13
E20092,D01
E20093,D03
E20094,D12
E20095,D12
E20096,D08
E20097,D07
E20098,D13
E20099,D19
E20100,D09
E20101,D17
E20102,D08
E20103,D02
E20104,D13
E20105,D09
E20106,D07
E20107,D07
E20108,D05
E20109,D07
E20110,D13
E20111,D06
E20112,D09
E20113,D12
E20114,D09
E20115,D09
E20116,D04
E20117,D01
E20118,D03
E20119,D05
E20120,D06
E20121,D05
E20122,D04
E20123,D03
E20124,D10
E20125,D06
E20126,D16
E20127,D01
E20128,D16
E20129,D06
E20130,D09
E20131,D04
E20132,D10
E20133,D01
E20134,D10
E20135,D14
E20136,D19
E20137,D02
E20138,D19
E20139,D04
E20140,D07
E20141,D07
E20142,D17
E20143,D06
E20144,D20
E20145,D04
E20146,D17
E20147,D03
E20148,D09
E20149,D15
E20150,D18
E20151,D09
E20152,D08
E20153,D11
E20154,D19
E20155,D09
E20156,D06
E20157,D09
E20158,D15
E20159,D12
E20160,D04
E20161,D01
E20162,D06
E20163,D01
E20164,D03
E20165,D12
E20166,D08
E20167,D08
E20168,D17
E20169,D01
E20170,D13
E20171,D03
E20172,D04
E20173,D11
E20174,D02
E20175,D14
E20176,D09
E20177,D04
E20178,D08
E20179,D16
E20180,D16
E20181,D12
E20182,D04
E20183,D05
E20184,D17
E20185,D13
E20186,D01
E20187,D02
E20188,D15
E20189,D11
E20190,D17
E20191,D17
E20192,D11
E20193,D01
E20194,D15
E20195,D20
E20196,D20
E20197,D12
E20198,D14
E20199,D14
E20200,D07
E20201,D10
E20202,D09
E20203,D08
E20204,D13
E20205,D08
E20206,D02
E20207,D15
E20208,D05
E20209,D13
E20210,D02
E20211,D01
E20212,D14
E20213,D05
E20214,D11
E20215,D13
E20216,D13
E20217,D01
E20218,D20
E20219,D09
E20220,D09
E20221,D19
E20222,D12
E20223,D12
E20224,D01
E20225,D20
E20226,D17
E20227,D04
E20228,D13
E20229,D11
E20230,D12
E20231,D18
E20232,D18
E20233,D15
E20234,D06
E20235,D16
E20236,D10
E20237,D08
E20238,D14
E20239,D13
E20240,D09
E20241,D02
E20242,D06
E20243,D01
E20244,D12
E20245,D16
E20246,D08
E20247,D17
E20248,D16
E20249,D03
E20250,D02
E20251,D03
E20252,D15
E20253,D06
E20254,D05
E20255,D12
E20256,D15
E20257,D11
E20258,D13
E20259,D01
E20260,D16
E20261,D20
E20262,D17
E20263,D09
E20264,D13
E20265,D02
E20266,D06
E20267,D15
E20268,D06
E20269,D11
E20270,D01
E20271,D05
E20272,D17
E20273,D15
E20274,D01
E20275,D02
E20276,D01
E20277,D03
E20278,D01
E20279,D05
E20280,D06
E20281,D14
E20282,D07
E20283,D10
E20284,D09
E20285,D13
E20286,D17
E20287,D11
E20288,D18
E20289,D17
E20290,D20
E20291,D14
E20292,D08
E20293,D17
E20294,D07
E20295,D20
E20296,D11
E20297,D11
E20298,D02
E20299,D02
E20300,D17
E20301,D09
E20302,D01
E20303,D13
E20304,D05
E20305,D20
E20306,D18
E20307,D15
E20308,D04
E20309,D03
E20310,D06
E20311,D19
E20312,D09
E20313,D16
E20314,D15
E20315,D16
E20316,D05
E20317,D18
E20318,D15
E20319,D04
E20320,D08
E20321,D03
E20322,D20
E20323,D13
E20324,D17
E20325,D04
E20326,D04
E20327,D16
E20328,D09
E20329,D18
E20330,D11
E20331,D07
E20332,D03
E20333,D20
E20334,D01
E20335,D07
E20336,D06
E20337,D14
E20338,D11
E20339,D02
E20340,D04
E20341,D14
E20342,D20
E20343,D16
E20344,D10
E20345,D17
E20346,D15
E20347,D02
E20348,D13
E20349,D13
E20350,D18
E20351,D02
E20352,D20
E20353,D13
E20354,D15
E20355,D06
E20356,D11
E20357,D15
E20358,D14
E20359,D04
E20360,D19
E20361,D19
E20362,D01
E20363,D17
E20364,D12
E20365,D01
E20366,D17
E20367,D04
E20368,D11
E20369,D06
E20370,D04
E20371,D13
E20372,D08
E20373,D04
E20374,D14
E20375,D10
E20376,D17
E20377,D09
E20378,D12
E20379,D13
E20380,D15
E20381,D20
E20382,D04
E20383,D17
E20384,D02
E20385,D18
E20386,D10
E20387,D15
E20388,D15
E20389,D01
E20390,D06
E20391,D07
E20392,D02
E20393,D07
E20394,D08
E20395,D13
E20396,D11
E20397,D04
E20398,D06
E20399,D07
E20400,D18
E20401,D03
E20402,D20
E20403,D18
E20404,D09
E20405,D10
E20406,D14
E20407,D12
E20408,D15
E20409,D11
E20410,D16
E20411,D17
E20412,D01
E20413,D09
E20414,D06
E20415,D04
E20416,D16
E20417,D15
E20418,D11
E20419,D03
E20420,D17
E20421,D09
E20422,D06
E20423,D09
E20424,D10
E20425,D05
E20426,D18
E20427,D01
E20428,D13
E20429,D08
E20430,D09
E20431,D18
E20432,D04
E20433,D14
E20434,D18
E20435,D03
E20436,D19
E20437,D05
E20438,D18
E20439,D13
E20440,D05
E20441,D18
E20442,D20
E20443,D09
E20444,D08
E20445,D08
E20446,D06
E20447,D04
E20448,D06
E20449,D11
E20450,D19
E20451,D19
E20452,D09
E20453,D19
E20454,D15
E20455,D13
E20456,D20
E20457,D04
E20458,D17
E20459,D06
E20460,D14
E20461,D03
E20462,D06
E20463,D01
E20464,D09
E20465,D12
E20466,D16
E20467,D16
E20468,D05
E20469,D10
E20470,D03
E20471,D07
E20472,D15
E20473,D08
E20474,D10
E20475,D07
E20476,D10
E20477,D15
E20478,D05
E20479,D01
E20480,D02
E20481,D09
E20482,D17
E20483,D18
E20484,D11
E20485,D04
E20486,D11
E20487,D03
E20488,D12
E20489,D14
E20490,D14
E20491,D13
E20492,D10
E20493,D04
E20494,D17
E20495,D02
E20496,D04
E20497,D11
E20498,D20
E20499,D14
E20500,D06
E20501,D08
E20502,D03
E20503,D04
E20504,D03
E20505,D03
E20506,D01
E20507,D17
E20508,D14
E20509,D12
E20510,D03
E20511,D01
E20512,D17
E20513,D07
E20514,D19
E20515,D05
E20516,D18
E20517,D17
E20518,D18
E20519,D17
E20520,D03
E20521,D07
E20522,D08
E20523,D12
E20524,D16
E20525,D16
E20526,D09
E20527,D15
E20528,D20
E20529,D01
E20530,D16
E20531,D02
E20532,D04
E20533,D13
E20534,D20
E20535,D07
E20536,D01
E20537,D03
E20538,D17
E20539,D14
E20540,D06
E20541,D02
E20542,D15
E20543,D18
E20544,D09
E20545,D11
E20546,D16
E20547,D04
E20548,D19
E20549,D20
E20550,D05
E20551,D03
E20552,D15
E20553,D20
E20554,D02
E20555,D12
E20556,D14
E20557,D10
E20558,D06
E20559,D16
E20560,D10
E20561,D12
E20562,D15
E20563,D05
E20564,D05
E20565,D04
E20566,D01
E20567,D09
E20568,D07
E20569,D04
E20570,D10
E20571,D04
E20572,D20
E20573,D16
E20574,D07
E20575,D02
E20576,D20
E20577,D02
E20578,D10
E20579,D14
E20580,D03
E20581,D10
E20582,D20
E20583,D20
E20584,D10
E20585,D10
E20586,D05
E20587,D09
E20588,D16
E20589,D14
E20590,D09
E20591,D11
E20592,D13
E20593,D19
E20594,D15
E20595,D17
E20596,D08
E20597,D15
E20598,D16
E20599,D18
E20600,D10
E20601,D12
E20602,D18
E20603,D02
E20604,D20
E20605,D10
E20606,D07
E20607,D06
E20608,D19
E20609,D04
E20610,D19
E20611,D05
E20612,D20
E20613,D05
E20614,D08
E20615,D01
E20616,D04
E20617,D05
E20618,D08
E20619,D12
E20620,D08
E20621,D10
E20622,D08
E20623,D19
E20624,D01
E20625,D13
E20626,D02
E20627,D01
E20628,D08
E20629,D02
E20630,D08
E20631,D14
E20632,D16
E20633,D11
E20634,D12
E20635,D19
E20636,D15
E20637,D04
E20638,D09
E20639,D01
E20640,D07
E20641,D07
E20642,D06
E20643,D12
E20644,D16
E20645,D19
E20646,D15
E20647,D16
E20648,D08
E20649,D10
E20650,D20
E20651,D18
E20652,D12
E20653,D10
E20654,D06
E20655,D09
E20656,D15
E20657,D17
E20658,D04
E20659,D14
E20660,D17
E20661,D19
E20662,D01
E20663,D15
E20664,D14
E20665,D04
E20666,D09
E20667,D13
E20668,D18
E20669,D11
E20670,D17
E20671,D13
E20672,D03
E20673,D04
E20674,D20
E20675,D08
E20676,D04
E20677,D09
E20678,D01
E20679,D18
E20680,D06
E20681,D07
E20682,D20
E20683,D01
E20684,D04
E20685,D01
E20686,D01
E20687,D17
E20688,D12
E20689,D03
E20690,D12
E20691,D18
E20692,D19
E20693,D03
E20694,D20
E20695,D06
E20696,D19
E20697,D03
E20698,D05
E20699,D01
E20700,D04
E20701,D08
E20702,D19
E20703,D18
E20704,D15
E20705,D18
E20706,D13
E20707,D08
E20708,D16
E20709,D05
E20710,D18
E20711,D15
E20712,D10
E20713,D05
E20714,D18
E20715,D11
E20716,D10
E20717,D05
E20718,D16
E20719,D19
E20720,D08
E20721,D03
E20722,D03
E20723,D13
E20724,D03
E20725,D08
E20726,D20
E20727,D15
E20728,D18
E20729,D11
E20730,D03
E20731,D19
E20732,D08
E20733,D05
E20734,D14
E20735,D01
E20736,D08
E20737,D17
E20738,D14
E20739,D07
E20740,D18
E20741,D03
E20742,D07
E20743,D15
E20744,D02
E20745,D19
E20746,D10
E20747,D02
E20748,D03
E20749,D04
E20750,D13
E20751,D07
E20752,D13
E20753,D09
E20754,D19
E20755,D20
E20756,D13
E20757,D10
E20758,D17
E20759,D17
E20760,D12
E20761,D14
E20762,D20
E20763,D09
E20764,D17
E20765,D18
E20766,D16
E20767,D09
E20768,D07
E20769,D01
E20770,D08
E20771,D17
E20772,D20
E20773,D18
E20774,D16
E20775,D10
E20776,D18
E20777,D15
E20778,D04
E20779,D10
E20780,D09
E20781,D14
E20782,D08
E20783,D15
E20784,D07
E20785,D19
E20786,D12
E20787,D11
E20788,D16
E20789,D10
E20790,D03
E20791,D15
E20792,D11
E20793,D12
E20794,D10
E20795,D06
E20796,D15
E20797,D13
E20798,D02
E20799,D19
E20800,D10
E20801,D04
E20802,D05
E20803,D01
E20804,D03
E20805,D08
E20806,D12
E20807,D13
E20808,D04
E20809,D13
E20810,D04
E20811,D15
E20812,D20
E20813,D17
E20814,D05
E20815,D20
E20816,D20
E20817,D19
E20818,D03
E20819,D10
E20820,D06
E20821,D20
E20822,D17
E20823,D07
E20824,D04
E20825,D13
E20826,D14
E20827,D20
E20828,D18
E20829,D03
E20830,D01
E20831,D11
E20832,D06
E20833,D19
E20834,D11
E20835,D01
E20836,D19
E20837,D02
E20838,D04
E20839,D15
E20840,D09
E20841,D02
E20842,D20
E20843,D16
E20844,D15
E20845,D08
E20846,D07
E20847,D03
E20848,D01
E20849,D14
E20850,D16
E20851,D18
E20852,D04
E20853,D11
E20854,D11
E20855,D04
E20856,D15
E20857,D19
E20858,D17
E20859,D13
E20860,D01
E20861,D09
E20862,D05
E20863,D08
E20864,D04
E20865,D13
E20866,D08
E20867,D05
E20868,D11
E20869,D05
E20870,D16
E20871,D20
E20872,D20
E20873,D19
E20874,D11
E20875,D15
E20876,D02
E20877,D20
E20878,D01
E20879,D13
E20880,D12
E20881,D13
E20882,D18
E20883,D13
E20884,D13
E20885,D03
E20886,D18
E20887,D05
E20888,D03
E20889,D02
E20890,D03
E20891,D08
E20892,D17
E20893,D02
E20894,D19
E20895,D09
E20896,D01
E20897,D01
E20898,D13
E20899,D18
E20900,D11
E20901,D06
E20902,D17
E20903,D13
E20904,D07
E20905,D07
E20906,D07
E20907,D19
E20908,D18
E20909,D19
E20910,D17
E20911,D19
E20912,D09
E20913,D18
E20914,D05
E20915,D18
E20916,D14
E20917,D18
E20918,D20
E20919,D12
E20920,D04
E20921,D10
E20922,D11
E20923,D13
E20924,D09
E20925,D14
E20926,D20
E20927,D11
E20928,D13
E20929,D05
E20930,D11
E20931,D18
E20932,D08
E20933,D07
E20934,D09
E20935,D15
E20936,D06
E20937,D04
E20938,D04
E20939,D17
E20940,D10
E20941,D18
E20942,D11
E20943,D03
E20944,D07
E20945,D10
E20946,D16
E20947,D04
E20948,D11
E20949,D01
E20950,D01
E20951,D10
E20952,D13
E20953,D06
E20954,D08
E20955,D14
E20956,D15
E20957,D10
E20958,D07
E20959,D04
E20960,D14
E20961,D10
E20962,D08
E20963,D11
E20964,D02
E20965,D10
E20966,D17
E20967,D01
E20968,D07
E20969,D19
E20970,D02
E20971,D14
E20972,D11
E20973,D13
E20974,D09
E20975,D11
E20976,D17
E20977,D10
E20978,D14
E20979,D18
E20980,D11
E20981,D11
E20982,D06
E20983,D20
E20984,D14
E20985,D20
E20986,D06
E20987,D06
E20988,D16
E20989,D17
E20990,D16
E20991,D06
E20992,D15
E20993,D04
E20994,D12
E20995,D02
E20996,D06
E20997,D07
E20998,D07
E20999,D18
E21000,D17
E21001,D09
E21002,D16
E21003,D07
E21004,D05
E21005,D05
E21006,D10
E21007,D14
E21008,D07
E21009,D18
E21010,D12
E21011,D15
E21012,D09
E21013,D12
E21014,D12
E21015,D12
E21016,D03
E21017,D08
E21018,D07
E21019,D12
E21020,D12
E21021,D14
E21022,D19
E21023,D02
E21024,D13
E21025,D19
E21026,D04
E21027,D05
E21028,D17
E21029,D16
E21030,D14
E21031,D09
E21032,D08
E21033,D11
E21034,D01
E21035,D09
E21036,D14
E21037,D06
E21038,D13
E21039,D03
E21040,D05
E21041,D07
E21042,D05
E21043,D20
E21044,D02
E21045,D15
E21046,D17
E21047,D12
E21048,D10
E21049,D02
E21050,D03
E21051,D04
E21052,D08
E21053,D03
E21054,D04
E21055,D16
E21056,D19
E21057,D12
E21058,D18
E21059,D20
E21060,D12
E21061,D11
E21062,D15
E21063,D05
E21064,D13
E21065,D19
E21066,D04
E21067,D04
E21068,D05
E21069,D20
E21070,D14
E21071,D11
E21072,D03
E21073,D15
E21074,D04
E21075,D05
E21076,D07
E21077,D07
E21078,D01
E21079,D19
E21080,D11
E21081,D15
E21082,D05
E21083,D07
E21084,D02
E21085,D10
E21086,D08
E21087,D15
E21088,D15
E21089,D02
E21090,D01
E21091,D10
E21092,D06
E21093,D05
E21094,D09
E21095,D04
E21096,D12
E21097,D08
E21098,D13
E21099,D09
E21100,D07
E21101,D04
E21102,D16
E21103,D05
E21104,D18
E21105,D04
E21106,D03
E21107,D03
E21108,D03
E21109,D13
E21110,D17
E21111,D20
E21112,D16
E21113,D03
E21114,D14
E21115,D01
E21116,D07
E21117,D16
E21118,D12
E21119,D17
E21120,D18
E21121,D07
E21122,D18
E21123,D06
E21124,D02
E21125,D02
E21126,D14
E21127,D20
E21128,D11
E21129,D15
E21130,D04
E21131,D17
E21132,D11
E21133,D17
E21134,D16
E21135,D14
E21136,D04
E21137,D02
E21138,D10
E21139,D20
E21140,D11
E21141,D19
E21142,D05
E21143,D17
E21144,D13
E21145,D10
E21146,D04
E21147,D07
E21148,D05
E21149,D10
E21150,D01
E21151,D11
E21152,D13
E21153,D03
E21154,D14
E21155,D18
E21156,D08
E21157,D18
E21158,D12
E21159,D06
E21160,D11
E21161,D07
E21162,D16
E21163,D16
E21164,D06
E21165,D03
E21166,D01
E21167,D03
E21168,D04
E21169,D15
E21170,D16
E21171,D17
E21172,D04
E21173,D12
E21174,D09
E21175,D17
E21176,D03
E21177,D08
E21178,D01
E21179,D04
E21180,D01
E21181,D01
E21182,D08
E21183,D05
E21184,D10
E21185,D15
E21186,D04
E21187,D20
E21188,D19
E21189,D16
E21190,D10
E21191,D08
E21192,D05
E21193,D04
E21194,D12
E21195,D02
E21196,D19
E21197,D12
E21198,D15
E21199,D01
E21200,D01
E21201,D07
E21202,D12
E21203,D15
E21204,D18
E21205,D06
E21206,D19
E21207,D02
E21208,D06
E21209,D06
E21210,D18
E21211,D04
E21212,D04
E21213,D12
E21214,D12
E21215,D09
E21216,D08
E21217,D03
E21218,D10
E21219,D06
E21220,D16
E21221,D14
E21222,D11
E21223,D14
E21224,D15
E21225,D15
E21226,D15
E21227,D03
E21228,D11
E21229,D12
E21230,D05
E21231,D07
E21232,D01
E21233,D13
E21234,D01
E21235,D15
E21236,D19
E21237,D07
E21238,D13
E21239,D01
E21240,D13
E21241,D13
E21242,D11
E21243,D19
E21244,D16
E21245,D01
E21246,D18
E21247,D07
E21248,D11
E21249,D12
E21250,D16
E21251,D01
E21252,D15
E21253,D04
E21254,D07
E21255,D08
E21256,D18
E21257,D12
E21258,D01
E21259,D11
E21260,D13
E21261,D18
E21262,D15
E21263,D17
E21264,D02
E21265,D14
E21266,D08
E21267,D14
E21268,D13
E21269,D13
E21270,D03
E21271,D12
E21272,D03
E21273,D06
E21274,D17
E21275,D20
E21276,D18
E21277,D02
E21278,D03
E21279,D20
E21280,D03
E21281,D14
E21282,D16
E21283,D09
E21284,D04
E21285,D08
E21286,D03
E21287,D12
E21288,D12
E21289,D03
E21290,D19
E21291,D13
E21292,D04
E21293,D18
E21294,D16
E21295,D10
E21296,D06
E21297,D03
E21298,D01
E21299,D12
E21300,D07
E21301,D18
E21302,D02
E21303,D12
E21304,D08
E21305,D20
E21306,D17
E21307,D04
E21308,D12
E21309,D06
E21310,D05
E21311,D19
E21312,D03
E21313,D16
E21314,D15
E21315,D15
E21316,D13
E21317,D05
E21318,D05
E21319,D15
E21320,D11
E21321,D16
E21322,D13
E21323,D06
E21324,D10
E21325,D03
E21326,D16
E21327,D08
E21328,D06
E21329,D11
E21330,D05
E21331,D08
E21332,D11
E21333,D12
E21334,D09
E21335,D14
E21336,D14
E21337,D15
E21338,D13
E21339,D10
E21340,D03
E21341,D05
E21342,D10
E21343,D15
E21344,D13
E21345,D03
E21346,D11
E21347,D13
E21348,D08
E21349,D09
E21350,D07
E21351,D17
E21352,D01
E21353,D03
E21354,D10
E21355,D19
E21356,D10
E21357,D13
E21358,D12
E21359,D14
E21360,D07
E21361,D08
E21362,D15
E21363,D08
E21364,D16
E21365,D12
E21366,D14
E21367,D15
E21368,D10
E21369,D20
E21370,D10
E21371,D11
E21372,D01
E21373,D18
E21374,D10
E21375,D07
E21376,D19
E21377,D13
E21378,D02
E21379,D13
E21380,D05
E21381,D06
E21382,D01
E21383,D19
E21384,D04
E21385,D09
E21386,D16
E21387,D11
E21388,D17
E21389,D12
E21390,D19
E21391,D09
E21392,D15
E21393,D09
E21394,D08
E21395,D03
E21396,D14
E21397,D14
E21398,D11
E21399,D18
E21400,D08
E21401,D08
E21402,D10
E21403,D16
E21404,D13
E21405,D01
E21406,D09
E21407,D03
E21408,D05
E21409,D09
E21410,D11
E21411,D07
E21412,D18
E21413,D17
E21414,D14
E21415,D19
E21416,D03
E21417,D10
E21418,D07
E21419,D19
E21420,D16
E21421,D09
E21422,D15
E21423,D12
E21424,D05
E21425,D10
E21426,D08
E21427,D12
E21428,D19
E21429,D06
E21430,D02
E21431,D12
E21432,D17
E21433,D02
E21434,D20
E21435,D15
E21436,D17
E21437,D07
E21438,D04
E21439,D18
E21440,D20
E21441,D17
E21442,D08
E21443,D03
E21444,D13
E21445,D17
E21446,D11
E21447,D13
E21448,D17
E21449,D11
E21450,D10
E21451,D03
E21452,D17
E21453,D03
E21454,D08
E21455,D03
E21456,D08
E21457,D12
E21458,D02
E21459,D11
E21460,D14
E21461,D02
E21462,D20
E21463,D14
E21464,D09
E21465,D09
E21466,D02
E21467,D20
E21468,D17
E21469,D11
E21470,D09
E21471,D12
E21472,D07
E21473,D20
E21474,D03
E21475,D13
E21476,D14
E21477,D05
E21478,D15
E21479,D12
E21480,D17
E21481,D20
E21482,D19
E21483,D06
E21484,D02
E21485,D12
E21486,D05
E21487,D03
E21488,D11
E21489,D17
E21490,D02
E21491,D16
E21492,D10
E21493,D18
E21494,D02
E21495,D05
E21496,D02
E21497,D05
E21498,D13
E21499,D18
E21500,D03
E21501,D11
E21502,D10
E21503,D03
E21504,D16
E21505,D14
E21506,D13
E21507,D03
E21508,D06
E21509,D03
E21510,D14
E21511,D03
E21512,D04
E21513,D17
E21514,D13
E21515,D03
E21516,D06
E21517,D10
E21518,D17
E21519,D13
E21520,D03
E21521,D10
E21522,D04
E21523,D04
E21524,D11
E21525,D18
E21526,D07
E21527,D04
E21528,D12
E21529,D11
E21530,D04
E21531,D18
E21532,D01
E21533,D09
E21534,D14
E21535,D16
E21536,D11
E21537,D10
E21538,D13
E21539,D11
E21540,D13
E21541,D20
E21542,D17
E21543,D17
E21544,D08
E21545,D06
E21546,D06
E21547,D16
E21548,D05
E21549,D01
E21550,D03
E21551,D16
E21552,D12
E21553,D12
E21554,D19
E21555,D03
E21556,D01
E21557,D15
E21558,D09
E21559,D10
E21560,D02
E21561,D14
E21562,D09
E21563,D04
E21564,D20
E21565,D14
E21566,D16
E21567,D11
E21568,D17
E21569,D17
E21570,D18
E21571,D19
E21572,D10
E21573,D17
E21574,D19
E21575,D12
E21576,D14
E21577,D07
E21578,D17
E21579,D20
E21580,D18
E21581,D16
E21582,D13
E21583,D15
E21584,D08
E21585,D01
E21586,D01
E21587,D11
E21588,D11
E21589,D12
E21590,D16
E21591,D12
E21592,D06
E21593,D04
E21594,D04
E21595,D03
E21596,D09
E21597,D04
E21598,D06
E21599,D13
E21600,D13
E21601,D04
E21602,D20
E21603,D18
E21604,D04
E21605,D11
E21606,D01
E21607,D02
E21608,D15
E21609,D12
E21610,D04
E21611,D09
E21612,D16
E21613,D05
E21614,D13
E21615,D01
E21616,D04
E21617,D01
E21618,D09
E21619,D15
E21620,D12
E21621,D10
E21622,D13
E21623,D09
E21624,D16
E21625,D19
E21626,D18
E21627,D14
E21628,D18
E21629,D05
E21630,D10
E21631,D14
E21632,D07
E21633,D16
E21634,D07
E21635,D15
E21636,D10
E21637,D01
E21638,D15
E21639,D16
E21640,D20
E21641,D08
E21642,D11
E21643,D09
E21644,D06
E21645,D16
E21646,D09
E21647,D17
E21648,D05
E21649,D20
E21650,D05
E21651,D04
E21652,D11
E21653,D07
E21654,D16
E21655,D02
E21656,D03
E21657,D13
E21658,D04
E21659,D05
E21660,D15
E21661,D15
E21662,D11
E21663,D13
E21664,D14
E21665,D03
E21666,D18
E21667,D08
E21668,D04
E21669,D07
E21670,D06
E21671,D07
E21672,D19
E21673,D16
E21674,D10
E21675,D17
E21676,D10
E21677,D14
E21678,D11
E21679,D06
E21680,D19
E21681,D11
E21682,D20
E21683,D09
E21684,D01
E21685,D12
E21686,D10
E21687,D14
E21688,D04
E21689,D14
E21690,D01
E21691,D19
E21692,D14
E21693,D02
E21694,D18
E21695,D18
E21696,D09
E21697,D15
E21698,D13
E21699,D14
E21700,D01
E21701,D04
E21702,D03
E21703,D16
E21704,D03
E21705,D14
E21706,D20
E21707,D15
E21708,D17
E21709,D05
E21710,D07
E21711,D16
E21712,D11
E21713,D20
E21714,D05
E21715,D06
E21716,D12
E21717,D19
E21718,D08
E21719,D03
E21720,D20
E21721,D06
E21722,D07
E21723,D10
E21724,D20
E21725,D17
E21726,D13
E21727,D10
E21728,D03
E21729,D20
E21730,D02
E21731,D02
E21732,D06
E21733,D20
E21734,D18
E21735,D10
E21736,D16
E21737,D13
E21738,D03
E21739,D01
E21740,D02
E21741,D06
E21742,D16
E21743,D06
E21744,D19
E21745,D09
E21746,D19
E21747,D03
E21748,D11
E21749,D20
E21750,D11
E21751,D14
E21752,D01
E21753,D20
E21754,D06
E21755,D18
E21756,D08
E21757,D15
E21758,D10
E21759,D13
E21760,D09
E21761,D19
E21762,D17
E21763,D16
E21764,D09
E21765,D02
E21766,D01
E21767,D16
E21768,D11
E21769,D19
E21770,D20
E21771,D05
E21772,D11
E21773,D19
E21774,D04
E21775,D18
E21776,D18
E21777,D20
E21778,D08
E21779,D01
E21780,D03
E21781,D07
E21782,D08
E21783,D20
E21784,D07
E21785,D03
E21786,D09
E21787,D02
E21788,D17
E21789,D11
E21790,D13
E21791,D10
E21792,D11
E21793,D18
E21794,D20
E21795,D11
E21796,D16
E21797,D10
E21798,D04
E21799,D13
E21800,D16
E21801,D10
E21802,D07
E21803,D13
E21804,D17
E21805,D17
E21806,D12
E21807,D18
E21808,D12
E21809,D18
E21810,D18
E21811,D11
E21812,D02
E21813,D09
E21814,D10
E21815,D17
E21816,D15
E21817,D20
E21818,D16
E21819,D06
E21820,D05
E21821,D09
E21822,D15
E21823,D09
E21824,D10
E21825,D08
E21826,D06
E21827,D09
E21828,D07
E21829,D19
E21830,D16
E21831,D09
E21832,D11
E21833,D16
E21834,D18
E21835,D19
E21836,D16
E21837,D14
E21838,D03
E21839,D08
E21840,D12
E21841,D18
E21842,D14
E21843,D12
E21844,D14
E21845,D17
E21846,D08
E21847,D03
E21848,D10
E21849,D08
E21850,D14
E21851,D15
E21852,D05
E21853,D18
E21854,D16
E21855,D20
E21856,D10
E21857,D04
E21858,D20
E21859,D19
E21860,D04
E21861,D15
E21862,D11
E21863,D08
E21864,D04
E21865,D14
E21866,D19
E21867,D09
E21868,D01
E21869,D08
E21870,D05
E21871,D08
E21872,D14
E21873,D09
E21874,D19
E21875,D13
E21876,D12
E21877,D13
E21878,D11
E21879,D12
E21880,D14
E21881,D20
E21882,D10
E21883,D05
E21884,D02
E21885,D11
E21886,D09
E21887,D07
E21888,D18
E21889,D20
E21890,D09
E21891,D17
E21892,D10
E21893,D02
E21894,D11
E21895,D12
E21896,D19
E21897,D03
E21898,D12
E21899,D04
E21900,D05
E21901,D19
E21902,D07
E21903,D03
E21904,D12
E21905,D03
E21906,D11
E21907,D19
E21908,D06
E21909,D07
E21910,D04
E21911,D20
E21912,D17
E21913,D02
E21914,D06
E21915,D06
E21916,D12
E21917,D05
E21918,D12
E21919,D14
E21920,D04
E21921,D10
E21922,D10
E21923,D13
E21924,D11
E21925,D15
E21926,D09
E21927,D11
E21928,D15
E21929,D06
E21930,D02
E21931,D12
E21932,D17
E21933,D07
E21934,D08
E21935,D03
E21936,D09
E21937,D17
E21938,D02
E21939,D18
E21940,D13
E21941,D02
E21942,D10
E21943,D16
E21944,D10
E21945,D18
E21946,D16
E21947,D09
E21948,D02
E21949,D16
E21950,D08
E21951,D17
E21952,D11
E21953,D03
E21954,D19
E21955,D14
E21956,D11
E21957,D02
E21958,D15
E21959,D04
E21960,D08
E21961,D06
E21962,D05
E21963,D15
E21964,D16
E21965,D16
E21966,D05
E21967,D10
E21968,D05
E21969,D19
E21970,D11
E21971,D18
E21972,D16
E21973,D07
E21974,D19
E21975,D10
E21976,D08
E21977,D03
E21978,D12
E21979,D04
E21980,D07
E21981,D16
E21982,D18
E21983,D05
E21984,D02
E21985,D14
E21986,D17
E21987,D09
E21988,D12
E21989,D15
E21990,D18
E21991,D06
E21992,D06
E21993,D02
E21994,D14
E21995,D19
E21996,D13
E21997,D06
E21998,D13
E21999,D09
E22000,D13
E22001,D11
E22002,D13
E22003,D02
E22004,D18
E22005,D09
E22006,D02
E22007,D20
E22008,D07
E22009,D02
E22010,D17
E22011,D02
E22012,D14
E22013,D06
E22014,D11
E22015,D08
E22016,D14
E22017,D01
E22018,D13
E22019,D20
E22020,D12
E22021,D19
E22022,D08
E22023,D07
E22024,D17
E22025,D03
E22026,D08
E22027,D03
E22028,D14
E22029,D12
E22030,D14
E22031,D15
E22032,D03
E22033,D07
E22034,D08
E22035,D18
E22036,D16
E22037,D17
E22038,D07
E22039,D16
E22040,D16
E22041,D12
E22042,D13
E22043,D10
E22044,D12
E22045,D19
E22046,D10
E22047,D04
E22048,D14
E22049,D11
E22050,D01
E22051,D10
E22052,D11
E22053,D14
E22054,D14
E22055,D10
E22056,D08
E22057,D16
E22058,D06
E22059,D13
E22060,D07
E22061,D06
E22062,D12
E22063,D01
E22064,D15
E22065,D15
E22066,D05
E22067,D02
E22068,D02
E22069,D18
E22070,D08
E22071,D13
E22072,D06
E22073,D13
E22074,D20
E22075,D12
E22076,D12
E22077,D05
E22078,D19
E22079,D09
E22080,D02
E22081,D13
E22082,D02
E22083,D09
E22084,D12
E22085,D02
E22086,D15
E22087,D11
E22088,D18
E22089,D03
E22090,D15
E22091,D02
E22092,D02
E22093,D19
E22094,D03
E22095,D07
E22096,D19
E22097,D17
E22098,D12
E22099,D15
E22100,D13
E22101,D02
E22102,D13
E22103,D13
E22104,D08
E22105,D05
E22106,D14
E22107,D04
E22108,D17
E22109,D04
E22110,D10
E22111,D18
E22112,D20
E22113,D17
E22114,D15
E22115,D07
E22116,D10
E22117,D13
E22118,D09
E22119,D08
E22120,D19
E22121,D04
E22122,D07
E22123,D16
E22124,D10
E22125,D03
E22126,D11
E22127,D12
E22128,D17
E22129,D02
E22130,D19
E22131,D04
E22132,D06
E22133,D20
E22134,D12
E22135,D14
E22136,D16
E22137,D15
E22138,D08
E22139,D13
E22140,D12
E22141,D15
E22142,D15
E22143,D13
E22144,D06
E22145,D14
E22146,D18
E22147,D05
E22148,D19
E22149,D07
E22150,D11
E22151,D06
E22152,D11
E22153,D16
E22154,D16
E22155,D13
E22156,D17
E22157,D09
E22158,D14
E22159,D12
E22160,D04
E22161,D06
E22162,D19
E22163,D03
E22164,D17
E22165,D19
E22166,D06
E22167,D07
E22168,D03
E22169,D13
E22170,D04
E22171,D12
E22172,D03
E22173,D01
E22174,D19
E22175,D05
E22176,D09
E22177,D19
E22178,D18
E22179,D19
E22180,D20
E22181,D17
E22182,D14
E22183,D02
E22184,D19
E22185,D09
E22186,D15
E22187,D05
E22188,D17
E22189,D09
E22190,D14
E22191,D04
E22192,D09
E22193,D13
E22194,D20
E22195,D16
E22196,D20
E22197,D09
E22198,D07
E22199,D15
E22200,D19
E22201,D14
E22202,D20
E22203,D06
E22204,D17
E22205,D06
E22206,D16
E22207,D04
E22208,D08
E22209,D15
E22210,D13
E22211,D12
E22212,D19
E22213,D20
E22214,D14
E22215,D18
E22216,D15
E22217,D08
E22218,D02
E22219,D15
E22220,D08
E22221,D15
E22222,D15
E22223,D06
E22224,D05
E22225,D13
E22226,D01
E22227,D15
E22228,D02
E22229,D19
E22230,D07
E22231,D09
E22232,D02
E22233,D19
E22234,D10
E22235,D02
E22236,D05
E22237,D01
E22238,D17
E22239,D20
E22240,D01
E22241,D18
E22242,D07
E22243,D14
E22244,D06
E22245,D19
E22246,D06
E22247,D01
E22248,D03
E22249,D19
E22250,D18
E22251,D07
E22252,D01
E22253,D07
E22254,D04
E22255,D03
E22256,D05
E22257,D08
E22258,D06
E22259,D01
E22260,D12
E22261,D17
E22262,D06
E22263,D11
E22264,D05
E22265,D16
E22266,D20
E22267,D19
E22268,D07
E22269,D09
E22270,D05
E22271,D07
E22272,D13
E22273,D13
E22274,D18
E22275,D17
E22276,D05
E22277,D13
E22278,D01
E22279,D17
E22280,D19
E22281,D20
E22282,D08
E22283,D12
E22284,D17
E22285,D08
E22286,D20
E22287,D02
E22288,D01
E22289,D09
E22290,D03
E22291,D08
E22292,D19
E22293,D13
E22294,D12
E22295,D13
E22296,D03
E22297,D13
E22298,D15
E22299,D06
E22300,D04
E22301,D19
E22302,D04
E22303,D14
E22304,D12
E22305,D18
E22306,D09
E22307,D10
E22308,D10
E22309,D08
E22310,D15
E22311,D05
E22312,D11
E22313,D15
E22314,D01
E22315,D06
E22316,D06
E22317,D01
E22318,D17
E22319,D10
E22320,D16
E22321,D09
E22322,D10
E22323,D20
E22324,D02
E22325,D03
E22326,D18
E22327,D19
E22328,D15
E22329,D09
E22330,D17
E22331,D14
E22332,D03
E22333,D15
E22334,D15
E22335,D01
E22336,D07
E22337,D06
E22338,D05
E22339,D13
E22340,D16
E22341,D05
E22342,D09
E22343,D10
E22344,D15
E22345,D02
E22346,D10
E22347,D08
E22348,D20
E22349,D12
E22350,D11
E22351,D05
E22352,D17
E22353,D13
E22354,D07
E22355,D08
E22356,D12
E22357,D18
E22358,D12
E22359,D20
E22360,D16
E22361,D07
E22362,D02
E22363,D10
E22364,D19
E22365,D18
E22366,D17
E22367,D03
E22368,D09
E22369,D03
E22370,D05
E22371,D17
E22372,D09
E22373,D16
E22374,D03
E22375,D20
E22376,D06
E22377,D12
E22378,D08
E22379,D14
E22380,D11
E22381,D14
E22382,D04
E22383,D13
E22384,D20
E22385,D03
E22386,D20
E22387,D03
E22388,D15
E22389,D04
E22390,D03
E22391,D10
E22392,D05
E22393,D02
E22394,D07
E22395,D14
E22396,D08
E22397,D16
E22398,D01
E22399,D16
E22400,D18
E22401,D16
E22402,D12
E22403,D14
E22404,D18
E22405,D13
E22406,D17
E22407,D15
E22408,D06
E22409,D10
E22410,D09
E22411,D10
E22412,D03
E22413,D15
E22414,D01
E22415,D11
E22416,D15
E22417,D11
E22418,D09
E22419,D15
E22420,D13
E22421,D14
E22422,D10
E22423,D01
E22424,D18
E22425,D11
E22426,D01
E22427,D13
E22428,D04
E22429,D20
E22430,D05
E22431,D10
E22432,D13
E22433,D14
E22434,D04
E22435,D18
E22436,D11
E22437,D08
E22438,D09
E22439,D10
E22440,D16
E22441,D01
E22442,D10
E22443,D14
E22444,D20
E22445,D01
E22446,D10
E22447,D06
E22448,D03
E22449,D08
E22450,D07
E22451,D11
E22452,D11
E22453,D11
E22454,D12
E22455,D06
E22456,D19
E22457,D14
E22458,D20
E22459,D12
E22460,D18
E22461,D08
E22462,D12
E22463,D09
E22464,D06
E22465,D14
E22466,D08
E22467,D07
E22468,D07
E22469,D07
E22470,D14
E22471,D04
E22472,D03
E22473,D04
E22474,D14
E22475,D09
E22476,D15
E22477,D16
E22478,D03
E22479,D06
E22480,D15
E22481,D04
E22482,D20
E22483,D01
E22484,D12
E22485,D12
E22486,D16
E22487,D10
E22488,D03
E22489,D03
E22490,D08
E22491,D10
E22492,D12
E22493,D16
E22494,D12
E22495,D09
E22496,D10
E22497,D04
E22498,D02
E22499,D06
E22500,D05
E22501,D14
E22502,D07
E22503,D11
E22504,D07
E22505,D07
E22506,D03
E22507,D09
E22508,D03
E22509,D02
E22510,D03
E22511,D19
E22512,D09
E22513,D10
E22514,D10
E22515,D19
E22516,D04
E22517,D13
E22518,D04
E22519,D15
E22520,D02
E22521,D13
E22522,D05
E22523,D13
E22524,D11
E22525,D03
E22526,D08
E22527,D15
E22528,D17
E22529,D04
E22530,D13
E22531,D05
E22532,D18
E22533,D08
E22534,D19
E22535,D11
E22536,D07
E22537,D05
E22538,D17
E22539,D14
E22540,D18
E22541,D12
E22542,D20
E22543,D03
E22544,D02
E22545,D12
E22546,D02
E22547,D12
E22548,D11
E22549,D05
E22550,D14
E22551,D18
E22552,D05
E22553,D20
E22554,D09
E22555,D04
E22556,D16
E22557,D20
E22558,D15
E22559,D01
E22560,D12
E22561,D15
E22562,D03
E22563,D04
E22564,D08
E22565,D18
E22566,D10
E22567,D02
E22568,D02
E22569,D11
E22570,D05
E22571,D08
E22572,D11
E22573,D01
E22574,D07
E22575,D09
E22576,D08
E22577,D03
E22578,D04
E22579,D02
E22580,D03
E22581,D07
E22582,D05
E22583,D03
E22584,D08
E22585,D13
E22586,D12
E22587,D08
E22588,D10
E22589,D07
E22590,D08
E22591,D02
E22592,D02
E22593,D02
E22594,D17
E22595,D18
E22596,D17
E22597,D03
E22598,D16
E22599,D14
E22600,D20
E22601,D11
E22602,D18
E22603,D17
E22604,D16
E22605,D18
E22606,D20
E22607,D15
E22608,D02
E22609,D18
E22610,D12
E22611,D10
E22612,D12
E22613,D17
E22614,D12
E22615,D14
E22616,D11
E22617,D15
E22618,D14
E22619,D07
E22620,D14
E22621,D18
E22622,D19
E22623,D10
E22624,D01
E22625,D09
E22626,D17
E22627,D06
E22628,D17
E22629,D07
E22630,D10
E22631,D13
E22632,D05
E22633,D01
E22634,D17
E22635,D14
E22636,D14
E22637,D08
E22638,D02
E22639,D18
E22640,D06
E22641,D19
E22642,D16
E22643,D17
E22644,D13
E22645,D08
E22646,D07
E22647,D03
E22648,D09
E22649,D14
E22650,D17
E22651,D05
E22652,D17
E22653,D04
E22654,D14
E22655,D04
E22656,D09
E22657,D09
E22658,D11
E22659,D04
E22660,D19
E22661,D05
E22662,D14
E22663,D11
E22664,D06
E22665,D01
E22666,D15
E22667,D15
E22668,D05
E22669,D13
E22670,D07
E22671,D14
E22672,D16
E22673,D17
E22674,D13
E22675,D08
E22676,D06
E22677,D13
E22678,D18
E22679,D04
E22680,D11
E22681,D05
E22682,D18
E22683,D17
E22684,D13
E22685,D19
E22686,D15
E22687,D16
E22688,D15
E22689,D03
E22690,D04
E22691,D07
E22692,D04
E22693,D13
E22694,D05
E22695,D12
E22696,D15
E22697,D12
E22698,D07
E22699,D03
E22700,D11
E22701,D20
E22702,D11
E22703,D20
E22704,D01
E22705,D17
E22706,D01
E22707,D10
E22708,D07
E22709,D02
E22710,D09
E22711,D14
E22712,D01
E22713,D06
E22714,D10
E22715,D08
E22716,D03
E22717,D04
E22718,D03
E22719,D03
E22720,D12
E22721,D17
E22722,D14
E22723,D04
E22724,D19
E22725,D03
E22726,D19
E22727,D19
E22728,D04
E22729,D11
E22730,D17
E22731,D11
E22732,D07
E22733,D05
E22734,D14
E22735,D05
E22736,D06
E22737,D16
E22738,D16
E22739,D16
E22740,D03
E22741,D09
E22742,D11
E22743,D04
E22744,D11
E22745,D18
E22746,D09
E22747,D05
E22748,D08
E22749,D04
E22750,D04
E22751,D18
E22752,D15
E22753,D08
E22754,D02
E22755,D13
E22756,D09
E22757,D07
E22758,D07
E22759,D08
E22760,D09
E22761,D15
E22762,D01
E22763,D16
E22764,D07
E22765,D03
E22766,D01
E22767,D01
E22768,D13
E22769,D18
E22770,D16
E22771,D10
E22772,D04
E22773,D18
E22774,D18
E22775,D10
E22776,D12
E22777,D10
E22778,D12
E22779,D18
E22780,D18
E22781,D01
E22782,D03
E22783,D07
E22784,D16
E22785,D15
E22786,D18
E22787,D18
E22788,D20
E22789,D14
E22790,D06
E22791,D17
E22792,D16
E22793,D20
E22794,D20
E22795,D13
E22796,D07
E22797,D18
E22798,D19
E22799,D13
E22800,D20
E22801,D16
E22802,D04
E22803,D16
E22804,D13
E22805,D03
E22806,D11
E22807,D09
E22808,D08
E22809,D12
E22810,D09
E22811,D02
E22812,D20
E22813,D12
E22814,D12
E22815,D06
E22816,D15
E22817,D06
E22818,D02
E22819,D18
E22820,D14
E22821,D11
E22822,D16
E22823,D12
E22824,D16
E22825,D07
E22826,D09
E22827,D17
E22828,D05
E22829,D10
E22830,D06
E22831,D06
E22832,D06
E22833,D05
E22834,D19
E22835,D02
E22836,D18
E22837,D18
E22838,D15
E22839,D14
E22840,D04
E22841,D19
E22842,D05
E22843,D20
E22844,D12
E22845,D06
E22846,D08
E22847,D08
E22848,D18
E22849,D07
E22850,D16
E22851,D18
E22852,D11
E22853,D12
E22854,D08
E22855,D20
E22856,D03
E22857,D03
E22858,D02
E22859,D03
E22860,D06
E22861,D09
E22862,D13
E22863,D02
E22864,D16
E22865,D10
E22866,D06
E22867,D11
E22868,D10
E22869,D12
E22870,D16
E22871,D08
E22872,D19
E22873,D09
E22874,D05
E22875,D09
E22876,D09
E22877,D02
E22878,D12
E22879,D07
E22880,D20
E22881,D09
E22882,D05
E22883,D12
E22884,D20
E22885,D02
E22886,D19
E22887,D06
E22888,D01
E22889,D14
E22890,D06
E22891,D08
E22892,D02
E22893,D02
E22894,D05
E22895,D17
E22896,D12
E22897,D12
E22898,D06
E22899,D03
E22900,D18
E22901,D01
E22902,D03
E22903,D15
E22904,D05
E22905,D10
E22906,D08
E22907,D18
E22908,D18
E22909,D04
E22910,D10
E22911,D11
E22912,D09
E22913,D10
E22914,D12
E22915,D03
E22916,D05
E22917,D20
E22918,D05
E22919,D12
E22920,D07
E22921,D16
E22922,D08
E22923,D01
E22924,D15
E22925,D07
E22926,D16
E22927,D08
E22928,D09
E22929,D07
E22930,D11
E22931,D07
E22932,D11
E22933,D17
E22934,D17
E22935,D20
E22936,D03
E22937,D02
E22938,D20
E22939,D07
E22940,D17
E22941,D14
E22942,D02
E22943,D05
E22944,D07
E22945,D08
E22946,D03
E22947,D15
E22948,D17
E22949,D02
E22950,D17
E22951,D12
E22952,D06
E22953,D08
E22954,D02
E22955,D10
E22956,D19
E22957,D03
E22958,D09
E22959,D08
E22960,D08
E22961,D15
E22962,D20
E22963,D12
E22964,D06
E22965,D01
E22966,D10
E22967,D05
E22968,D20
E22969,D20
E22970,D17
E22971,D11
E22972,D12
E22973,D02
E22974,D09
E22975,D10
E22976,D16
E22977,D13
E22978,D10
E22979,D04
E22980,D09
E22981,D19
E22982,D05
E22983,D05
E22984,D11
E22985,D12
E22986,D13
E22987,D09
E22988,D07
E22989,D13
E22990,D06
E22991,D19
E22992,D18
E22993,D14
E22994,D15
E22995,D09
E22996,D05
E22997,D06
E22998,D14
E22999,D02
E23000,D03
E23001,D05
E23002,D13
E23003,D04
E23004,D01
E23005,D18
E23006,D08
E23007,D15
E23008,D08
E23009,D05
E23010,D17
E23011,D19
E23012,D18
E23013,D13
E23014,D09
E23015,D18
E23016,D17
E23017,D13
E23018,D15
E23019,D01
E23020,D20
E23021,D05
E23022,D03
E23023,D13
E23024,D02
E23025,D16
E23026,D06
E23027,D01
E23028,D12
E23029,D13
E23030,D11
E23031,D18
E23032,D09
E23033,D15
E23034,D12
E23035,D07
E23036,D18
E23037,D11
E23038,D03
E23039,D19
E23040,D06
E23041,D02
E23042,D06
E23043,D05
E23044,D06
E23045,D19
E23046,D17
E23047,D18
E23048,D09
E23049,D11
E23050,D04
E23051,D08
E23052,D17
E23053,D05
E23054,D17
E23055,D05
E23056,D20
E23057,D08
E23058,D08
E23059,D06
E23060,D06
E23061,D20
E23062,D08
E23063,D16
E23064,D13
E23065,D18
E23066,D01
E23067,D09
E23068,D11
E23069,D02
E23070,D08
E23071,D13
E23072,D04
E23073,D13
E23074,D09
E23075,D14
E23076,D06
E23077,D15
E23078,D07
E23079,D01
E23080,D14
E23081,D03
E23082,D20
E23083,D01
E23084,D03
E23085,D09
E23086,D19
E23087,D04
E23088,D06
E23089,D02
E23090,D16
E23091,D03
E23092,D07
E23093,D17
E23094,D03
E23095,D13
E23096,D04
E23097,D05
E23098,D13
E23099,D16
E23100,D13
E23101,D13
E23102,D10
E23103,D08
E23104,D14
E23105,D04
E23106,D19
E23107,D20
E23108,D12
E23109,D13
E23110,D11
E23111,D04
E23112,D14
E23113,D02
E23114,D07
E23115,D03
E23116,D02
E23117,D01
E23118,D04
E23119,D19
E23120,D03
E23121,D12
E23122,D02
E23123,D20
E23124,D20
E23125,D02
E23126,D04
E23127,D03
E23128,D16
E23129,D02
E23130,D07
E23131,D01
E23132,D09
E23133,D12
E23134,D05
E23135,D12
E23136,D19
E23137,D13
E23138,D01
E23139,D05
E23140,D16
E23141,D19
E23142,D20
E23143,D06
E23144,D01
E23145,D18
E23146,D02
E23147,D01
E23148,D19
E23149,D14
E23150,D11
E23151,D20
E23152,D10
E23153,D11
E23154,D11
E23155,D01
E23156,D18
E23157,D19
E23158,D06
E23159,D04
E23160,D20
E23161,D15
E23162,D14
E23163,D20
E23164,D01
E23165,D08
E23166,D01
E23167,D02
E23168,D07
E23169,D11
E23170,D19
E23171,D14
E23172,D18
E23173,D14
E23174,D05
E23175,D06
E23176,D19
E23177,D14
E23178,D09
E23179,D11
E23180,D19
E23181,D07
E23182,D14
E23183,D13
E23184,D12
E23185,D08
E23186,D12
E23187,D11
E23188,D08
E23189,D16
E23190,D13
E23191,D11
E23192,D03
E23193,D12
E23194,D17
E23195,D06
E23196,D01
E23197,D20
E23198,D08
E23199,D09
E23200,D19
E23201,D11
E23202,D17
E23203,D03
E23204,D05
E23205,D01
E23206,D19
E23207,D01
E23208,D12
E23209,D20
E23210,D18
E23211,D06
E23212,D16
E23213,D08
E23214,D07
E23215,D07
E23216,D17
E23217,D10
E23218,D16
E23219,D08
E23220,D20
E23221,D18
E23222,D20
E23223,D17
E23224,D07
E23225,D13
E23226,D14
E23227,D05
E23228,D06
E23229,D14
E23230,D08
E23231,D02
E23232,D07
E23233,D01
E23234,D07
E23235,D11
E23236,D17
E23237,D07
E23238,D15
E23239,D01
E23240,D02
E23241,D05
E23242,D16
E23243,D05
E23244,D04
E23245,D17
E23246,D06
E23247,D13
E23248,D13
E23249,D02
E23250,D18
E23251,D19
E23252,D10
E23253,D15
E23254,D03
E23255,D14
E23256,D14
E23257,D16
E23258,D20
E23259,D18
E23260,D05
E23261,D03
E23262,D13
E23263,D17
E23264,D19
E23265,D12
E23266,D14
E23267,D09
E23268,D04
E23269,D07
E23270,D16
E23271,D15
E23272,D05
E23273,D15
E23274,D10
E23275,D05
E23276,D20
E23277,D01
E23278,D20
E23279,D17
E23280,D16
E23281,D05
E23282,D16
E23283,D02
E23284,D18
E23285,D02
E23286,D19
E23287,D07
E23288,D17
E23289,D12
E23290,D06
E23291,D19
E23292,D09
E23293,D05
E23294,D02
E23295,D17
E23296,D20
E23297,D14
E23298,D05
E23299,D17
E23300,D20
E23301,D15
E23302,D05
E23303,D11
E23304,D06
E23305,D04
E23306,D16
E23307,D03
E23308,D01
E23309,D13
E23310,D08
E23311,D07
E23312,D16
E23313,D11
E23314,D09
E23315,D07
E23316,D16
E23317,D20
E23318,D18
E23319,D12
E23320,D15
E23321,D17
E23322,D02
E23323,D14
E23324,D18
E23325,D03
E23326,D13
E23327,D09
E23328,D18
E23329,D18
E23330,D15
E23331,D01
E23332,D09
E23333,D07
E23334,D12
E23335,D16
E23336,D11
E23337,D09
E23338,D09
E23339,D13
E23340,D12
E23341,D06
E23342,D06
E23343,D16
E23344,D13
E23345,D14
E23346,D12
E23347,D01
E23348,D09
E23349,D03
E23350,D10
E23351,D16
E23352,D15
E23353,D06
E23354,D19
E23355,D10
E23356,D04
E23357,D06
E23358,D10
E23359,D17
E23360,D10
E23361,D10
E23362,D05
E23363,D18
E23364,D13
E23365,D16
E23366,D06
E23367,D05
E23368,D09
E23369,D03
E23370,D14
E23371,D04
E23372,D11
E23373,D04
E23374,D03
E23375,D05
E23376,D12
E23377,D10
E23378,D15
E23379,D15
E23380,D09
E23381,D18
E23382,D05
E23383,D14
E23384,D14
E23385,D18
E23386,D11
E23387,D03
E23388,D13
E23389,D01
E23390,D06
E23391,D17
E23392,D03
E23393,D12
E23394,D01
E23395,D09
E23396,D08
E23397,D11
E23398,D08
E23399,D14
E23400,D12
E23401,D11
E23402,D04
E23403,D08
E23404,D03
E23405,D01
E23406,D05
E23407,D18
E23408,D04
E23409,D15
E23410,D15
E23411,D19
E23412,D02
E23413,D14
E23414,D16
E23415,D07
E23416,D13
E23417,D16
E23418,D14
E23419,D19
E23420,D02
E23421,D18
E23422,D07
E23423,D19
E23424,D15
E23425,D02
E23426,D18
E23427,D05
E23428,D01
E23429,D06
E23430,D09
E23431,D02
E23432,D07
E23433,D13
E23434,D20
E23435,D03
E23436,D17
E23437,D02
E23438,D13
E23439,D01
E23440,D05
E23441,D07
E23442,D16
E23443,D20
E23444,D09
E23445,D07
E23446,D08
E23447,D07
E23448,D01
E23449,D03
E23450,D12
E23451,D04
E23452,D06
E23453,D13
E23454,D15
E23455,D12
E23456,D07
E23457,D02
E23458,D09
E23459,D10
E23460,D04
E23461,D15
E23462,D06
E23463,D02
E23464,D19
E23465,D01
E23466,D03
E23467,D05
E23468,D05
E23469,D14
E23470,D05
E23471,D19
E23472,D16
E23473,D14
E23474,D15
E23475,D20
E23476,D08
E23477,D14
E23478,D14
E23479,D07
E23480,D10
E23481,D03
E23482,D08
E23483,D18
E23484,D14
E23485,D09
E23486,D14
E23487,D07
E23488,D05
E23489,D03
E23490,D05
E23491,D05
E23492,D14
E23493,D12
E23494,D04
E23495,D05
E23496,D18
E23497,D01
E23498,D10
E23499,D18
E23500,D19
E23501,D13
E23502,D04
E23503,D10
E23504,D04
E23505,D02
E23506,D20
E23507,D06
E23508,D19
E23509,D13
E23510,D10
E23511,D18
E23512,D15
E23513,D12
E23514,D20
E23515,D12
E23516,D10
E23517,D16
E23518,D19
E23519,D08
E23520,D11
E23521,D14
E23522,D08
E23523,D04
E23524,D08
E23525,D18
E23526,D02
E23527,D05
E23528,D01
E23529,D12
E23530,D06
E23531,D16
E23532,D08
E23533,D13
E23534,D20
E23535,D04
E23536,D09
E23537,D13
E23538,D18
E23539,D14
E23540,D19
E23541,D09
E23542,D06
E23543,D19
E23544,D02
E23545,D01
E23546,D17
E23547,D06
E23548,D15
E23549,D18
E23550,D12
E23551,D09
E23552,D11
E23553,D09
E23554,D02
E23555,D10
E23556,D02
E23557,D11
E23558,D08
E23559,D16
E23560,D01
E23561,D19
E23562,D06
E23563,D10
E23564,D15
E23565,D03
E23566,D07
E23567,D12
E23568,D20
E23569,D08
E23570,D20
E23571,D01
E23572,D13
E23573,D19
E23574,D02
E23575,D11
E23576,D07
E23577,D19
E23578,D13
E23579,D03
E23580,D09
E23581,D07
E23582,D10
E23583,D07
E23584,D05
E23585,D03
E23586,D19
E23587,D02
E23588,D01
E23589,D08
E23590,D01
E23591,D01
E23592,D17
E23593,D01
E23594,D14
E23595,D08
E23596,D02
E23597,D17
E23598,D15
E23599,D09
E23600,D13
E23601,D09
E23602,D10
E23603,D11
E23604,D10
E23605,D08
E23606,D15
E23607,D02
E23608,D06
E23609,D12
E23610,D20
E23611,D07
E23612,D01
E23613,D17
E23614,D12
E23615,D06
E23616,D13
E23617,D03
E23618,D13
E23619,D15
E23620,D03
E23621,D15
E23622,D10
E23623,D07
E23624,D19
E23625,D03
E23626,D09
E23627,D06
E23628,D12
E23629,D01
E23630,D14
E23631,D14
E23632,D15
E23633,D03
E23634,D02
E23635,D20
E23636,D06
E23637,D16
E23638,D10
E23639,D05
E23640,D09
E23641,D05
E23642,D18
E23643,D09
E23644,D11
E23645,D08
E23646,D20
E23647,D12
E23648,D20
E23649,D01
E23650,D20
E23651,D18
E23652,D05
E23653,D01
E23654,D14
E23655,D19
E23656,D08
E23657,D05
E23658,D08
E23659,D03
E23660,D14
E23661,D04
E23662,D08
E23663,D12
E23664,D07
E23665,D10
E23666,D02
E23667,D19
E23668,D11
E23669,D14
E23670,D18
E23671,D06
E23672,D07
E23673,D01
E23674,D17
E23675,D20
E23676,D06
E23677,D10
E23678,D11
E23679,D01
E23680,D16
E23681,D18
E23682,D04
E23683,D09
E23684,D20
E23685,D04
E23686,D13
E23687,D07
E23688,D20
E23689,D12
E23690,D01
E23691,D14
E23692,D06
E23693,D05
E23694,D05
E23695,D10
E23696,D05
E23697,D06
E23698,D02
E23699,D18
E23700,D11
E23701,D10
E23702,D15
E23703,D07
E23704,D04
E23705,D11
E23706,D05
E23707,D18
E23708,D16
E23709,D03
E23710,D03
E23711,D13
E23712,D04
E23713,D01
E23714,D02
E23715,D03
E23716,D17
E23717,D02
E23718,D10
E23719,D09
E23720,D07
E23721,D11
E23722,D20
E23723,D04
E23724,D09
E23725,D20
E23726,D04
E23727,D01
E23728,D11
E23729,D15
E23730,D07
E23731,D05
E23732,D16
E23733,D19
E23734,D09
E23735,D13
E23736,D16
E23737,D19
E23738,D06
E23739,D11
E23740,D08
E23741,D08
E23742,D01
E23743,D19
E23744,D16
E23745,D13
E23746,D18
E23747,D20
E23748,D07
E23749,D16
E23750,D09
E23751,D06
E23752,D09
E23753,D16
E23754,D10
E23755,D06
E23756,D07
E23757,D20
E23758,D15
E23759,D03
E23760,D07
E23761,D06
E23762,D15
E23763,D16
E23764,D09
E23765,D09
E23766,D06
E23767,D15
E23768,D11
E23769,D09
E23770,D05
E23771,D14
E23772,D13
E23773,D09
E23774,D12
E23775,D19
E23776,D12
E23777,D04
E23778,D16
E23779,D03
E23780,D04
E23781,D18
E23782,D07
E23783,D10
E23784,D06
E23785,D07
E23786,D15
E23787,D06
E23788,D07
E23789,D14
E23790,D16
E23791,D09
E23792,D05
E23793,D10
E23794,D14
E23795,D14
E23796,D17
E23797,D03
E23798,D16
E23799,D20
E23800,D17
E23801,D19
E23802,D01
E23803,D17
E23804,D01
E23805,D02
E23806,D03
E23807,D12
E23808,D16
E23809,D20
E23810,D13
E23811,D02
E23812,D10
E23813,D11
E23814,D17
E23815,D17
E23816,D06
E23817,D07
E23818,D09
E23819,D14
E23820,D19
E23821,D19
E23822,D12
E23823,D13
E23824,D16
E23825,D19
E23826,D13
E23827,D17
E23828,D01
E23829,D03
E23830,D01
E23831,D13
E23832,D05
E23833,D11
E23834,D11
E23835,D01
E23836,D16
E23837,D05
E23838,D14
E23839,D09
E23840,D05
E23841,D09
E23842,D15
E23843,D18
E23844,D13
E23845,D18
E23846,D11
E23847,D04
E23848,D01
E23849,D06
E23850,D18
E23851,D19
E23852,D10
E23853,D09
E23854,D03
E23855,D09
E23856,D09
E23857,D04
E23858,D16
E23859,D01
E23860,D02
E23861,D13
E23862,D02
E23863,D01
E23864,D05
E23865,D20
E23866,D02
E23867,D17
E23868,D16
E23869,D15
E23870,D12
E23871,D04
E23872,D16
E23873,D08
E23874,D01
E23875,D11
E23876,D16
E23877,D14
E23878,D12
E23879,D14
E23880,D07
E23881,D07
E23882,D06
E23883,D20
E23884,D11
E23885,D06
E23886,D05
E23887,D18
E23888,D10
E23889,D03
E23890,D01
E23891,D19
E23892,D16
E23893,D07
E23894,D11
E23895,D04
E23896,D16
E23897,D15
E23898,D17
E23899,D07
E23900,D17
E23901,D02
E23902,D11
E23903,D18
E23904,D02
E23905,D05
E23906,D20
E23907,D08
E23908,D07
E23909,D19
E23910,D12
E23911,D10
E23912,D20
E23913,D04
E23914,D11
E23915,D05
E23916,D20
E23917,D01
E23918,D03
E23919,D16
E23920,D16
E23921,D15
E23922,D14
E23923,D16
E23924,D11
E23925,D17
E23926,D14
E23927,D09
E23928,D03
E23929,D13
E23930,D17
E23931,D12
E23932,D20
E23933,D07
E23934,D20
E23935,D17
E23936,D08
E23937,D20
E23938,D09
E23939,D14
E23940,D18
E23941,D01
E23942,D19
E23943,D05
E23944,D05
E23945,D04
E23946,D20
E23947,D18
E23948,D11
E23949,D06
E23950,D15
E23951,D19
E23952,D19
E23953,D03
E23954,D15
E23955,D08
E23956,D18
E23957,D02
E23958,D05
E23959,D17
E23960,D20
E23961,D13
E23962,D04
E23963,D08
E23964,D10
E23965,D15
E23966,D15
E23967,D01
E23968,D14
E23969,D10
E23970,D07
E23971,D09
E23972,D08
E23973,D16
E23974,D10
E23975,D13
E23976,D09
E23977,D04
E23978,D14
E23979,D02
E23980,D18
E23981,D05
E23982,D11
E23983,D10
E23984,D20
E23985,D01
E23986,D20
E23987,D12
E23988,D12
E23989,D13
E23990,D05
E23991,D20
E23992,D16
E23993,D17
E23994,D11
E23995,D20
E23996,D06
E23997,D20
E23998,D01
E23999,D03
E24000,D08
E24001,D11
E24002,D08
E24003,D17
E24004,D14
E24005,D11
E24006,D16
E24007,D20
E24008,D12
E24009,D19
E24010,D13
E24011,D11
E24012,D08
E24013,D13
E24014,D06
E24015,D07
E24016,D09
E24017,D05
E24018,D14
E24019,D03
E24020,D11
E24021,D02
E24022,D07
E24023,D07
E24024,D09
E24025,D18
E24026,D06
E24027,D12
E24028,D04
E24029,D04
E24030,D11
E24031,D03
E24032,D03
E24033,D04
E24034,D17
E24035,D07
E24036,D02
E24037,D05
E24038,D10
E24039,D20
E24040,D18
E24041,D07
E24042,D17
E24043,D02
E24044,D08
E24045,D16
E24046,D06
E24047,D04
E24048,D10
E24049,D15
E24050,D19
E24051,D15
E24052,D12
E24053,D16
E24054,D12
E24055,D18
E24056,D18
E24057,D06
E24058,D08
E24059,D09
E24060,D12
E24061,D19
E24062,D03
E24063,D06
E24064,D04
E24065,D15
E24066,D13
E24067,D17
E24068,D14
E24069,D16
E24070,D12
E24071,D04
E24072,D08
E24073,D15
E24074,D10
E24075,D16
E24076,D09
E24077,D13
E24078,D07
E24079,D15
E24080,D07
E24081,D04
E24082,D10
E24083,D11
E24084,D15
E24085,D09
E24086,D14
E24087,D03
E24088,D14
E24089,D20
E24090,D14
E24091,D02
E24092,D07
E24093,D09
E24094,D13
E24095,D18
E24096,D09
E24097,D18
E24098,D08
E24099,D08
E24100,D19
E24101,D18
E24102,D13
E24103,D07
E24104,D02
E24105,D20
E24106,D18
E24107,D12
E24108,D15
E24109,D12
E24110,D19
E24111,D08
E24112,D16
E24113,D19
E24114,D13
E24115,D14
E24116,D09
E24117,D16
E24118,D01
E24119,D17
E24120,D15
E24121,D01
E24122,D15
E24123,D01
E24124,D01
E24125,D03
E24126,D04
E24127,D02
E24128,D15
E24129,D15
E24130,D13
E24131,D20
E24132,D16
E24133,D10
E24134,D11
E24135,D05
E24136,D08
E24137,D07
E24138,D18
E24139,D08
E24140,D10
E24141,D16
E24142,D08
E24143,D08
E24144,D07
E24145,D10
E24146,D19
E24147,D12
E24148,D11
E24149,D02
E24150,D08
E24151,D19
E24152,D06
E24153,D03
E24154,D14
E24155,D14
E24156,D19
E24157,D12
E24158,D03
E24159,D17
E24160,D13
E24161,D20
E24162,D10
E24163,D04
E24164,D01
E24165,D07
E24166,D08
E24167,D13
E24168,D05
E24169,D14
E24170,D04
E24171,D17
E24172,D08
E24173,D17
E24174,D03
E24175,D09
E24176,D09
E24177,D14
E24178,D15
E24179,D05
E24180,D15
E24181,D09
E24182,D19
E24183,D11
E24184,D16
E24185,D05
E24186,D12
E24187,D11
E24188,D03
E24189,D01
E24190,D09
E24191,D05
E24192,D07
E24193,D17
E24194,D07
E24195,D03
E24196,D06
E24197,D02
E24198,D19
E24199,D01
E24200,D16
E24201,D15
E24202,D09
E24203,D12
E24204,D01
E24205,D01
E24206,D14
E24207,D05
E24208,D02
E24209,D19
E24210,D16
E24211,D15
E24212,D08
E24213,D09
E24214,D09
E24215,D16
E24216,D11
E24217,D03
E24218,D01
E24219,D03
E24220,D17
E24221,D17
E24222,D05
E24223,D09
E24224,D05
E24225,D03
E24226,D12
E24227,D02
E24228,D13
E24229,D10
E24230,D11
E24231,D17
E24232,D11
E24233,D20
E24234,D14
E24235,D02
E24236,D13
E24237,D08
E24238,D01
E24239,D15
E24240,D16
E24241,D16
E24242,D08
E24243,D01
E24244,D17
E24245,D01
E24246,D03
E24247,D16
E24248,D15
E24249,D15
E24250,D04
E24251,D20
E24252,D08
E24253,D06
E24254,D03
E24255,D03
E24256,D06
E24257,D13
E24258,D13
E24259,D05
E24260,D05
E24261,D11
E24262,D11
E24263,D05
E24264,D19
E24265,D08
E24266,D18
E24267,D12
E24268,D06
E24269,D17
E24270,D19
E24271,D08
E24272,D10
E24273,D17
E24274,D13
E24275,D12
E24276,D03
E24277,D14
E24278,D13
E24279,D20
E24280,D14
E24281,D04
E24282,D04
E24283,D09
E24284,D04
E24285,D20
E24286,D02
E24287,D16
E24288,D18
E24289,D02
E24290,D09
E24291,D04
E24292,D08
E24293,D01
E24294,D17
E24295,D13
E24296,D10
E24297,D02
E24298,D10
E24299,D10
E24300,D07
E24301,D20
E24302,D09
E24303,D06
E24304,D18
E24305,D11
E24306,D09
E24307,D15
E24308,D13
E24309,D07
E24310,D07
E24311,D04
E24312,D03
E24313,D14
E24314,D08
E24315,D06
E24316,D10
E24317,D05
E24318,D11
E24319,D17
E24320,D03
E24321,D17
E24322,D11
E24323,D05
E24324,D12
E24325,D06
E24326,D04
E24327,D09
E24328,D05
E24329,D01
E24330,D01
E24331,D13
E24332,D06
E24333,D04
E24334,D16
E24335,D01
E24336,D03
E24337,D10
E24338,D18
E24339,D05
E24340,D01
E24341,D04
E24342,D05
E24343,D17
E24344,D15
E24345,D16
E24346,D01
E24347,D11
E24348,D17
E24349,D19
E24350,D02
E24351,D18
E24352,D15
E24353,D12
E24354,D11
E24355,D03
E24356,D20
E24357,D08
E24358,D06
E24359,D04
E24360,D09
E24361,D05
E24362,D08
E24363,D13
E24364,D02
E24365,D10
E24366,D20
E24367,D17
E24368,D15
E24369,D19
E24370,D12
E24371,D11
E24372,D15
E24373,D06
E24374,D07
E24375,D01
E24376,D03
E24377,D13
E24378,D03
E24379,D20
E24380,D04
E24381,D07
E24382,D12
E24383,D03
E24384,D17
E24385,D20
E24386,D05
E24387,D11
E24388,D09
E24389,D16
E24390,D12
E24391,D07
E24392,D20
E24393,D18
E24394,D10
E24395,D14
E24396,D16
E24397,D01
E24398,D13
E24399,D15
E24400,D03
E24401,D14
E24402,D19
E24403,D10
E24404,D19
E24405,D16
E24406,D03
E24407,D11
E24408,D07
E24409,D20
E24410,D03
E24411,D20
E24412,D06
E24413,D05
E24414,D03
E24415,D15
E24416,D20
E24417,D14
E24418,D07
E24419,D20
E24420,D07
E24421,D12
E24422,D13
E24423,D08
E24424,D01
E24425,D06
E24426,D10
E24427,D01
E24428,D12
E24429,D14
E24430,D17
E24431,D08
E24432,D01
E24433,D10
E24434,D06
E24435,D01
E24436,D02
E24437,D01
E24438,D10
E24439,D16
E24440,D17
E24441,D07
E24442,D13
E24443,D18
E24444,D17
E24445,D04
E24446,D04
E24447,D14
E24448,D13
E24449,D07
E24450,D05
E24451,D04
E24452,D20
E24453,D12
E24454,D11
E24455,D17
E24456,D17
E24457,D15
E24458,D03
E24459,D17
E24460,D06
E24461,D09
E24462,D08
E24463,D18
E24464,D09
E24465,D12
E24466,D06
E24467,D08
E24468,D19
E24469,D08
E24470,D11
E24471,D05
E24472,D07
E24473,D10
E24474,D04
E24475,D18
E24476,D11
E24477,D11
E24478,D11
E24479,D13
E24480,D20
E24481,D09
E24482,D03
E24483,D09
E24484,D10
E24485,D09
E24486,D01
E24487,D17
E24488,D09
E24489,D12
E24490,D08
E24491,D09
E24492,D15
E24493,D02
E24494,D09
E24495,D18
E24496,D09
E24497,D18
E24498,D09
E24499,D19
E24500,D19
E24501,D19
E24502,D14
E24503,D10
E24504,D15
E24505,D02
E24506,D11
E24507,D15
E24508,D10
E24509,D08
E24510,D05
E24511,D16
E24512,D18
E24513,D07
E24514,D04
E24515,D20
E24516,D12
E24517,D03
E24518,D18
E24519,D02
E24520,D20
E24521,D04
E24522,D03
E24523,D11
E24524,D04
E24525,D04
E24526,D07
E24527,D09
E24528,D05
E24529,D17
E24530,D13
E24531,D02
E24532,D10
E24533,D11
E24534,D18
E24535,D14
E24536,D11
E24537,D18
E24538,D13
E24539,D13
E24540,D04
E24541,D01
E24542,D06
E24543,D15
E24544,D10
E24545,D18
E24546,D14
E24547,D14
E24548,D12
E24549,D16
E24550,D02
E24551,D17
E24552,D12
E24553,D07
E24554,D10
E24555,D12
E24556,D12
E24557,D20
E24558,D04
E24559,D16
E24560,D13
E24561,D01
E24562,D06
E24563,D07
E24564,D18
E24565,D06
E24566,D03
E24567,D12
E24568,D10
E24569,D03
E24570,D18
E24571,D12
E24572,D08
E24573,D12
E24574,D03
E24575,D08
E24576,D13
E24577,D03
E24578,D18
E24579,D11
E24580,D18
E24581,D05
E24582,D16
E24583,D01
E24584,D19
E24585,D17
E24586,D05
E24587,D20
E24588,D03
E24589,D15
E24590,D02
E24591,D05
E24592,D16
E24593,D17
E24594,D06
E24595,D14
E24596,D13
E24597,D19
E24598,D08
E24599,D18
E24600,D16
E24601,D02
E24602,D05
E24603,D05
E24604,D10
E24605,D02
E24606,D18
E24607,D20
E24608,D04
E24609,D03
E24610,D11
E24611,D17
E24612,D11
E24613,D04
E24614,D10
E24615,D20
E24616,D02
E24617,D15
E24618,D17
E24619,D06
E24620,D08
E24621,D20
E24622,D04
E24623,D14
E24624,D13
E24625,D17
E24626,D03
E24627,D10
E24628,D20
E24629,D05
E24630,D13
E24631,D08
E24632,D18
E24633,D14
E24634,D11
E24635,D16
E24636,D12
E24637,D10
E24638,D16
E24639,D19
E24640,D18
E24641,D12
E24642,D12
E24643,D13
E24644,D04
E24645,D15
E24646,D20
E24647,D19
E24648,D16
E24649,D10
E24650,D15
E24651,D15
E24652,D11
E24653,D01
E24654,D07
E24655,D01
E24656,D16
E24657,D17
E24658,D20
E24659,D01
E24660,D13
E24661,D10
E24662,D08
E24663,D11
E24664,D07
E24665,D09
E24666,D03
E24667,D17
E24668,D15
E24669,D07
E24670,D05
E24671,D20
E24672,D06
E24673,D08
E24674,D17
E24675,D11
E24676,D20
E24677,D10
E24678,D14
E24679,D01
E24680,D01
E24681,D17
E24682,D18
E24683,D05
E24684,D15
E24685,D01
E24686,D16
E24687,D11
E24688,D14
E24689,D06
E24690,D01
E24691,D20
E24692,D13
E24693,D13
E24694,D02
E24695,D06
E24696,D14
E24697,D14
E24698,D12
E24699,D16
E24700,D13
E24701,D11
E24702,D04
E24703,D10
E24704,D01
E24705,D01
E24706,D15
E24707,D12
E24708,D01
E24709,D18
E24710,D07
E24711,D07
E24712,D04
E24713,D20
E24714,D18
E24715,D18
E24716,D02
E24717,D05
E24718,D12
E24719,D10
E24720,D20
E24721,D02
E24722,D02
E24723,D03
E24724,D02
E24725,D01
E24726,D07
E24727,D20
E24728,D05
E24729,D01
E24730,D11
E24731,D07
E24732,D19
E24733,D16
E24734,D01
E24735,D03
E24736,D15
E24737,D04
E24738,D01
E24739,D15
E24740,D07
E24741,D07
E24742,D12
E24743,D15
E24744,D01
E24745,D12
E24746,D07
E24747,D02
E24748,D17
E24749,D18
E24750,D09
E24751,D11
E24752,D16
E24753,D13
E24754,D11
E24755,D14
E24756,D02
E24757,D16
E24758,D14
E24759,D09
E24760,D18
E24761,D11
E24762,D01
E24763,D18
E24764,D15
E24765,D04
E24766,D10
E24767,D11
E24768,D02
E24769,D13
E24770,D02
E24771,D06
E24772,D07
E24773,D03
E24774,D14
E24775,D18
E24776,D13
E24777,D04
E24778,D02
E24779,D02
E24780,D11
E24781,D03
E24782,D02
E24783,D12
E24784,D10
E24785,D12
E24786,D01
E24787,D09
E24788,D15
E24789,D18
E24790,D09
E24791,D07
E24792,D06
E24793,D04
E24794,D16
E24795,D16
E24796,D16
E24797,D13
E24798,D07
E24799,D17
E24800,D12
E24801,D15
E24802,D03
E24803,D02
E24804,D04
E24805,D01
E24806,D14
E24807,D11
E24808,D09
E24809,D07
E24810,D06
E24811,D09
E24812,D16
E24813,D16
E24814,D16
E24815,D09
E24816,D07
E24817,D10
E24818,D12
E24819,D19
E24820,D17
E24821,D12
E24822,D15
E24823,D02
E24824,D17
E24825,D12
E24826,D17
E24827,D20
E24828,D11
E24829,D20
E24830,D14
E24831,D15
E24832,D10
E24833,D07
E24834,D16
E24835,D20
E24836,D04
E24837,D18
E24838,D19
E24839,D09
E24840,D16
E24841,D08
E24842,D15
E24843,D04
E24844,D15
E24845,D10
E24846,D09
E24847,D04
E24848,D13
E24849,D12
E24850,D17
E24851,D03
E24852,D11
E24853,D18
E24854,D20
E24855,D13
E24856,D04
E24857,D20
E24858,D19
E24859,D09
E24860,D02
E24861,D10
E24862,D01
E24863,D02
E24864,D02
E24865,D16
E24866,D01
E24867,D14
E24868,D07
E24869,D08
E24870,D19
E24871,D10
E24872,D11
E24873,D20
E24874,D13
E24875,D19
E24876,D11
E24877,D13
E24878,D06
E24879,D20
E24880,D20
E24881,D03
E24882,D03
E24883,D05
E24884,D01
E24885,D01
E24886,D04
E24887,D15
E24888,D05
E24889,D07
E24890,D17
E24891,D10
E24892,D10
E24893,D18
E24894,D08
E24895,D19
E24896,D01
E24897,D13
E24898,D07
E24899,D09
E24900,D08
E24901,D09
E24902,D07
E24903,D10
E24904,D18
E24905,D17
E24906,D02
E24907,D11
E24908,D08
E24909,D01
E24910,D11
E24911,D05
E24912,D16
E24913,D01
E24914,D02
E24915,D01
E24916,D18
E24917,D19
E24918,D16
E24919,D15
E24920,D08
E24921,D05
E24922,D02
E24923,D10
E24924,D11
E24925,D12
E24926,D12
E24927,D17
E24928,D07
E24929,D04
E24930,D14
E24931,D09
E24932,D13
E24933,D02
E24934,D17
E24935,D14
E24936,D10
E24937,D12
E24938,D17
E24939,D16
E24940,D03
E24941,D04
E24942,D11
E24943,D18
E24944,D08
E24945,D14
E24946,D14
E24947,D08
E24948,D12
E24949,D19
E24950,D01
E24951,D19
E24952,D16
E24953,D02
E24954,D18
E24955,D05
E24956,D12
E24957,D15
E24958,D07
E24959,D14
E24960,D03
E24961,D08
E24962,D01
E24963,D18
E24964,D08
E24965,D17
E24966,D04
E24967,D01
E24968,D10
E24969,D18
E24970,D07
E24971,D17
E24972,D18
E24973,D06
E24974,D14
E24975,D17
E24976,D08
E24977,D04
E24978,D15
E24979,D20
E24980,D08
E24981,D04
E24982,D19
E24983,D17
E24984,D10
E24985,D10
E24986,D08
E24987,D12
E24988,D14
E24989,D01
E24990,D12
E24991,D10
E24992,D08
E24993,D04
E24994,D02
E24995,D15
E24996,D09
E24997,D06
E24998,D08
E24999,D20
E25000,D07
E25001,D09
E25002,D07
E25003,D15
E25004,D07
E25005,D13
E25006,D09
E25007,D16
E25008,D13
E25009,D17
E25010,D15
E25011,D11
E25012,D08
E25013,D09
E25014,D20
E25015,D19
E25016,D14
E25017,D08
E25018,D01
E25019,D16
E25020,D19
E25021,D18
E25022,D13
E25023,D02
E25024,D10
E25025,D01
E25026,D07
E25027,D04
E25028,D06
E25029,D02
E25030,D02
E25031,D18
E25032,D19
E25033,D01
E25034,D14
E25035,D11
E25036,D03
E25037,D16
E25038,D13
E25039,D10
E25040,D01
E25041,D20
E25042,D08
E25043,D15
E25044,D08
E25045,D11
E25046,D08
E25047,D18
E25048,D09
E25049,D06
E25050,D07
E25051,D16
E25052,D12
E25053,D01
E25054,D10
E25055,D08
E25056,D03
E25057,D01
E25058,D14
E25059,D14
E25060,D18
E25061,D10
E25062,D17
E25063,D07
E25064,D10
E25065,D16
E25066,D09
E25067,D13
E25068,D03
E25069,D02
E25070,D05
E25071,D06
E25072,D11
E25073,D20
E25074,D10
E25075,D10
E25076,D11
E25077,D15
E25078,D04
E25079,D09
E25080,D16
E25081,D11
E25082,D18
E25083,D04
E25084,D17
E25085,D04
E25086,D18
E25087,D18
E25088,D06
E25089,D05
E25090,D08
E25091,D07
E25092,D06
E25093,D02
E25094,D02
E25095,D20
E25096,D10
E25097,D15
E25098,D05
E25099,D18
E25100,D15
E25101,D17
E25102,D09
E25103,D08
E25104,D11
E25105,D18
E25106,D15
E25107,D17
E25108,D07
E25109,D19
E25110,D06
E25111,D08
E25112,D02
E25113,D18
E25114,D02
E25115,D14
E25116,D07
E25117,D20
E25118,D20
E25119,D02
E25120,D06
E25121,D14
E25122,D03
E25123,D02
E25124,D08
E25125,D20
E25126,D01
E25127,D12
E25128,D11
E25129,D14
E25130,D17
E25131,D06
E25132,D17
E25133,D15
E25134,D12
E25135,D17
E25136,D09
E25137,D05
E25138,D10
E25139,D03
E25140,D05
E25141,D10
E25142,D03
E25143,D20
E25144,D18
E25145,D20
E25146,D03
E25147,D10
E25148,D17
E25149,D08
E25150,D17
E25151,D14
E25152,D07
E25153,D12
E25154,D06
E25155,D15
E25156,D16
E25157,D19
E25158,D11
E25159,D17
E25160,D03
E25161,D20
E25162,D15
E25163,D03
E25164,D01
E25165,D08
E25166,D10
E25167,D07
E25168,D17
E25169,D12
E25170,D06
E25171,D02
E25172,D08
E25173,D15
E25174,D10
E25175,D15
E25176,D16
E25177,D02
E25178,D05
E25179,D20
E25180,D09
E25181,D15
E25182,D06
E25183,D06
E25184,D20
E25185,D06
E25186,D03
E25187,D03
E25188,D11
E25189,D09
E25190,D16
E25191,D12
E25192,D03
E25193,D02
E25194,D06
E25195,D19
E25196,D17
E25197,D11
E25198,D03
E25199,D04
E25200,D13
E25201,D17
E25202,D19
E25203,D12
E25204,D11
E25205,D17
E25206,D15
E25207,D15
E25208,D10
E25209,D10
E25210,D05
E25211,D20
E25212,D11
E25213,D20
E25214,D07
E25215,D17
E25216,D13
E25217,D17
E25218,D18
E25219,D09
E25220,D20
E25221,D19
E25222,D01
E25223,D09
E25224,D16
E25225,D16
E25226,D05
E25227,D05
E25228,D17
E25229,D09
E25230,D10
E25231,D01
E25232,D07
E25233,D16
E25234,D02
E25235,D18
E25236,D07
E25237,D03
E25238,D02
E25239,D10
E25240,D10
E25241,D20
E25242,D16
E25243,D20
E25244,D10
E25245,D04
E25246,D06
E25247,D16
E25248,D10
E25249,D09
E25250,D17
E25251,D13
E25252,D06
E25253,D03
E25254,D02
E25255,D03
E25256,D02
E25257,D09
E25258,D07
E25259,D20
E25260,D18
E25261,D13
E25262,D05
E25263,D17
E25264,D13
E25265,D18
E25266,D19
E25267,D07
E25268,D18
E25269,D18
E25270,D17
E25271,D08
E25272,D14
E25273,D15
E25274,D02
E25275,D10
E25276,D12
E25277,D08
E25278,D03
E25279,D05
E25280,D06
E25281,D05
E25282,D03
E25283,D13
E25284,D10
E25285,D14
E25286,D09
E25287,D04
E25288,D15
E25289,D02
E25290,D19
E25291,D12
E25292,D03
E25293,D07
E25294,D07
E25295,D12
E25296,D08
E25297,D18
E25298,D14
E25299,D20
E25300,D06
E25301,D15
E25302,D10
E25303,D04
E25304,D14
E25305,D07
E25306,D08
E25307,D18
E25308,D05
E25309,D17
E25310,D13
E25311,D18
E25312,D19
E25313,D12
E25314,D04
E25315,D03
E25316,D05
E25317,D19
E25318,D09
E25319,D16
E25320,D17
E25321,D06
E25322,D20
E25323,D11
E25324,D06
E25325,D17
E25326,D13
E25327,D13
E25328,D15
E25329,D14
E25330,D12
E25331,D15
E25332,D02
E25333,D20
E25334,D08
E25335,D12
E25336,D08
E25337,D20
E25338,D04
E25339,D07
E25340,D17
E25341,D09
E25342,D06
E25343,D18
E25344,D07
E25345,D13
E25346,D13
E25347,D07
E25348,D14
E25349,D06
E25350,D14
E25351,D04
E25352,D12
E25353,D17
E25354,D03
E25355,D18
E25356,D06
E25357,D10
E25358,D08
E25359,D15
E25360,D16
E25361,D11
E25362,D06
E25363,D09
E25364,D18
E25365,D18
E25366,D12
E25367,D13
E25368,D13
E25369,D18
E25370,D17
E25371,D18
E25372,D18
E25373,D04
E25374,D12
E25375,D04
E25376,D15
E25377,D01
E25378,D04
E25379,D12
E25380,D08
E25381,D14
E25382,D15
E25383,D13
E25384,D11
E25385,D10
E25386,D20
E25387,D11
E25388,D01
E25389,D08
E25390,D07
E25391,D19
E25392,D02
E25393,D12
E25394,D11
E25395,D04
E25396,D13
E25397,D19
E25398,D02
E25399,D05
E25400,D17
E25401,D08
E25402,D18
E25403,D06
E25404,D17
E25405,D06
E25406,D13
E25407,D07
E25408,D16
E25409,D17
E25410,D19
E25411,D19
E25412,D14
E25413,D06
E25414,D06
E25415,D06
E25416,D15
E25417,D12
E25418,D03
E25419,D15
E25420,D18
E25421,D10
E25422,D14
E25423,D18
E25424,D14
E25425,D15
E25426,D09
E25427,D16
E25428,D03
E25429,D17
E25430,D16
E25431,D19
E25432,D17
E25433,D09
E25434,D18
E25435,D03
E25436,D17
E25437,D12
E25438,D05
E25439,D07
E25440,D05
E25441,D03
E25442,D03
E25443,D17
E25444,D16
E25445,D10
E25446,D17
E25447,D17
E25448,D05
E25449,D02
E25450,D02
E25451,D13
E25452,D11
E25453,D19
E25454,D14
E25455,D11
E25456,D20
E25457,D10
E25458,D09
E25459,D16
E25460,D11
E25461,D16
E25462,D10
E25463,D16
E25464,D13
E25465,D07
E25466,D16
E25467,D14
E25468,D06
E25469,D12
E25470,D04
E25471,D13
E25472,D04
E25473,D03
E25474,D12
E25475,D14
E25476,D19
E25477,D20
E25478,D01
E25479,D20
E25480,D13
E25481,D03
E25482,D20
E25483,D02
E25484,D03
E25485,D13
E25486,D13
E25487,D18
E25488,D20
E25489,D04
E25490,D18
E25491,D13
E25492,D14
E25493,D01
E25494,D05
E25495,D18
E25496,D16
E25497,D14
E25498,D06
E25499,D01
E25500,D15
E25501,D18
E25502,D18
E25503,D12
E25504,D12
E25505,D06
E25506,D17
E25507,D10
E25508,D08
E25509,D06
E25510,D04
E25511,D12
E25512,D03
E25513,D18
E25514,D02
E25515,D10
E25516,D13
E25517,D18
E25518,D02
E25519,D07
E25520,D10
E25521,D18
E25522,D17
E25523,D14
E25524,D07
E25525,D01
E25526,D04
E25527,D19
E25528,D20
E25529,D04
E25530,D20
E25531,D14
E25532,D07
E25533,D13
E25534,D12
E25535,D11
E25536,D07
E25537,D20
E25538,D17
E25539,D17
E25540,D11
E25541,D14
E25542,D06
E25543,D07
E25544,D08
E25545,D20
E25546,D01
E25547,D08
E25548,D08
E25549,D13
E25550,D05
E25551,D09
E25552,D11
E25553,D14
E25554,D10
E25555,D13
E25556,D10
E25557,D08
E25558,D10
E25559,D09
E25560,D16
E25561,D06
E25562,D02
E25563,D03
E25564,D03
E25565,D12
E25566,D18
E25567,D05
E25568,D11
E25569,D04
E25570,D14
E25571,D06
E25572,D10
E25573,D09
E25574,D13
E25575,D12
E25576,D15
E25577,D17
E25578,D20
E25579,D04
E25580,D04
E25581,D10
E25582,D01
E25583,D12
E25584,D03
E25585,D11
E25586,D10
E25587,D05
E25588,D17
E25589,D04
E25590,D17
E25591,D04
E25592,D13
E25593,D15
E25594,D06
E25595,D13
E25596,D03
E25597,D15
E25598,D12
E25599,D15
E25600,D07
E25601,D01
E25602,D05
E25603,D19
E25604,D02
E25605,D03
E25606,D10
E25607,D16
E25608,D15
E25609,D16
E25610,D13
E25611,D05
E25612,D06
E25613,D16
E25614,D13
E25615,D09
E25616,D04
E25617,D09
E25618,D11
E25619,D05
E25620,D03
E25621,D08
E25622,D11
E25623,D17
E25624,D19
E25625,D01
E25626,D17
E25627,D06
E25628,D18
E25629,D19
E25630,D19
E25631,D13
E25632,D04
E25633,D06
E25634,D14
E25635,D09
E25636,D19
E25637,D01
E25638,D18
E25639,D10
E25640,D20
E25641,D04
E25642,D19
E25643,D19
E25644,D19
E25645,D05
E25646,D20
E25647,D02
E25648,D04
E25649,D14
E25650,D05
E25651,D08
E25652,D13
E25653,D18
E25654,D13
E25655,D03
E25656,D03
E25657,D08
E25658,D16
E25659,D10
E25660,D08
E25661,D03
E25662,D01
E25663,D01
E25664,D03
E25665,D01
E25666,D16
E25667,D06
E25668,D09
E25669,D19
E25670,D14
E25671,D14
E25672,D07
E25673,D05
E25674,D10
E25675,D07
E25676,D18
E25677,D09
E25678,D05
E25679,D03
E25680,D14
E25681,D11
E25682,D02
E25683,D02
E25684,D04
E25685,D02
E25686,D04
E25687,D13
E25688,D02
E25689,D10
E25690,D18
E25691,D18
E25692,D01
E25693,D05
E25694,D04
E25695,D15
E25696,D16
E25697,D17
E25698,D12
E25699,D06
E25700,D14
E25701,D18
E25702,D20
E25703,D11
E25704,D10
E25705,D04
E25706,D03
E25707,D12
E25708,D15
E25709,D12
E25710,D16
E25711,D07
E25712,D19
E25713,D10
E25714,D18
E25715,D19
E25716,D08
E25717,D03
E25718,D16
E25719,D06
E25720,D06
E25721,D10
E25722,D16
E25723,D18
E25724,D11
E25725,D08
E25726,D09
E25727,D12
E25728,D04
E25729,D01
E25730,D14
E25731,D10
E25732,D01
E25733,D08
E25734,D12
E25735,D19
E25736,D12
E25737,D04
E25738,D06
E25739,D08
E25740,D10
E25741,D11
E25742,D12
E25743,D02
E25744,D19
E25745,D13
E25746,D08
E25747,D20
E25748,D20
E25749,D18
E25750,D04
E25751,D14
E25752,D15
E25753,D04
E25754,D07
E25755,D04
E25756,D11
E25757,D01
E25758,D17
E25759,D02
E25760,D18
E25761,D04
E25762,D09
E25763,D12
E25764,D15
E25765,D12
E25766,D03
E25767,D12
E25768,D01
E25769,D09
E25770,D05
E25771,D04
E25772,D01
E25773,D17
E25774,D11
E25775,D07
E25776,D10
E25777,D11
E25778,D09
E25779,D19
E25780,D14
E25781,D06
E25782,D06
E25783,D10
E25784,D09
E25785,D04
E25786,D09
E25787,D07
E25788,D05
E25789,D13
E25790,D17
E25791,D14
E25792,D02
E25793,D12
E25794,D20
E25795,D17
E25796,D04
E25797,D19
E25798,D04
E25799,D08
E25800,D07
E25801,D10
E25802,D14
E25803,D12
E25804,D01
E25805,D11
E25806,D08
E25807,D06
E25808,D09
E25809,D18
E25810,D14
E25811,D18
E25812,D20
E25813,D10
E25814,D13
E25815,D09
E25816,D02
E25817,D20
E25818,D08
E25819,D03
E25820,D19
E25821,D09
E25822,D18
E25823,D04
E25824,D20
E25825,D03
E25826,D10
E25827,D05
E25828,D17
E25829,D06
E25830,D01
E25831,D15
E25832,D06
E25833,D02
E25834,D13
E25835,D03
E25836,D15
E25837,D07
E25838,D18
E25839,D02
E25840,D11
E25841,D15
E25842,D06
E25843,D18
E25844,D09
E25845,D13
E25846,D08
E25847,D12
E25848,D16
E25849,D15
E25850,D03
E25851,D10
E25852,D04
E25853,D03
E25854,D14
E25855,D06
E25856,D11
E25857,D12
E25858,D14
E25859,D01
E25860,D02
E25861,D06
E25862,D02
E25863,D10
E25864,D18
E25865,D05
E25866,D06
E25867,D13
E25868,D11
E25869,D09
E25870,D10
E25871,D11
E25872,D15
E25873,D04
E25874,D18
E25875,D07
E25876,D17
E25877,D15
E25878,D16
E25879,D12
E25880,D04
E25881,D02
E25882,D01
E25883,D20
E25884,D15
E25885,D05
E25886,D11
E25887,D08
E25888,D17
E25889,D11
E25890,D04
E25891,D04
E25892,D12
E25893,D05
E25894,D14
E25895,D01
E25896,D17
E25897,D08
E25898,D05
E25899,D05
E25900,D18
E25901,D10
E25902,D01
E25903,D03
E25904,D06
E25905,D13
E25906,D08
E25907,D20
E25908,D10
E25909,D20
E25910,D04
E25911,D10
E25912,D10
E25913,D02
E25914,D18
E25915,D15
E25916,D11
E25917,D18
E25918,D06
E25919,D20
E25920,D01
E25921,D15
E25922,D13
E25923,D14
E25924,D10
E25925,D16
E25926,D08
E25927,D04
E25928,D12
E25929,D20
E25930,D09
E25931,D01
E25932,D08
E25933,D07
E25934,D02
E25935,D09
E25936,D09
E25937,D17
E25938,D02
E25939,D16
E25940,D17
E25941,D11
E25942,D18
E25943,D03
E25944,D19
E25945,D16
E25946,D05
E25947,D13
E25948,D18
E25949,D03
E25950,D05
E25951,D06
E25952,D18
E25953,D06
E25954,D08
E25955,D16
E25956,D20
E25957,D05
E25958,D15
E25959,D20
E25960,D13
E25961,D11
E25962,D08
E25963,D09
E25964,D15
E25965,D11
E25966,D17
E25967,D11
E25968,D16
E25969,D18
E25970,D15
E25971,D06
E25972,D01
E25973,D13
E25974,D06
E25975,D12
E25976,D11
E25977,D10
E25978,D18
E25979,D07
E25980,D05
E25981,D19
E25982,D03
E25983,D06
E25984,D08
E25985,D20
E25986,D17
E25987,D18
E25988,D19
E25989,D07
E25990,D19
E25991,D17
E25992,D01
E25993,D03
E25994,D17
E25995,D11
E25996,D02
E25997,D20
E25998,D03
E25999,D14
E26000,D18
E26001,D03
E26002,D20
E26003,D14
E26004,D17
E26005,D15
E26006,D19
E26007,D17
E26008,D02
E26009,D04
E26010,D17
E26011,D12
E26012,D01
E26013,D11
E26014,D12
E26015,D09
E26016,D12
E26017,D15
E26018,D06
E26019,D18
E26020,D13
E26021,D13
E26022,D14
E26023,D10
E26024,D05
E26025,D06
E26026,D10
E26027,D19
E26028,D09
E26029,D19
E26030,D07
E26031,D03
E26032,D02
E26033,D10
E26034,D19
E26035,D13
E26036,D11
E26037,D20
E26038,D05
E26039,D09
E26040,D02
E26041,D02
E26042,D16
E26043,D11
E26044,D02
E26045,D11
E26046,D03
E26047,D13
E26048,D05
E26049,D14
E26050,D12
E26051,D20
E26052,D05
E26053,D04
E26054,D05
E26055,D14
E26056,D20
E26057,D09
E26058,D15
E26059,D16
E26060,D17
E26061,D09
E26062,D10
E26063,D07
E26064,D05
E26065,D02
E26066,D10
E26067,D05
E26068,D05
E26069,D05
E26070,D17
E26071,D10
E26072,D02
E26073,D10
E26074,D11
E26075,D15
E26076,D03
E26077,D04
E26078,D08
E26079,D05
E26080,D01
E26081,D07
E26082,D19
E26083,D03
E26084,D03
E26085,D05
E26086,D01
E26087,D03
E26088,D15
E26089,D19
E26090,D17
E26091,D01
E26092,D02
E26093,D16
E26094,D18
E26095,D15
E26096,D10
E26097,D05
E26098,D13
E26099,D11
E26100,D05
E26101,D16
E26102,D18
E26103,D15
E26104,D19
E26105,D05
E26106,D07
E26107,D14
E26108,D02
E26109,D04
E26110,D12
E26111,D07
E26112,D19
E26113,D02
E26114,D15
E26115,D09
E26116,D19
E26117,D15
E26118,D16
E26119,D05
E26120,D03
E26121,D09
E26122,D10
E26123,D06
E26124,D08
E26125,D13
E26126,D15
E26127,D03
E26128,D16
E26129,D09
E26130,D13
E26131,D10
E26132,D18
E26133,D10
E26134,D07
E26135,D19
E26136,D10
E26137,D04
E26138,D16
E26139,D09
E26140,D04
E26141,D15
E26142,D04
E26143,D02
E26144,D08
E26145,D06
E26146,D13
E26147,D02
E26148,D09
E26149,D18
E26150,D17
E26151,D18
E26152,D02
E26153,D13
E26154,D05
E26155,D04
E26156,D19
E26157,D16
E26158,D08
E26159,D08
E26160,D08
E26161,D03
E26162,D10
E26163,D03
E26164,D03
E26165,D15
E26166,D18
E26167,D20
E26168,D04
E26169,D02
E26170,D07
E26171,D16
E26172,D19
E26173,D10
E26174,D02
E26175,D05
E26176,D20
E26177,D14
E26178,D16
E26179,D02
E26180,D15
E26181,D14
E26182,D14
E26183,D12
E26184,D07
E26185,D14
E26186,D08
E26187,D07
E26188,D03
E26189,D01
E26190,D08
E26191,D11
E26192,D12
E26193,D14
E26194,D09
E26195,D01
E26196,D14
E26197,D20
E26198,D10
E26199,D01
E26200,D09
E26201,D06
E26202,D17
E26203,D07
E26204,D16
E26205,D20
E26206,D18
E26207,D08
E26208,D12
E26209,D05
E26210,D14
E26211,D01
E26212,D12
E26213,D11
E26214,D03
E26215,D15
E26216,D03
E26217,D17
E26218,D13
E26219,D14
E26220,D20
E26221,D03
E26222,D11
E26223,D10
E26224,D13
E26225,D02
E26226,D01
E26227,D14
E26228,D12
E26229,D09
E26230,D04
E26231,D20
E26232,D14
E26233,D16
E26234,D14
E26235,D10
E26236,D08
E26237,D08
E26238,D11
E26239,D07
E26240,D07
E26241,D03
E26242,D13
E26243,D15
E26244,D05
E26245,D12
E26246,D08
E26247,D20
E26248,D08
E26249,D12
E26250,D09
E26251,D03
E26252,D13
E26253,D19
E26254,D16
E26255,D05
E26256,D11
E26257,D01
E26258,D10
E26259,D08
E26260,D03
E26261,D18
E26262,D17
E26263,D14
E26264,D15
E26265,D11
E26266,D18
E26267,D02
E26268,D01
E26269,D18
E26270,D03
E26271,D04
E26272,D08
E26273,D14
E26274,D18
E26275,D13
E26276,D17
E26277,D16
E26278,D04
E26279,D15
E26280,D12
E26281,D11
E26282,D16
E26283,D03
E26284,D09
E26285,D09
E26286,D13
E26287,D19
E26288,D04
E26289,D10
E26290,D18
E26291,D19
E26292,D10
E26293,D02
E26294,D05
E26295,D15
E26296,D03
E26297,D11
E26298,D10
E26299,D16
E26300,D12
E26301,D13
E26302,D08
E26303,D08
E26304,D14
E26305,D07
E26306,D04
E26307,D19
E26308,D16
E26309,D20
E26310,D14
E26311,D01
E26312,D02
E26313,D04
E26314,D12
E26315,D15
E26316,D18
E26317,D07
E26318,D08
E26319,D19
E26320,D12
E26321,D17
E26322,D10
E26323,D13
E26324,D18
E26325,D17
E26326,D02
E26327,D04
E26328,D01
E26329,D04
E26330,D18
E26331,D20
E26332,D14
E26333,D09
E26334,D19
E26335,D20
E26336,D12
E26337,D03
E26338,D06
E26339,D07
E26340,D05
E26341,D01
E26342,D01
E26343,D09
E26344,D15
E26345,D04
E26346,D02
E26347,D01
E26348,D02
E26349,D20
E26350,D06
E26351,D17
E26352,D08
E26353,D07
E26354,D05
E26355,D16
E26356,D13
E26357,D02
E26358,D20
E26359,D14
E26360,D11
E26361,D01
E26362,D01
E26363,D18
E26364,D04
E26365,D11
E26366,D09
E26367,D15
E26368,D15
E26369,D18
E26370,D11
E26371,D11
E26372,D04
E26373,D16
E26374,D09
E26375,D09
E26376,D05
E26377,D16
E26378,D02
E26379,D08
E26380,D15
E26381,D18
E26382,D15
E26383,D12
E26384,D09
E26385,D02
E26386,D04
E26387,D08
E26388,D10
E26389,D01
E26390,D13
E26391,D13
E26392,D12
E26393,D01
E26394,D03
E26395,D02
E26396,D09
E26397,D04
E26398,D14
E26399,D06
E26400,D06
E26401,D11
E26402,D19
E26403,D11
E26404,D02
E26405,D10
E26406,D09
E26407,D03
E26408,D09
E26409,D09
E26410,D07
E26411,D13
E26412,D18
E26413,D01
E26414,D14
E26415,D15
E26416,D07
E26417,D02
E26418,D06
E26419,D13
E26420,D07
E26421,D19
E26422,D16
E26423,D20
E26424,D02
E26425,D12
E26426,D16
E26427,D15
E26428,D17
E26429,D03
E26430,D14
E26431,D03
E26432,D13
E26433,D08
E26434,D16
E26435,D18
E26436,D16
E26437,D16
E26438,D05
E26439,D07
E26440,D20
E26441,D04
E26442,D09
E26443,D06
E26444,D03
E26445,D10
E26446,D14
E26447,D10
E26448,D15
E26449,D10
E26450,D03
E26451,D01
E26452,D10
E26453,D20
E26454,D15
E26455,D04
E26456,D05
E26457,D14
E26458,D06
E26459,D20
E26460,D19
E26461,D17
E26462,D07
E26463,D06
E26464,D01
E26465,D02
E26466,D11
E26467,D18
E26468,D20
E26469,D03
E26470,D16
E26471,D18
E26472,D13
E26473,D03
E26474,D02
E26475,D10
E26476,D06
E26477,D16
E26478,D17
E26479,D03
E26480,D10
E26481,D18
E26482,D02
E26483,D18
E26484,D03
E26485,D07
E26486,D09
E26487,D07
E26488,D12
E26489,D14
E26490,D16
E26491,D15
E26492,D18
E26493,D04
E26494,D14
E26495,D09
E26496,D06
E26497,D04
E26498,D15
E26499,D09
E26500,D04
E26501,D05
E26502,D14
E26503,D07
E26504,D08
E26505,D17
E26506,D14
E26507,D06
E26508,D11
E26509,D01
E26510,D07
E26511,D13
E26512,D11
E26513,D17
E26514,D12
E26515,D06
E26516,D06
E26517,D09
E26518,D16
E26519,D06
E26520,D11
E26521,D08
E26522,D04
E26523,D09
E26524,D17
E26525,D12
E26526,D03
E26527,D10
E26528,D09
E26529,D03
E26530,D18
E26531,D15
E26532,D03
E26533,D20
E26534,D01
E26535,D02
E26536,D18
E26537,D12
E26538,D01
E26539,D20
E26540,D20
E26541,D16
E26542,D04
E26543,D03
E26544,D08
E26545,D10
E26546,D02
E26547,D03
E26548,D20
E26549,D19
E26550,D15
E26551,D13
E26552,D02
E26553,D03
E26554,D05
E26555,D12
E26556,D08
E26557,D04
E26558,D13
E26559,D10
E26560,D01
E26561,D17
E26562,D15
E26563,D14
E26564,D05
E26565,D13
E26566,D18
E26567,D02
E26568,D14
E26569,D06
E26570,D09
E26571,D04
E26572,D06
E26573,D16
E26574,D13
E26575,D12
E26576,D20
E26577,D02
E26578,D09
E26579,D15
E26580,D11
E26581,D14
E26582,D20
E26583,D18
E26584,D13
E26585,D08
E26586,D04
E26587,D19
E26588,D04
E26589,D05
E26590,D03
E26591,D06
E26592,D16
E26593,D20
E26594,D17
E26595,D17
E26596,D18
E26597,D13
E26598,D08
E26599,D15
E26600,D03
E26601,D15
E26602,D14
E26603,D10
E26604,D09
E26605,D02
E26606,D10
E26607,D18
E26608,D18
E26609,D18
E26610,D05
E26611,D06
E26612,D20
E26613,D08
E26614,D04
E26615,D15
E26616,D04
E26617,D12
E26618,D15
E26619,D18
E26620,D02
E26621,D06
E26622,D01
E26623,D02
E26624,D07
E26625,D06
E26626,D05
E26627,D12
E26628,D16
E26629,D18
E26630,D20
E26631,D10
E26632,D12
E26633,D01
E26634,D08
E26635,D06
E26636,D07
E26637,D16
E26638,D12
E26639,D13
E26640,D14
E26641,D18
E26642,D15
E26643,D03
E26644,D13
E26645,D08
E26646,D07
E26647,D03
E26648,D13
E26649,D20
E26650,D09
E26651,D04
E26652,D07
E26653,D01
E26654,D15
E26655,D12
E26656,D18
E26657,D03
E26658,D12
E26659,D12
E26660,D07
E26661,D13
E26662,D14
E26663,D02
E26664,D11
E26665,D12
E26666,D03
E26667,D14
E26668,D15
E26669,D02
E26670,D16
E26671,D03
E26672,D04
E26673,D14
E26674,D17
E26675,D06
E26676,D19
E26677,D02
E26678,D18
E26679,D10
E26680,D18
E26681,D20
E26682,D08
E26683,D08
E26684,D14
E26685,D07
E26686,D20
E26687,D16
E26688,D04
E26689,D03
E26690,D17
E26691,D17
E26692,D12
E26693,D13
E26694,D08
E26695,D09
E26696,D15
E26697,D10
E26698,D20
E26699,D03
E26700,D07
E26701,D16
E26702,D10
E26703,D02
E26704,D04
E26705,D18
E26706,D13
E26707,D07
E26708,D03
E26709,D13
E26710,D17
E26711,D16
E26712,D06
E26713,D03
E26714,D13
E26715,D20
E26716,D04
E26717,D18
E26718,D19
E26719,D12
E26720,D06
E26721,D20
E26722,D09
E26723,D17
E26724,D11
E26725,D03
E26726,D19
E26727,D08
E26728,D11
E26729,D09
E26730,D08
E26731,D20
E26732,D01
E26733,D18
E26734,D20
E26735,D15
E26736,D07
E26737,D16
E26738,D03
E26739,D04
E26740,D06
E26741,D13
E26742,D13
E26743,D11
E26744,D03
E26745,D17
E26746,D13
E26747,D09
E26748,D17
E26749,D15
E26750,D05
E26751,D10
E26752,D12
E26753,D20
E26754,D13
E26755,D17
E26756,D02
E26757,D19
E26758,D06
E26759,D16
E26760,D03
E26761,D05
E26762,D01
E26763,D01
E26764,D07
E26765,D08
E26766,D01
E26767,D09
E26768,D01
E26769,D15
E26770,D15
E26771,D13
E26772,D13
E26773,D07
E26774,D01
E26775,D04
E26776,D08
E26777,D02
E26778,D19
E26779,D06
E26780,D09
E26781,D12
E26782,D15
E26783,D13
E26784,D08
E26785,D11
E26786,D13
E26787,D10
E26788,D09
E26789,D09
E26790,D12
E26791,D02
E26792,D20
E26793,D17
E26794,D19
E26795,D03
E26796,D15
E26797,D18
E26798,D01
E26799,D19
E26800,D05
E26801,D14
E26802,D10
E26803,D09
E26804,D20
E26805,D12
E26806,D19
E26807,D07
E26808,D20
E26809,D19
E26810,D16
E26811,D07
E26812,D17
E26813,D07
E26814,D09
E26815,D16
E26816,D01
E26817,D08
E26818,D09
E26819,D15
E26820,D09
E26821,D14
E26822,D06
E26823,D05
E26824,D20
E26825,D13
E26826,D02
E26827,D02
E26828,D05
E26829,D11
E26830,D04
E26831,D09
E26832,D01
E26833,D11
E26834,D16
E26835,D10
E26836,D16
E26837,D19
E26838,D08
E26839,D16
E26840,D11
E26841,D01
E26842,D06
E26843,D11
E26844,D19
E26845,D03
E26846,D10
E26847,D19
E26848,D02
E26849,D08
E26850,D03
E26851,D14
E26852,D06
E26853,D16
E26854,D07
E26855,D08
E26856,D09
E26857,D15
E26858,D18
E26859,D17
E26860,D09
E26861,D19
E26862,D20
E26863,D20
E26864,D03
E26865,D12
E26866,D10
E26867,D19
E26868,D04
E26869,D17
E26870,D08
E26871,D05
E26872,D19
E26873,D08
E26874,D08
E26875,D03
E26876,D03
E26877,D04
E26878,D19
E26879,D16
E26880,D10
E26881,D05
E26882,D05
E26883,D13
E26884,D16
E26885,D17
E26886,D14
E26887,D16
E26888,D20
E26889,D17
E26890,D04
E26891,D18
E26892,D14
E26893,D02
E26894,D15
E26895,D10
E26896,D15
E26897,D14
E26898,D10
E26899,D03
E26900,D12
E26901,D02
E26902,D09
E26903,D15
E26904,D05
E26905,D17
E26906,D03
E26907,D15
E26908,D10
E26909,D09
E26910,D15
E26911,D18
E26912,D03
E26913,D18
E26914,D07
E26915,D14
E26916,D13
E26917,D20
E26918,D04
E26919,D13
E26920,D05
E26921,D02
E26922,D02
E26923,D02
E26924,D18
E26925,D05
E26926,D15
E26927,D02
E26928,D05
E26929,D19
E26930,D06
E26931,D12
E26932,D09
E26933,D09
E26934,D01
E26935,D20
E26936,D15
E26937,D12
E26938,D15
E26939,D05
E26940,D09
E26941,D08
E26942,D06
E26943,D12
E26944,D12
E26945,D14
E26946,D13
E26947,D03
E26948,D11
E26949,D20
E26950,D14
E26951,D12
E26952,D06
E26953,D01
E26954,D07
E26955,D15
E26956,D01
E26957,D06
E26958,D11
E26959,D08
E26960,D11
E26961,D14
E26962,D20
E26963,D09
E26964,D05
E26965,D03
E26966,D06
E26967,D16
E26968,D07
E26969,D15
E26970,D06
E26971,D13
E26972,D16
E26973,D20
E26974,D04
E26975,D05
E26976,D12
E26977,D14
E26978,D07
E26979,D11
E26980,D07
E26981,D06
E26982,D11
E26983,D19
E26984,D07
E26985,D15
E26986,D15
E26987,D07
E26988,D14
E26989,D03
E26990,D06
E26991,D03
E26992,D19
E26993,D10
E26994,D13
E26995,D17
E26996,D05
E26997,D10
E26998,D02
E26999,D06
E27000,D14
E27001,D15
E27002,D05
E27003,D14
E27004,D16
E27005,D14
E27006,D07
E27007,D02
E27008,D09
E27009,D16
E27010,D10
E27011,D18
E27012,D11
E27013,D12
E27014,D05
E27015,D04
E27016,D14
E27017,D19
E27018,D09
E27019,D04
E27020,D09
E27021,D07
E27022,D04
E27023,D04
E27024,D17
E27025,D17
E27026,D12
E27027,D11
E27028,D04
E27029,D10
E27030,D09
E27031,D09
E27032,D07
E27033,D11
E27034,D17
E27035,D20
E27036,D08
E27037,D18
E27038,D03
E27039,D12
E27040,D04
E27041,D03
E27042,D11
E27043,D19
E27044,D12
E27045,D01
E27046,D08
E27047,D01
E27048,D15
E27049,D01
E27050,D18
E27051,D03
E27052,D03
E27053,D16
E27054,D09
E27055,D15
E27056,D10
E27057,D17
E27058,D04
E27059,D09
E27060,D17
E27061,D15
E27062,D01
E27063,D03
E27064,D05
E27065,D02
E27066,D05
E27067,D13
E27068,D01
E27069,D06
E27070,D15
E27071,D13
E27072,D09
E27073,D17
E27074,D01
E27075,D18
E27076,D14
E27077,D17
E27078,D18
E27079,D04
E27080,D04
E27081,D16
E27082,D09
E27083,D07
E27084,D05
E27085,D18
E27086,D03
E27087,D17
E27088,D18
E27089,D18
E27090,D13
E27091,D04
E27092,D12
E27093,D15
E27094,D11
E27095,D20
E27096,D18
E27097,D02
E27098,D16
E27099,D13
E27100,D11
E27101,D06
E27102,D19
E27103,D15
E27104,D09
E27105,D08
E27106,D04
E27107,D10
E27108,D07
E27109,D06
E27110,D20
E27111,D12
E27112,D13
E27113,D01
E27114,D09
E27115,D12
E27116,D18
E27117,D10
E27118,D01
E27119,D13
E27120,D08
E27121,D07
E27122,D15
E27123,D12
E27124,D19
E27125,D02
E27126,D09
E27127,D18
E27128,D07
E27129,D18
E27130,D20
E27131,D02
E27132,D02
E27133,D18
E27134,D15
E27135,D20
E27136,D17
E27137,D14
E27138,D01
E27139,D17
E27140,D15
E27141,D05
E27142,D20
E27143,D02
E27144,D02
E27145,D18
E27146,D04
E27147,D19
E27148,D19
E27149,D09
E27150,D16
E27151,D14
E27152,D12
E27153,D02
E27154,D04
E27155,D04
E27156,D12
E27157,D05
E27158,D18
E27159,D11
E27160,D13
E27161,D05
E27162,D09
E27163,D05
E27164,D12
E27165,D15
E27166,D11
E27167,D03
E27168,D16
E27169,D20
E27170,D19
E27171,D07
E27172,D11
E27173,D11
E27174,D05
E27175,D12
E27176,D02
E27177,D09
E27178,D20
E27179,D18
E27180,D02
E27181,D08
E27182,D15
E27183,D15
E27184,D16
E27185,D11
E27186,D04
E27187,D09
E27188,D09
E27189,D05
E27190,D15
E27191,D06
E27192,D07
E27193,D05
E27194,D07
E27195,D15
E27196,D20
E27197,D14
E27198,D02
E27199,D09
E27200,D14
E27201,D07
E27202,D05
E27203,D07
E27204,D12
E27205,D19
E27206,D19
E27207,D20
E27208,D19
E27209,D12
E27210,D08
E27211,D20
E27212,D08
E27213,D12
E27214,D08
E27215,D16
E27216,D07
E27217,D03
E27218,D06
E27219,D05
E27220,D01
E27221,D19
E27222,D19
E27223,D01
E27224,D11
E27225,D19
E27226,D12
E27227,D15
E27228,D12
E27229,D16
E27230,D07
E27231,D08
E27232,D19
E27233,D07
E27234,D05
E27235,D18
E27236,D15
E27237,D09
E27238,D19
E27239,D13
E27240,D06
E27241,D18
E27242,D18
E27243,D16
E27244,D11
E27245,D14
E27246,D04
E27247,D11
E27248,D13
E27249,D19
E27250,D14
E27251,D08
E27252,D06
E27253,D06
E27254,D03
E27255,D05
E27256,D20
E27257,D09
E27258,D09
E27259,D12
E27260,D09
E27261,D15
E27262,D12
E27263,D17
E27264,D06
E27265,D17
E27266,D11
E27267,D15
E27268,D05
E27269,D04
E27270,D04
E27271,D20
E27272,D18
E27273,D02
E27274,D09
E27275,D07
E27276,D02
E27277,D02
E27278,D18
E27279,D15
E27280,D07
E27281,D05
E27282,D03
E27283,D10
E27284,D19
E27285,D20
E27286,D14
E27287,D19
E27288,D03
E27289,D11
E27290,D01
E27291,D03
E27292,D03
E27293,D15
E27294,D09
E27295,D12
E27296,D14
E27297,D19
E27298,D15
E27299,D18
E27300,D16
E27301,D05
E27302,D12
E27303,D17
E27304,D15
E27305,D08
E27306,D10
E27307,D02
E27308,D15
E27309,D04
E27310,D15
E27311,D18
E27312,D17
E27313,D15
E27314,D17
E27315,D20
E27316,D14
E27317,D16
E27318,D10
E27319,D08
E27320,D18
E27321,D06
E27322,D07
E27323,D04
E27324,D01
E27325,D19
E27326,D01
E27327,D02
E27328,D17
E27329,D07
E27330,D01
E27331,D01
E27332,D08
E27333,D19
E27334,D03
E27335,D12
E27336,D02
E27337,D02
E27338,D04
E27339,D08
E27340,D19
E27341,D04
E27342,D17
E27343,D14
E27344,D04
E27345,D09
E27346,D16
E27347,D04
E27348,D11
E27349,D07
E27350,D12
E27351,D06
E27352,D14
E27353,D07
E27354,D19
E27355,D20
E27356,D02
E27357,D11
E27358,D09
E27359,D17
E27360,D17
E27361,D04
E27362,D01
E27363,D16
E27364,D06
E27365,D20
E27366,D04
E27367,D10
E27368,D17
E27369,D01
E27370,D09
E27371,D18
E27372,D14
E27373,D14
E27374,D20
E27375,D11
E27376,D14
E27377,D19
E27378,D18
E27379,D10
E27380,D08
E27381,D06
E27382,D04
E27383,D09
E27384,D09
E27385,D02
E27386,D14
E27387,D06
E27388,D11
E27389,D11
E27390,D07
E27391,D14
E27392,D09
E27393,D15
E27394,D04
E27395,D17
E27396,D10
E27397,D16
E27398,D12
E27399,D10
E27400,D07
E27401,D01
E27402,D15
E27403,D05
E27404,D15
E27405,D04
E27406,D06
E27407,D07
E27408,D11
E27409,D11
E27410,D05
E27411,D18
E27412,D20
E27413,D13
E27414,D03
E27415,D19
E27416,D02
E27417,D17
E27418,D13
E27419,D08
E27420,D20
E27421,D16
E27422,D08
E27423,D01
E27424,D09
E27425,D12
E27426,D15
E27427,D13
E27428,D18
E27429,D02
E27430,D08
E27431,D19
E27432,D06
E27433,D07
E27434,D15
E27435,D16
E27436,D07
E27437,D15
E27438,D06
E27439,D17
E27440,D08
E27441,D20
E27442,D20
E27443,D09
E27444,D20
E27445,D05
E27446,D12
E27447,D12
E27448,D19
E27449,D01
E27450,D10
E27451,D14
E27452,D18
E27453,D10
E27454,D15
E27455,D14
E27456,D18
E27457,D13
E27458,D03
E27459,D05
E27460,D01
E27461,D13
E27462,D02
E27463,D03
E27464,D20
E27465,D17
E27466,D20
E27467,D06
E27468,D17
E27469,D04
E27470,D08
E27471,D17
E27472,D15
E27473,D08
E27474,D16
E27475,D20
E27476,D13
E27477,D17
E27478,D03
E27479,D05
E27480,D09
E27481,D16
E27482,D16
E27483,D17
E27484,D04
E27485,D20
E27486,D18
E27487,D15
E27488,D05
E27489,D15
E27490,D14
E27491,D04
E27492,D15
E27493,D14
E27494,D08
E27495,D17
E27496,D05
E27497,D14
E27498,D07
E27499,D09
E27500,D09
E27501,D09
E27502,D13
E27503,D16
E27504,D07
E27505,D09
E27506,D12
E27507,D15
E27508,D14
E27509,D14
E27510,D09
E27511,D05
E27512,D17
E27513,D05
E27514,D05
E27515,D19
E27516,D03
E27517,D13
E27518,D16
E27519,D11
E27520,D14
E27521,D17
E27522,D19
E27523,D12
E27524,D06
E27525,D04
E27526,D20
E27527,D06
E27528,D18
E27529,D07
E27530,D06
E27531,D16
E27532,D19
E27533,D08
E27534,D09
E27535,D11
E27536,D09
E27537,D08
E27538,D14
E27539,D17
E27540,D06
E27541,D09
E27542,D03
E27543,D16
E27544,D12
E27545,D15
E27546,D13
E27547,D02
E27548,D02
E27549,D01
E27550,D10
E27551,D01
E27552,D03
E27553,D14
E27554,D16
E27555,D15
E27556,D01
E27557,D04
E27558,D13
E27559,D07
E27560,D08
E27561,D04
E27562,D13
E27563,D15
E27564,D10
E27565,D20
E27566,D13
E27567,D10
E27568,D13
E27569,D03
E27570,D09
E27571,D05
E27572,D01
E27573,D12
E27574,D15
E27575,D19
E27576,D17
E27577,D17
E27578,D01
E27579,D18
E27580,D12
E27581,D11
E27582,D05
E27583,D01
E27584,D12
E27585,D14
E27586,D09
E27587,D01
E27588,D18
E27589,D17
E27590,D16
E27591,D12
E27592,D20
E27593,D11
E27594,D07
E27595,D15
E27596,D02
E27597,D18
E27598,D02
E27599,D07
E27600,D13
E27601,D18
E27602,D19
E27603,D04
E27604,D15
E27605,D18
E27606,D02
E27607,D03
E27608,D09
E27609,D17
E27610,D20
E27611,D01
E27612,D20
E27613,D13
E27614,D14
E27615,D12
E27616,D18
E27617,D15
E27618,D04
E27619,D04
E27620,D08
E27621,D13
E27622,D05
E27623,D17
E27624,D02
E27625,D16
E27626,D15
E27627,D08
E27628,D02
E27629,D19
E27630,D13
E27631,D10
E27632,D10
E27633,D18
E27634,D02
E27635,D11
E27636,D17
E27637,D18
E27638,D05
E27639,D03
E27640,D18
E27641,D14
E27642,D09
E27643,D03
E27644,D13
E27645,D05
E27646,D02
E27647,D19
E27648,D11
E27649,D10
E27650,D12
E27651,D19
E27652,D20
E27653,D02
E27654,D01
E27655,D16
E27656,D06
E27657,D17
E27658,D15
E27659,D12
E27660,D18
E27661,D06
E27662,D14
E27663,D09
E27664,D12
E27665,D18
E27666,D15
E27667,D20
E27668,D15
E27669,D07
E27670,D08
E27671,D07
E27672,D17
E27673,D17
E27674,D06
E27675,D20
E27676,D11
E27677,D09
E27678,D16
E27679,D05
E27680,D13
E27681,D07
E27682,D05
E27683,D08
E27684,D04
E27685,D10
E27686,D02
E27687,D06
E27688,D17
E27689,D15
E27690,D14
E27691,D10
E27692,D08
E27693,D13
E27694,D11
E27695,D17
E27696,D14
E27697,D10
E27698,D10
E27699,D10
E27700,D10
E27701,D18
E27702,D15
E27703,D11
E27704,D08
E27705,D20
E27706,D12
E27707,D11
E27708,D13
E27709,D18
E27710,D07
E27711,D11
E27712,D03
E27713,D16
E27714,D15
E27715,D12
E27716,D20
E27717,D15
E27718,D15
E27719,D19
E27720,D18
E27721,D09
E27722,D09
E27723,D06
E27724,D07
E27725,D06
E27726,D20
E27727,D13
E27728,D18
E27729,D12
E27730,D06
E27731,D13
E27732,D19
E27733,D05
E27734,D17
E27735,D05
E27736,D08
E27737,D12
E27738,D16
E27739,D15
E27740,D06
E27741,D12
E27742,D05
E27743,D06
E27744,D06
E27745,D06
E27746,D06
E27747,D15
E27748,D08
E27749,D18
E27750,D06
E27751,D11
E27752,D19
E27753,D10
E27754,D05
E27755,D05
E27756,D12
E27757,D05
E27758,D12
E27759,D14
E27760,D03
E27761,D08
E27762,D19
E27763,D13
E27764,D10
E27765,D08
E27766,D15
E27767,D08
E27768,D20
E27769,D18
E27770,D20
E27771,D13
E27772,D20
E27773,D18
E27774,D17
E27775,D14
E27776,D03
E27777,D07
E27778,D17
E27779,D02
E27780,D10
E27781,D19
E27782,D04
E27783,D17
E27784,D18
E27785,D15
E27786,D18
E27787,D07
E27788,D08
E27789,D13
E27790,D03
E27791,D08
E27792,D11
E27793,D02
E27794,D13
E27795,D04
E27796,D12
E27797,D01
E27798,D18
E27799,D01
E27800,D10
E27801,D06
E27802,D01
E27803,D10
E27804,D08
E27805,D14
E27806,D09
E27807,D11
E27808,D15
E27809,D10
E27810,D18
E27811,D09
E27812,D11
E27813,D19
E27814,D02
E27815,D03
E27816,D06
E27817,D20
E27818,D14
E27819,D12
E27820,D10
E27821,D20
E27822,D11
E27823,D08
E27824,D09
E27825,D10
E27826,D04
E27827,D17
E27828,D07
E27829,D14
E27830,D11
E27831,D17
E27832,D13
E27833,D15
E27834,D10
E27835,D08
E27836,D13
E27837,D02
E27838,D14
E27839,D08
E27840,D15
E27841,D17
E27842,D15
E27843,D14
E27844,D04
E27845,D08
E27846,D08
E27847,D20
E27848,D18
E27849,D12
E27850,D16
E27851,D10
E27852,D20
E27853,D10
E27854,D12
E27855,D18
E27856,D11
E27857,D06
E27858,D19
E27859,D10
E27860,D19
E27861,D05
E27862,D14
E27863,D13
E27864,D02
E27865,D15
E27866,D16
E27867,D12
E27868,D03
E27869,D13
E27870,D18
E27871,D12
E27872,D08
E27873,D07
E27874,D09
E27875,D08
E27876,D13
E27877,D06
E27878,D08
E27879,D18
E27880,D02
E27881,D03
E27882,D06
E27883,D20
E27884,D10
E27885,D12
E27886,D16
E27887,D20
E27888,D20
E27889,D20
E27890,D19
E27891,D11
E27892,D17
E27893,D19
E27894,D03
E27895,D02
E27896,D13
E27897,D07
E27898,D16
E27899,D14
E27900,D09
E27901,D10
E27902,D06
E27903,D18
E27904,D20
E27905,D08
E27906,D18
E27907,D03
E27908,D03
E27909,D14
E27910,D08
E27911,D09
E27912,D18
E27913,D04
E27914,D06
E27915,D06
E27916,D03
E27917,D17
E27918,D11
E27919,D14
E27920,D10
E27921,D12
E27922,D18
E27923,D01
E27924,D08
E27925,D16
E27926,D20
E27927,D06
E27928,D05
E27929,D01
E27930,D04
E27931,D08
E27932,D19
E27933,D03
E27934,D09
E27935,D19
E27936,D15
E27937,D03
E27938,D17
E27939,D16
E27940,D13
E27941,D05
E27942,D18
E27943,D12
E27944,D14
E27945,D11
E27946,D16
E27947,D13
E27948,D01
E27949,D15
E27950,D14
E27951,D02
E27952,D05
E27953,D03
E27954,D15
E27955,D11
E27956,D19
E27957,D12
E27958,D11
E27959,D04
E27960,D20
E27961,D11
E27962,D11
E27963,D15
E27964,D03
E27965,D10
E27966,D20
E27967,D12
E27968,D10
E27969,D05
E27970,D02
E27971,D20
E27972,D13
E27973,D13
E27974,D01
E27975,D09
E27976,D10
E27977,D04
E27978,D02
E27979,D12
E27980,D12
E27981,D12
E27982,D10
E27983,D10
E27984,D04
E27985,D01
E27986,D04
E27987,D15
E27988,D14
E27989,D20
E27990,D11
E27991,D10
E27992,D05
E27993,D07
E27994,D13
E27995,D06
E27996,D09
E27997,D07
E27998,D01
E27999,D18
E28000,D07
E28001,D05
E28002,D13
E28003,D01
E28004,D08
E28005,D05
E28006,D18
E28007,D09
E28008,D20
E28009,D15
E28010,D02
E28011,D17
E28012,D12
E28013,D08
E28014,D02
E28015,D12
E28016,D13
E28017,D01
E28018,D01
E28019,D04
E28020,D01
E28021,D05
E28022,D17
E28023,D11
E28024,D02
E28025,D09
E28026,D04
E28027,D18
E28028,D14
E28029,D11
E28030,D13
E28031,D15
E28032,D18
E28033,D12
E28034,D20
E28035,D08
E28036,D07
E28037,D14
E28038,D12
E28039,D16
E28040,D05
E28041,D11
E28042,D09
E28043,D01
E28044,D11
E28045,D13
E28046,D14
E28047,D07
E28048,D09
E28049,D11
E28050,D11
E28051,D17
E28052,D06
E28053,D19
E28054,D12
E28055,D03
E28056,D04
E28057,D04
E28058,D15
E28059,D07
E28060,D06
E28061,D10
E28062,D19
E28063,D01
E28064,D19
E28065,D14
E28066,D14
E28067,D05
E28068,D13
E28069,D09
E28070,D11
E28071,D01
E28072,D19
E28073,D07
E28074,D13
E28075,D05
E28076,D15
E28077,D02
E28078,D14
E28079,D20
E28080,D17
E28081,D08
E28082,D02
E28083,D04
E28084,D19
E28085,D13
E28086,D05
E28087,D06
E28088,D14
E28089,D20
E28090,D17
E28091,D15
E28092,D05
E28093,D18
E28094,D15
E28095,D11
E28096,D09
E28097,D17
E28098,D19
E28099,D14
E28100,D13
E28101,D16
E28102,D11
E28103,D02
E28104,D10
E28105,D14
E28106,D18
E28107,D11
E28108,D03
E28109,D13
E28110,D15
E28111,D17
E28112,D10
E28113,D01
E28114,D12
E28115,D19
E28116,D13
E28117,D18
E28118,D09
E28119,D16
E28120,D05
E28121,D07
E28122,D20
E28123,D16
E28124,D18
E28125,D09
E28126,D08
E28127,D06
E28128,D18
E28129,D16
E28130,D11
E28131,D11
E28132,D04
E28133,D20
E28134,D14
E28135,D06
E28136,D17
E28137,D03
E28138,D07
E28139,D04
E28140,D20
E28141,D03
E28142,D13
E28143,D04
E28144,D09
E28145,D07
E28146,D15
E28147,D04
E28148,D08
E28149,D01
E28150,D10
E28151,D13
E28152,D18
E28153,D08
E28154,D07
E28155,D16
E28156,D13
E28157,D03
E28158,D04
E28159,D12
E28160,D19
E28161,D12
E28162,D02
E28163,D20
E28164,D05
E28165,D13
E28166,D03
E28167,D06
E28168,D09
E28169,D18
E28170,D06
E28171,D11
E28172,D04
E28173,D20
E28174,D03
E28175,D10
E28176,D11
E28177,D19
E28178,D12
E28179,D15
E28180,D13
E28181,D18
E28182,D11
E28183,D06
E28184,D19
E28185,D09
E28186,D17
E28187,D06
E28188,D13
E28189,D05
E28190,D01
E28191,D15
E28192,D13
E28193,D05
E28194,D18
E28195,D10
E28196,D20
E28197,D15
E28198,D16
E28199,D07
E28200,D18
E28201,D14
E28202,D01
E28203,D17
E28204,D06
E28205,D18
E28206,D01
E28207,D03
E28208,D08
E28209,D08
E28210,D02
E28211,D08
E28212,D19
E28213,D01
E28214,D09
E28215,D13
E28216,D11
E28217,D18
E28218,D20
E28219,D18
E28220,D17
E28221,D02
E28222,D10
E28223,D04
E28224,D19
E28225,D09
E28226,D16
E28227,D04
E28228,D06
E28229,D18
E28230,D03
E28231,D01
E28232,D18
E28233,D10
E28234,D06
E28235,D16
E28236,D12
E28237,D07
E28238,D06
E28239,D20
E28240,D09
E28241,D07
E28242,D12
E28243,D12
E28244,D13
E28245,D01
E28246,D13
E28247,D10
E28248,D16
E28249,D13
E28250,D10
E28251,D20
E28252,D09
E28253,D20
E28254,D01
E28255,D06
E28256,D04
E28257,D08
E28258,D20
E28259,D04
E28260,D01
E28261,D20
E28262,D08
E28263,D16
E28264,D19
E28265,D11
E28266,D09
E28267,D08
E28268,D05
E28269,D15
E28270,D11
E28271,D19
E28272,D05
E28273,D10
E28274,D09
E28275,D20
E28276,D14
E28277,D17
E28278,D12
E28279,D03
E28280,D04
E28281,D18
E28282,D20
E28283,D15
E28284,D03
E28285,D06
E28286,D07
E28287,D17
E28288,D14
E28289,D13
E28290,D18
E28291,D13
E28292,D08
E28293,D13
E28294,D02
E28295,D09
E28296,D20
E28297,D15
E28298,D08
E28299,D19
E28300,D02
E28301,D15
E28302,D18
E28303,D07
E28304,D17
E28305,D17
E28306,D07
E28307,D09
E28308,D07
E28309,D14
E28310,D09
E28311,D13
E28312,D16
E28313,D11
E28314,D13
E28315,D06
E28316,D09
E28317,D10
E28318,D09
E28319,D11
E28320,D08
E28321,D17
E28322,D11
E28323,D08
E28324,D02
E28325,D15
E28326,D12
E28327,D10
E28328,D14
E28329,D14
E28330,D17
E28331,D05
E28332,D03
E28333,D08
E28334,D16
E28335,D12
E28336,D19
E28337,D15
E28338,D17
E28339,D16
E28340,D10
E28341,D03
E28342,D06
E28343,D18
E28344,D03
E28345,D13
E28346,D19
E28347,D01
E28348,D06
E28349,D17
E28350,D19
E28351,D18
E28352,D17
E28353,D19
E28354,D07
E28355,D06
E28356,D14
E28357,D19
E28358,D12
E28359,D11
E28360,D03
E28361,D07
E28362,D13
E28363,D20
E28364,D14
E28365,D09
E28366,D07
E28367,D17
E28368,D07
E28369,D11
E28370,D10
E28371,D11
E28372,D09
E28373,D04
E28374,D19
E28375,D10
E28376,D13
E28377,D08
E28378,D18
E28379,D08
E28380,D04
E28381,D19
E28382,D14
E28383,D17
E28384,D04
E28385,D16
E28386,D16
E28387,D17
E28388,D03
E28389,D02
E28390,D15
E28391,D03
E28392,D09
E28393,D19
E28394,D07
E28395,D19
E28396,D13
E28397,D04
E28398,D07
E28399,D08
E28400,D03
E28401,D05
E28402,D18
E28403,D18
E28404,D10
E28405,D07
E28406,D19
E28407,D16
E28408,D12
E28409,D07
E28410,D14
E28411,D17
E28412,D09
E28413,D14
E28414,D17
E28415,D15
E28416,D17
E28417,D16
E28418,D16
E28419,D12
E28420,D16
E28421,D07
E28422,D06
E28423,D14
E28424,D13
E28425,D03
E28426,D09
E28427,D10
E28428,D05
E28429,D04
E28430,D16
E28431,D03
E28432,D19
E28433,D06
E28434,D04
E28435,D14
E28436,D13
E28437,D08
E28438,D18
E28439,D19
E28440,D08
E28441,D18
E28442,D14
E28443,D02
E28444,D11
E28445,D14
E28446,D13
E28447,D09
E28448,D04
E28449,D15
E28450,D05
E28451,D14
E28452,D16
E28453,D04
E28454,D14
E28455,D11
E28456,D04
E28457,D12
E28458,D10
E28459,D04
E28460,D16
E28461,D04
E28462,D09
E28463,D19
E28464,D10
E28465,D14
E28466,D11
E28467,D19
E28468,D12
E28469,D11
E28470,D10
E28471,D15
E28472,D17
E28473,D08
E28474,D13
E28475,D10
E28476,D05
E28477,D07
E28478,D11
E28479,D03
E28480,D01
E28481,D16
E28482,D10
E28483,D07
E28484,D15
E28485,D05
E28486,D14
E28487,D16
E28488,D17
E28489,D20
E28490,D12
E28491,D10
E28492,D12
E28493,D01
E28494,D17
E28495,D14
E28496,D14
E28497,D08
E28498,D09
E28499,D10
E28500,D08
E28501,D15
E28502,D13
E28503,D18
E28504,D02
E28505,D13
E28506,D18
E28507,D02
E28508,D17
E28509,D15
E28510,D16
E28511,D13
E28512,D05
E28513,D05
E28514,D02
E28515,D03
E28516,D07
E28517,D15
E28518,D16
E28519,D12
E28520,D07
E28521,D02
E28522,D15
E28523,D08
E28524,D13
E28525,D11
E28526,D18
E28527,D06
E28528,D08
E28529,D14
E28530,D17
E28531,D01
E28532,D18
E28533,D11
E28534,D10
E28535,D17
E28536,D02
E28537,D09
E28538,D16
E28539,D04
E28540,D12
E28541,D08
E28542,D13
E28543,D07
E28544,D19
E28545,D18
E28546,D14
E28547,D01
E28548,D06
E28549,D02
E28550,D10
E28551,D07
E28552,D02
E28553,D06
E28554,D03
E28555,D11
E28556,D16
E28557,D07
E28558,D02
E28559,D02
E28560,D11
E28561,D12
E28562,D01
E28563,D08
E28564,D12
E28565,D11
E28566,D20
E28567,D07
E28568,D16
E28569,D04
E28570,D11
E28571,D09
E28572,D12
E28573,D14
E28574,D08
E28575,D18
E28576,D12
E28577,D13
E28578,D12
E28579,D01
E28580,D17
E28581,D16
E28582,D04
E28583,D13
E28584,D18
E28585,D07
E28586,D19
E28587,D01
E28588,D15
E28589,D07
E28590,D12
E28591,D15
E28592,D12
E28593,D13
E28594,D17
E28595,D20
E28596,D05
E28597,D02
E28598,D16
E28599,D01
E28600,D16
E28601,D11
E28602,D05
E28603,D11
E28604,D16
E28605,D17
E28606,D14
E28607,D10
E28608,D10
E28609,D07
E28610,D10
E28611,D06
E28612,D20
E28613,D13
E28614,D02
E28615,D10
E28616,D14
E28617,D17
E28618,D11
E28619,D20
E28620,D11
E28621,D09
E28622,D12
E28623,D18
E28624,D08
E28625,D09
E28626,D05
E28627,D17
E28628,D16
E28629,D19
E28630,D17
E28631,D09
E28632,D09
E28633,D06
E28634,D08
E28635,D06
E28636,D13
E28637,D10
E28638,D10
E28639,D11
E28640,D18
E28641,D14
E28642,D16
E28643,D12
E28644,D03
E28645,D13
E28646,D04
E28647,D04
E28648,D10
E28649,D20
E28650,D17
E28651,D01
E28652,D17
E28653,D16
E28654,D02
E28655,D10
E28656,D07
E28657,D13
E28658,D12
E28659,D17
E28660,D10
E28661,D02
E28662,D03
E28663,D09
E28664,D07
E28665,D06
E28666,D05
E28667,D03
E28668,D13
E28669,D15
E28670,D05
E28671,D08
E28672,D03
E28673,D20
E28674,D13
E28675,D01
E28676,D19
E28677,D19
E28678,D16
E28679,D07
E28680,D12
E28681,D06
E28682,D05
E28683,D07
E28684,D19
E28685,D03
E28686,D07
E28687,D13
E28688,D06
E28689,D19
E28690,D02
E28691,D04
E28692,D06
E28693,D20
E28694,D07
E28695,D13
E28696,D08
E28697,D02
E28698,D06
E28699,D19
E28700,D17
E28701,D19
E28702,D19
E28703,D16
E28704,D03
E28705,D06
E28706,D17
E28707,D20
E28708,D20
E28709,D03
E28710,D19
E28711,D16
E28712,D10
E28713,D11
E28714,D06
E28715,D04
E28716,D12
E28717,D04
E28718,D12
E28719,D14
E28720,D02
E28721,D18
E28722,D11
E28723,D05
E28724,D04
E28725,D12
E28726,D03
E28727,D05
E28728,D04
E28729,D11
E28730,D17
E28731,D06
E28732,D15
E28733,D04
E28734,D19
E28735,D08
E28736,D18
E28737,D10
E28738,D02
E28739,D01
E28740,D12
E28741,D08
E28742,D19
E28743,D16
E28744,D14
E28745,D20
E28746,D17
E28747,D11
E28748,D05
E28749,D19
E28750,D19
E28751,D01
E28752,D19
E28753,D09
E28754,D07
E28755,D13
E28756,D10
E28757,D17
E28758,D08
E28759,D20
E28760,D07
E28761,D19
E28762,D04
E28763,D16
E28764,D10
E28765,D12
E28766,D03
E28767,D14
E28768,D03
E28769,D19
E28770,D04
E28771,D13
E28772,D12
E28773,D02
E28774,D14
E28775,D20
E28776,D02
E28777,D11
E28778,D06
E28779,D06
E28780,D19
E28781,D12
E28782,D16
E28783,D05
E28784,D11
E28785,D19
E28786,D12
E28787,D17
E28788,D07
E28789,D15
E28790,D06
E28791,D16
E28792,D12
E28793,D18
E28794,D16
E28795,D04
E28796,D11
E28797,D01
E28798,D20
E28799,D18
E28800,D20
E28801,D16
E28802,D13
E28803,D19
E28804,D13
E28805,D13
E28806,D17
E28807,D04
E28808,D13
E28809,D20
E28810,D04
E28811,D02
E28812,D01
E28813,D01
E28814,D14
E28815,D10
E28816,D01
E28817,D05
E28818,D12
E28819,D08
E28820,D11
E28821,D03
E28822,D07
E28823,D08
E28824,D05
E28825,D15
E28826,D02
E28827,D01
E28828,D15
E28829,D07
E28830,D13
E28831,D18
E28832,D20
E28833,D14
E28834,D10
E28835,D14
E28836,D11
E28837,D15
E28838,D19
E28839,D07
E28840,D19
E28841,D08
E28842,D10
E28843,D14
E28844,D14
E28845,D19
E28846,D18
E28847,D05
E28848,D04
E28849,D03
E28850,D17
E28851,D18
E28852,D09
E28853,D09
E28854,D11
E28855,D20
E28856,D09
E28857,D04
E28858,D14
E28859,D06
E28860,D19
E28861,D08
E28862,D20
E28863,D13
E28864,D19
E28865,D10
E28866,D13
E28867,D15
E28868,D14
E28869,D04
E28870,D04
E28871,D19
E28872,D19
E28873,D05
E28874,D20
E28875,D16
E28876,D05
E28877,D15
E28878,D11
E28879,D02
E28880,D16
E28881,D04
E28882,D20
E28883,D14
E28884,D09
E28885,D17
E28886,D19
E28887,D18
E28888,D10
E28889,D17
E28890,D20
E28891,D14
E28892,D02
E28893,D04
E28894,D04
E28895,D12
E28896,D11
E28897,D08
E28898,D15
E28899,D06
E28900,D15
E28901,D15
E28902,D11
E28903,D08
E28904,D15
E28905,D07
E28906,D12
E28907,D08
E28908,D01
E28909,D06
E28910,D01
E28911,D05
E28912,D06
E28913,D09
E28914,D20
E28915,D18
E28916,D02
E28917,D15
E28918,D05
E28919,D05
E28920,D07
E28921,D01
E28922,D14
E28923,D06
E28924,D20
E28925,D08
E28926,D09
E28927,D06
E28928,D03
E28929,D13
E28930,D06
E28931,D14
E28932,D02
E28933,D15
E28934,D03
E28935,D09
E28936,D04
E28937,D04
E28938,D12
E28939,D09
E28940,D17
E28941,D04
E28942,D15
E28943,D09
E28944,D13
E28945,D20
E28946,D14
E28947,D12
E28948,D07
E28949,D15
E28950,D12
E28951,D04
E28952,D13
E28953,D14
E28954,D17
E28955,D06
E28956,D14
E28957,D11
E28958,D17
E28959,D02
E28960,D19
E28961,D11
E28962,D15
E28963,D11
E28964,D17
E28965,D17
E28966,D19
E28967,D03
E28968,D09
E28969,D11
E28970,D15
E28971,D04
E28972,D05
E28973,D18
E28974,D09
E28975,D05
E28976,D04
E28977,D14
E28978,D06
E28979,D08
E28980,D20
E28981,D02
E28982,D01
E28983,D15
E28984,D09
E28985,D08
E28986,D02
E28987,D03
E28988,D11
E28989,D17
E28990,D09
E28991,D13
E28992,D14
E28993,D19
E28994,D07
E28995,D19
E28996,D06
E28997,D10
E28998,D07
E28999,D16
E29000,D19
E29001,D10
E29002,D11
E29003,D02
E29004,D11
E29005,D01
E29006,D12
E29007,D20
E29008,D05
E29009,D05
E29010,D07
E29011,D07
E29012,D19
E29013,D14
E29014,D17
E29015,D15
E29016,D10
E29017,D18
E29018,D04
E29019,D11
E29020,D04
E29021,D13
E29022,D11
E29023,D08
E29024,D05
E29025,D06
E29026,D20
E29027,D20
E29028,D15
E29029,D18
E29030,D02
E29031,D11
E29032,D10
E29033,D02
E29034,D19
E29035,D11
E29036,D08
E29037,D19
E29038,D05
E29039,D13
E29040,D07
E29041,D06
E29042,D03
E29043,D07
E29044,D20
E29045,D09
E29046,D05
E29047,D06
E29048,D03
E29049,D02
E29050,D01
E29051,D01
E29052,D01
E29053,D08
E29054,D18
E29055,D08
E29056,D11
E29057,D13
E29058,D07
E29059,D01
E29060,D17
E29061,D02
E29062,D04
E29063,D16
E29064,D05
E29065,D15
E29066,D15
E29067,D02
E29068,D01
E29069,D13
E29070,D04
E29071,D20
E29072,D07
E29073,D20
E29074,D04
E29075,D04
E29076,D03
E29077,D06
E29078,D03
E29079,D13
E29080,D04
E29081,D20
E29082,D20
E29083,D08
E29084,D20
E29085,D05
E29086,D18
E29087,D18
E29088,D15
E29089,D12
E29090,D18
E29091,D08
E29092,D09
E29093,D05
E29094,D12
E29095,D11
E29096,D08
E29097,D14
E29098,D09
E29099,D07
E29100,D15
E29101,D17
E29102,D14
E29103,D18
E29104,D08
E29105,D03
E29106,D17
E29107,D13
E29108,D13
E29109,D19
E29110,D04
E29111,D08
E29112,D09
E29113,D16
E29114,D07
E29115,D16
E29116,D08
E29117,D08
E29118,D20
E29119,D13
E29120,D20
E29121,D12
E29122,D04
E29123,D01
E29124,D04
E29125,D06
E29126,D09
E29127,D19
E29128,D16
E29129,D03
E29130,D01
E29131,D06
E29132,D08
E29133,D20
E29134,D01
E29135,D03
E29136,D15
E29137,D18
E29138,D19
E29139,D15
E29140,D17
E29141,D08
E29142,D01
E29143,D04
E29144,D12
E29145,D18
E29146,D09
E29147,D03
E29148,D12
E29149,D05
E29150,D12
E29151,D12
E29152,D06
E29153,D16
E29154,D18
E29155,D10
E29156,D12
E29157,D12
E29158,D09
E29159,D15
E29160,D16
E29161,D16
E29162,D03
E29163,D04
E29164,D16
E29165,D11
E29166,D01
E29167,D17
E29168,D11
E29169,D01
E29170,D02
E29171,D20
E29172,D12
E29173,D10
E29174,D19
E29175,D16
E29176,D07
E29177,D02
E29178,D08
E29179,D20
E29180,D10
E29181,D19
E29182,D01
E29183,D02
E29184,D16
E29185,D02
E29186,D05
E29187,D06
E29188,D10
E29189,D11
E29190,D04
E29191,D12
E29192,D16
E29193,D20
E29194,D09
E29195,D13
E29196,D10
E29197,D14
E29198,D13
E29199,D01
E29200,D13
E29201,D08
E29202,D16
E29203,D07
E29204,D02
E29205,D19
E29206,D17
E29207,D06
E29208,D20
E29209,D14
E29210,D05
E29211,D13
E29212,D15
E29213,D01
E29214,D04
E29215,D14
E29216,D20
E29217,D05
E29218,D01
E29219,D15
E29220,D14
E29221,D13
E29222,D20
E29223,D16
E29224,D17
E29225,D11
E29226,D07
E29227,D17
E29228,D14
E29229,D14
E29230,D09
E29231,D07
E29232,D12
E29233,D16
E29234,D04
E29235,D02
E29236,D14
E29237,D20
E29238,D20
E29239,D20
E29240,D03
E29241,D08
E29242,D06
E29243,D14
E29244,D12
E29245,D10
E29246,D10
E29247,D06
E29248,D12
E29249,D05
E29250,D11
E29251,D13
E29252,D20
E29253,D07
E29254,D17
E29255,D04
E29256,D03
E29257,D15
E29258,D19
E29259,D15
E29260,D09
E29261,D03
E29262,D19
E29263,D11
E29264,D01
E29265,D12
E29266,D14
E29267,D20
E29268,D06
E29269,D02
E29270,D14
E29271,D19
E29272,D09
E29273,D01
E29274,D20
E29275,D16
E29276,D17
E29277,D06
E29278,D08
E29279,D07
E29280,D07
E29281,D15
E29282,D03
E29283,D06
E29284,D16
E29285,D09
E29286,D11
E29287,D07
E29288,D13
E29289,D02
E29290,D12
E29291,D11
E29292,D04
E29293,D12
E29294,D11
E29295,D18
E29296,D08
E29297,D05
E29298,D03
E29299,D09
E29300,D12
E29301,D02
E29302,D15
E29303,D04
E29304,D04
E29305,D03
E29306,D03
E29307,D18
E29308,D20
E29309,D20
E29310,D14
E29311,D12
E29312,D05
E29313,D15
E29314,D09
E29315,D19
E29316,D17
E29317,D17
E29318,D06
E29319,D10
E29320,D15
E29321,D05
E29322,D05
E29323,D04
E29324,D15
E29325,D02
E29326,D03
E29327,D17
E29328,D10
E29329,D15
E29330,D04
E29331,D16
E29332,D02
E29333,D08
E29334,D19
E29335,D19
E29336,D12
E29337,D05
E29338,D02
E29339,D11
E29340,D12
E29341,D19
E29342,D07
E29343,D06
E29344,D06
E29345,D07
E29346,D07
E29347,D02
E29348,D13
E29349,D19
E29350,D19
E29351,D03
E29352,D04
E29353,D10
E29354,D01
E29355,D05
E29356,D18
E29357,D01
E29358,D12
E29359,D04
E29360,D07
E29361,D14
E29362,D14
E29363,D07
E29364,D10
E29365,D18
E29366,D01
E29367,D01
E29368,D05
E29369,D11
E29370,D04
E29371,D13
E29372,D18
E29373,D07
E29374,D02
E29375,D16
E29376,D06
E29377,D03
E29378,D08
E29379,D11
E29380,D20
E29381,D15
E29382,D12
E29383,D11
E29384,D16
E29385,D16
E29386,D18
E29387,D12
E29388,D05
E29389,D14
E29390,D11
E29391,D15
E29392,D06
E29393,D14
E29394,D18
E29395,D13
E29396,D14
E29397,D12
E29398,D13
E29399,D13
E29400,D12
E29401,D07
E29402,D15
E29403,D09
E29404,D11
E29405,D18
E29406,D07
E29407,D19
E29408,D08
E29409,D14
E29410,D04
E29411,D03
E29412,D05
E29413,D04
E29414,D15
E29415,D19
E29416,D09
E29417,D06
E29418,D10
E29419,D15
E29420,D19
E29421,D19
E29422,D05
E29423,D01
E29424,D06
E29425,D14
E29426,D04
E29427,D08
E29428,D13
E29429,D10
E29430,D13
E29431,D16
E29432,D14
E29433,D13
E29434,D02
E29435,D08
E29436,D16
E29437,D20
E29438,D16
E29439,D05
E29440,D07
E29441,D03
E29442,D09
E29443,D11
E29444,D08
E29445,D05
E29446,D13
E29447,D14
E29448,D03
E29449,D19
E29450,D20
E29451,D17
E29452,D03
E29453,D20
E29454,D02
E29455,D16
E29456,D20
E29457,D06
E29458,D14
E29459,D01
E29460,D02
E29461,D03
E29462,D05
E29463,D12
E29464,D19
E29465,D20
E29466,D01
E29467,D03
E29468,D20
E29469,D19
E29470,D08
E29471,D04
E29472,D13
E29473,D14
E29474,D01
E29475,D10
E29476,D03
E29477,D03
E29478,D19
E29479,D06
E29480,D15
E29481,D17
E29482,D16
E29483,D14
E29484,D05
E29485,D10
E29486,D19
E29487,D12
E29488,D04
E29489,D11
E29490,D08
E29491,D17
E29492,D13
E29493,D13
E29494,D07
E29495,D05
E29496,D12
E29497,D01
E29498,D08
E29499,D01
E29500,D07
E29501,D17
E29502,D19
E29503,D10
E29504,D08
E29505,D05
E29506,D05
E29507,D09
E29508,D10
E29509,D10
E29510,D08
E29511,D14
E29512,D13
E29513,D16
E29514,D06
E29515,D04
E29516,D01
E29517,D10
E29518,D06
E29519,D08
E29520,D03
E29521,D03
E29522,D18
E29523,D05
E29524,D12
E29525,D14
E29526,D11
E29527,D10
E29528,D19
E29529,D02
E29530,D14
E29531,D02
E29532,D16
E29533,D18
E29534,D01
E29535,D04
E29536,D03
E29537,D09
E29538,D05
E29539,D07
E29540,D09
E29541,D20
E29542,D17
E29543,D14
E29544,D02
E29545,D17
E29546,D19
E29547,D03
E29548,D09
E29549,D08
E29550,D08
E29551,D05
E29552,D09
E29553,D07
E29554,D09
E29555,D06
E29556,D05
E29557,D13
E29558,D09
E29559,D12
E29560,D08
E29561,D08
E29562,D17
E29563,D05
E29564,D12
E29565,D01
E29566,D12
E29567,D10
E29568,D01
E29569,D03
E29570,D09
E29571,D08
E29572,D11
E29573,D05
E29574,D06
E29575,D15
E29576,D20
E29577,D09
E29578,D01
E29579,D07
E29580,D09
E29581,D12
E29582,D05
E29583,D17
E29584,D20
E29585,D13
E29586,D17
E29587,D16
E29588,D05
E29589,D06
E29590,D06
E29591,D12
E29592,D17
E29593,D18
E29594,D17
E29595,D12
E29596,D16
E29597,D01
E29598,D16
E29599,D20
E29600,D16
E29601,D07
E29602,D06
E29603,D15
E29604,D10
E29605,D20
E29606,D16
E29607,D14
E29608,D07
E29609,D02
E29610,D14
E29611,D05
E29612,D09
E29613,D08
E29614,D01
E29615,D11
E29616,D14
E29617,D13
E29618,D06
E29619,D09
E29620,D04
E29621,D05
E29622,D14
E29623,D06
E29624,D10
E29625,D20
E29626,D03
E29627,D08
E29628,D12
E29629,D12
E29630,D19
E29631,D14
E29632,D14
E29633,D09
E29634,D17
E29635,D08
E29636,D05
E29637,D12
E29638,D20
E29639,D14
E29640,D03
E29641,D16
E29642,D17
E29643,D16
E29644,D20
E29645,D20
E29646,D01
E29647,D18
E29648,D06
E29649,D10
E29650,D12
E29651,D17
E29652,D12
E29653,D12
E29654,D16
E29655,D01
E29656,D04
E29657,D11
E29658,D03
E29659,D14
E29660,D17
E29661,D02
E29662,D09
E29663,D12
E29664,D04
E29665,D20
E29666,D19
E29667,D06
E29668,D03
E29669,D14
E29670,D16
E29671,D18
E29672,D02
E29673,D16
E29674,D10
E29675,D01
E29676,D03
E29677,D11
E29678,D08
E29679,D03
E29680,D20
E29681,D07
E29682,D02
E29683,D05
E29684,D08
E29685,D14
E29686,D20
E29687,D07
E29688,D02
E29689,D08
E29690,D09
E29691,D13
E29692,D11
E29693,D06
E29694,D05
E29695,D16
E29696,D10
E29697,D14
E29698,D01
E29699,D20
E29700,D13
E29701,D18
E29702,D03
E29703,D02
E29704,D09
E29705,D09
E29706,D05
E29707,D15
E29708,D16
E29709,D17
E29710,D17
E29711,D15
E29712,D10
E29713,D19
E29714,D04
E29715,D04
E29716,D18
E29717,D12
E29718,D07
E29719,D14
E29720,D19
E29721,D04
E29722,D13
E29723,D16
E29724,D18
E29725,D09
E29726,D18
E29727,D16
E29728,D15
E29729,D15
E29730,D12
E29731,D14
E29732,D09
E29733,D05
E29734,D06
E29735,D05
E29736,D07
E29737,D06
E29738,D05
E29739,D09
E29740,D18
E29741,D07
E29742,D15
E29743,D12
E29744,D07
E29745,D20
E29746,D02
E29747,D19
E29748,D09
E29749,D19
E29750,D17
E29751,D09
E29752,D11
E29753,D09
E29754,D11
E29755,D01
E29756,D04
E29757,D08
E29758,D05
E29759,D18
E29760,D10
E29761,D07
E29762,D10
E29763,D09
E29764,D15
E29765,D20
E29766,D18
E29767,D09
E29768,D17
E29769,D11
E29770,D03
E29771,D13
E29772,D14
E29773,D13
E29774,D13
E29775,D13
E29776,D09
E29777,D11
E29778,D11
E29779,D15
E29780,D15
E29781,D14
E29782,D20
E29783,D16
E29784,D15
E29785,D06
E29786,D16
E29787,D14
E29788,D17
E29789,D04
E29790,D18
E29791,D06
E29792,D11
E29793,D02
E29794,D14
E29795,D12
E29796,D08
E29797,D15
E29798,D01
E29799,D14
E29800,D02
E29801,D12
E29802,D14
E29803,D07
E29804,D19
E29805,D15
E29806,D05
E29807,D02
E29808,D09
E29809,D02
E29810,D02
E29811,D19
E29812,D15
E29813,D03
E29814,D15
E29815,D17
E29816,D09
E29817,D09
E29818,D07
E29819,D13
E29820,D06
E29821,D04
E29822,D10
E29823,D17
E29824,D11
E29825,D19
E29826,D17
E29827,D10
E29828,D08
E29829,D14
E29830,D20
E29831,D18
E29832,D12
E29833,D11
E29834,D03
E29835,D16
E29836,D17
E29837,D01
E29838,D02
E29839,D15
E29840,D19
E29841,D17
E29842,D16
E29843,D01
E29844,D10
E29845,D04
E29846,D02
E29847,D12
E29848,D03
E29849,D17
E29850,D20
E29851,D09
E29852,D19
E29853,D06
E29854,D09
E29855,D01
E29856,D15
E29857,D15
E29858,D19
E29859,D04
E29860,D12
E29861,D09
E29862,D05
E29863,D08
E29864,D17
E29865,D20
E29866,D11
E29867,D05
E29868,D12
E29869,D08
E29870,D16
E29871,D06
E29872,D18
E29873,D20
E29874,D04
E29875,D02
E29876,D04
E29877,D08
E29878,D13
E29879,D19
E29880,D14
E29881,D01
E29882,D20
E29883,D19
E29884,D03
E29885,D05
E29886,D19
E29887,D06
E29888,D13
E29889,D02
E29890,D04
E29891,D01
E29892,D13
E29893,D09
E29894,D05
E29895,D14
E29896,D13
E29897,D07
E29898,D14
E29899,D05
E29900,D07
E29901,D13
E29902,D14
E29903,D17
E29904,D20
E29905,D19
E29906,D19
E29907,D08
E29908,D05
E29909,D17
E29910,D11
E29911,D17
E29912,D13
E29913,D13
E29914,D03
E29915,D13
E29916,D07
E29917,D09
E29918,D17
E29919,D16
E29920,D06
E29921,D04
E29922,D07
E29923,D11
E29924,D06
E29925,D13
E29926,D18
E29927,D06
E29928,D06
E29929,D17
E29930,D19
E29931,D17
E29932,D14
E29933,D10
E29934,D05
E29935,D12
E29936,D15
E29937,D13
E29938,D12
E29939,D18
E29940,D19
E29941,D08
E29942,D15
E29943,D01
E29944,D05
E29945,D09
E29946,D06
E29947,D14
E29948,D04
E29949,D19
E29950,D20
E29951,D14
E29952,D12
E29953,D12
E29954,D03
E29955,D16
E29956,D03
E29957,D09
E29958,D08
E29959,D01
E29960,D13
E29961,D11
E29962,D14
E29963,D03
E29964,D09
E29965,D20
E29966,D03
E29967,D03
E29968,D20
E29969,D19
E29970,D12
E29971,D07
E29972,D17
E29973,D02
E29974,D02
E29975,D20
E29976,D02
E29977,D04
E29978,D19
E29979,D11
E29980,D08
E29981,D01
E29982,D10
E29983,D11
E29984,D09
E29985,D01
E29986,D12
E29987,D18
E29988,D08
E29989,D07
E29990,D15
E29991,D17
E29992,D01
E29993,D05
E29994,D16
E29995,D02
E29996,D04
E29997,D18
E29998,D02
E29999,D12
E30000,D12
E30001,D03
E30002,D04
E30003,D09
E30004,D19
E30005,D05
E30006,D11
E30007,D09
E30008,D11
E30009,D05
E30010,D01
E30011,D17
E30012,D17
E30013,D09
E30014,D20
E30015,D20
E30016,D01
E30017,D14
E30018,D15
E30019,D03
E30020,D07
E30021,D10
E30022,D11
E30023,D04
E30024,D20
E30025,D10
E30026,D02
E30027,D05
E30028,D06
E30029,D01
E30030,D10
E30031,D18
E30032,D14
E30033,D08
E30034,D07
E30035,D18
E30036,D06
E30037,D18
E30038,D05
E30039,D20
E30040,D01
E30041,D14
E30042,D05
E30043,D12
E30044,D14
E30045,D12
E30046,D08
E30047,D14
E30048,D11
E30049,D09
E30050,D04
E30051,D08
E30052,D06
E30053,D09
E30054,D08
E30055,D19
E30056,D06
E30057,D15
E30058,D12
E30059,D05
E30060,D06
E30061,D19
E30062,D04
E30063,D16
E30064,D20
E30065,D14
E30066,D11
E30067,D15
E30068,D03
E30069,D17
E30070,D08
E30071,D03
E30072,D17
E30073,D08
E30074,D09
E30075,D07
E30076,D13
E30077,D02
E30078,D14
E30079,D08
E30080,D08
E30081,D03
E30082,D16
E30083,D18
E30084,D05
E30085,D04
E30086,D11
E30087,D18
E30088,D11
E30089,D07
E30090,D13
E30091,D02
E30092,D15
E30093,D14
E30094,D09
E30095,D04
E30096,D18
E30097,D03
E30098,D08
E30099,D02
E30100,D01
E30101,D03
E30102,D09
E30103,D18
E30104,D04
E30105,D14
E30106,D14
E30107,D11
E30108,D03
E30109,D15
E30110,D18
E30111,D12
E30112,D05
E30113,D09
E30114,D10
E30115,D04
E30116,D10
E30117,D01
E30118,D06
E30119,D02
E30120,D07
E30121,D14
E30122,D13
E30123,D08
E30124,D20
E30125,D13
E30126,D06
E30127,D10
E30128,D12
E30129,D01
E30130,D11
E30131,D16
E30132,D14
E30133,D02
E30134,D05
E30135,D05
E30136,D13
E30137,D09
E30138,D16
E30139,D03
E30140,D11
E30141,D01
E30142,D01
E30143,D19
E30144,D20
E30145,D07
E30146,D15
E30147,D05
E30148,D08
E30149,D03
E30150,D04
E30151,D03
E30152,D17
E30153,D13
E30154,D01
E30155,D03
E30156,D12
E30157,D11
E30158,D14
E30159,D05
E30160,D19
E30161,D02
E30162,D15
E30163,D06
E30164,D15
E30165,D20
E30166,D07
E30167,D01
E30168,D19
E30169,D04
E30170,D14
E30171,D06
E30172,D19
E30173,D16
E30174,D11
E30175,D02
E30176,D18
E30177,D18
E30178,D12
E30179,D05
E30180,D15
E30181,D06
E30182,D19
E30183,D10
E30184,D12
E30185,D16
E30186,D15
E30187,D08
E30188,D02
E30189,D20
E30190,D02
E30191,D09
E30192,D13
E30193,D08
E30194,D14
E30195,D01
E30196,D10
E30197,D17
E30198,D05
E30199,D09
E30200,D15
E30201,D10
E30202,D09
E30203,D09
E30204,D17
E30205,D14
E30206,D01
E30207,D08
E30208,D13
E30209,D09
E30210,D09
E30211,D01
E30212,D20
E30213,D03
E30214,D08
E30215,D06
E30216,D19
E30217,D11
E30218,D13
E30219,D07
E30220,D14
E30221,D18
E30222,D10
E30223,D13
E30224,D14
E30225,D11
E30226,D19
E30227,D04
E30228,D05
E30229,D11
E30230,D17
E30231,D19
E30232,D03
E30233,D05
E30234,D02
E30235,D08
E30236,D13
E30237,D03
E30238,D04
E30239,D05
E30240,D02
E30241,D05
E30242,D20
E30243,D06
E30244,D19
E30245,D06
E30246,D08
E30247,D17
E30248,D17
E30249,D09
E30250,D14
E30251,D02
E30252,D04
E30253,D20
E30254,D15
E30255,D02
E30256,D05
E30257,D10
E30258,D01
E30259,D06
E30260,D01
E30261,D20
E30262,D08
E30263,D09
E30264,D03
E30265,D14
E30266,D18
E30267,D10
E30268,D03
E30269,D01
E30270,D02
E30271,D04
E30272,D01
E30273,D07
E30274,D02
E30275,D17
E30276,D06
E30277,D12
E30278,D13
E30279,D12
E30280,D14
E30281,D03
E30282,D12
E30283,D08
E30284,D07
E30285,D09
E30286,D09
E30287,D16
E30288,D09
E30289,D05
E30290,D15
E30291,D01
E30292,D17
E30293,D07
E30294,D08
E30295,D09
E30296,D03
E30297,D15
E30298,D05
E30299,D19
E30300,D10
E30301,D17
E30302,D11
E30303,D16
E30304,D13
E30305,D05
E30306,D02
E30307,D19
E30308,D17
E30309,D09
E30310,D06
E30311,D04
E30312,D19
E30313,D10
E30314,D04
E30315,D14
E30316,D16
E30317,D18
E30318,D01
E30319,D18
E30320,D16
E30321,D20
E30322,D04
E30323,D16
E30324,D04
E30325,D11
E30326,D09
E30327,D09
E30328,D01
E30329,D05
E30330,D03
E30331,D06
E30332,D16
E30333,D01
E30334,D16
E30335,D07
E30336,D13
E30337,D13
E30338,D11
E30339,D07
E30340,D01
E30341,D18
E30342,D17
E30343,D16
E30344,D20
E30345,D11
E30346,D03
E30347,D18
E30348,D06
E30349,D14
E30350,D16
E30351,D08
E30352,D05
E30353,D19
E30354,D15
E30355,D15
E30356,D19
E30357,D03
E30358,D08
E30359,D01
E30360,D07
E30361,D12
E30362,D13
E30363,D01
E30364,D15
E30365,D17
E30366,D07
E30367,D18
E30368,D07
E30369,D02
E30370,D07
E30371,D18
E30372,D18
E30373,D07
E30374,D04
E30375,D11
E30376,D04
E30377,D02
E30378,D09
E30379,D12
E30380,D03
E30381,D09
E30382,D17
E30383,D04
E30384,D19
E30385,D11
E30386,D18
E30387,D02
E30388,D15
E30389,D08
E30390,D07
E30391,D20
E30392,D11
E30393,D09
E30394,D04
E30395,D15
E30396,D08
E30397,D12
E30398,D09
E30399,D11
E30400,D02
E30401,D18
E30402,D03
E30403,D07
E30404,D05
E30405,D16
E30406,D03
E30407,D12
E30408,D13
E30409,D10
E30410,D15
E30411,D09
E30412,D20
E30413,D11
E30414,D14
E30415,D09
E30416,D10
E30417,D13
E30418,D18
E30419,D12
E30420,D17
E30421,D01
E30422,D19
E30423,D14
E30424,D20
E30425,D09
E30426,D08
E30427,D10
E30428,D09
E30429,D10
E30430,D14
E30431,D08
E30432,D09
E30433,D03
E30434,D02
E30435,D20
E30436,D14
E30437,D14
E30438,D05
E30439,D11
E30440,D18
E30441,D08
E30442,D05
E30443,D11
E30444,D04
E30445,D17
E30446,D16
E30447,D15
E30448,D01
E30449,D12
E30450,D16
E30451,D10
E30452,D09
E30453,D02
E30454,D08
E30455,D02
E30456,D02
E30457,D16
E30458,D04
E30459,D06
E30460,D09
E30461,D11
E30462,D13
E30463,D10
E30464,D11
E30465,D12
E30466,D07
E30467,D06
E30468,D07
E30469,D08
E30470,D14
E30471,D19
E30472,D03
E30473,D09
E30474,D14
E30475,D05
E30476,D15
E30477,D17
E30478,D01
E30479,D08
E30480,D03
E30481,D12
E30482,D09
E30483,D01
E30484,D09
E30485,D11
E30486,D08
E30487,D10
E30488,D08
E30489,D15
E30490,D10
E30491,D04
E30492,D02
E30493,D07
E30494,D09
E30495,D04
E30496,D18
E30497,D02
E30498,D14
E30499,D02
E30500,D05
E30501,D07
E30502,D03
E30503,D19
E30504,D13
E30505,D12
E30506,D15
E30507,D04
E30508,D13
E30509,D20
E30510,D06
E30511,D09
E30512,D08
E30513,D01
E30514,D08
E30515,D05
E30516,D16
E30517,D16
E30518,D01
E30519,D17
E30520,D18
E30521,D13
E30522,D20
E30523,D12
E30524,D13
E30525,D20
E30526,D20
E30527,D19
E30528,D09
E30529,D15
E30530,D13
E30531,D16
E30532,D17
E30533,D18
E30534,D16
E30535,D13
E30536,D10
E30537,D11
E30538,D01
E30539,D01
E30540,D20
E30541,D14
E30542,D11
E30543,D18
E30544,D07
E30545,D02
E30546,D06
E30547,D10
E30548,D17
E30549,D17
E30550,D08
E30551,D13
E30552,D11
E30553,D15
E30554,D20
E30555,D14
E30556,D19
E30557,D06
E30558,D20
E30559,D03
E30560,D10
E30561,D19
E30562,D15
E30563,D16
E30564,D16
E30565,D13
E30566,D13
E30567,D16
E30568,D07
E30569,D04
E30570,D03
E30571,D02
E30572,D06
E30573,D09
E30574,D12
E30575,D05
E30576,D09
E30577,D12
E30578,D04
E30579,D04
E30580,D04
E30581,D19
E30582,D03
E30583,D15
E30584,D07
E30585,D15
E30586,D14
E30587,D03
E30588,D17
E30589,D10
E30590,D03
E30591,D10
E30592,D16
E30593,D18
E30594,D02
E30595,D15
E30596,D09
E30597,D02
E30598,D10
E30599,D13
E30600,D15
E30601,D15
E30602,D12
E30603,D06
E30604,D12
E30605,D20
E30606,D09
E30607,D16
E30608,D17
E30609,D16
E30610,D10
E30611,D04
E30612,D15
E30613,D20
E30614,D14
E30615,D04
E30616,D07
E30617,D07
E30618,D16
E30619,D09
E30620,D09
E30621,D02
E30622,D04
E30623,D11
E30624,D05
E30625,D01
E30626,D09
E30627,D09
E30628,D04
E30629,D12
E30630,D08
E30631,D09
E30632,D03
E30633,D16
E30634,D05
E30635,D12
E30636,D01
E30637,D02
E30638,D05
E30639,D20
E30640,D03
E30641,D01
E30642,D19
E30643,D15
E30644,D13
E30645,D07
E30646,D14
E30647,D11
E30648,D19
E30649,D05
E30650,D14
E30651,D18
E30652,D20
E30653,D16
E30654,D17
E30655,D11
E30656,D06
E30657,D14
E30658,D12
E30659,D13
E30660,D01
E30661,D18
E30662,D15
E30663,D04
E30664,D14
E30665,D17
E30666,D15
E30667,D02
E30668,D13
E30669,D02
E30670,D13
E30671,D20
E30672,D05
E30673,D06
E30674,D12
E30675,D19
E30676,D09
E30677,D10
E30678,D07
E30679,D13
E30680,D20
E30681,D17
E30682,D19
E30683,D06
E30684,D10
E30685,D14
E30686,D06
E30687,D12
E30688,D08
E30689,D04
E30690,D12
E30691,D05
E30692,D15
E30693,D16
E30694,D06
E30695,D20
E30696,D01
E30697,D14
E30698,D11
E30699,D18
E30700,D05
E30701,D10
E30702,D16
E30703,D13
E30704,D12
E30705,D19
E30706,D17
E30707,D06
E30708,D13
E30709,D05
E30710,D05
E30711,D04
E30712,D02
E30713,D15
E30714,D14
E30715,D05
E30716,D20
E30717,D14
E30718,D04
E30719,D09
E30720,D06
E30721,D02
E30722,D19
E30723,D07
E30724,D10
E30725,D03
E30726,D13
E30727,D14
E30728,D11
E30729,D08
E30730,D10
E30731,D19
E30732,D11
E30733,D01
E30734,D01
E30735,D17
E30736,D02
E30737,D08
E30738,D05
E30739,D04
E30740,D12
E30741,D12
E30742,D15
E30743,D12
E30744,D06
E30745,D01
E30746,D01
E30747,D11
E30748,D18
E30749,D08
E30750,D07
E30751,D16
E30752,D12
E30753,D03
E30754,D18
E30755,D11
E30756,D19
E30757,D06
E30758,D06
E30759,D16
E30760,D18
E30761,D11
E30762,D16
E30763,D09
E30764,D16
E30765,D08
E30766,D20
E30767,D11
E30768,D07
E30769,D09
E30770,D20
E30771,D04
E30772,D07
E30773,D12
E30774,D20
E30775,D07
E30776,D07
E30777,D14
E30778,D12
E30779,D05
E30780,D10
E30781,D07
E30782,D09
E30783,D05
E30784,D05
E30785,D12
E30786,D17
E30787,D04
E30788,D05
E30789,D09
E30790,D12
E30791,D01
E30792,D09
E30793,D17
E30794,D04
E30795,D16
E30796,D09
E30797,D05
E30798,D17
E30799,D10
E30800,D06
E30801,D13
E30802,D04
E30803,D14
E30804,D16
E30805,D06
E30806,D08
E30807,D03
E30808,D20
E30809,D14
E30810,D08
E30811,D16
E30812,D16
E30813,D08
E30814,D15
E30815,D04
E30816,D15
E30817,D17
E30818,D10
E30819,D08
E30820,D18
E30821,D10
E30822,D04
E30823,D18
E30824,D17
E30825,D03
E30826,D19
E30827,D05
E30828,D18
E30829,D06
E30830,D08
E30831,D02
E30832,D14
E30833,D03
E30834,D14
E30835,D13
E30836,D07
E30837,D08
E30838,D13
E30839,D04
E30840,D19
E30841,D03
E30842,D19
E30843,D06
E30844,D17
E30845,D16
E30846,D20
E30847,D17
E30848,D16
E30849,D11
E30850,D02
E30851,D13
E30852,D02
E30853,D20
E30854,D07
E30855,D06
E30856,D05
E30857,D20
E30858,D10
E30859,D07
E30860,D12
E30861,D05
E30862,D01
E30863,D13
E30864,D19
E30865,D10
E30866,D06
E30867,D04
E30868,D10
E30869,D16
E30870,D03
E30871,D16
E30872,D09
E30873,D11
E30874,D19
E30875,D02
E30876,D03
E30877,D20
E30878,D16
E30879,D20
E30880,D08
E30881,D05
E30882,D13
E30883,D02
E30884,D10
E30885,D12
E30886,D16
E30887,D10
E30888,D09
E30889,D09
E30890,D20
E30891,D01
E30892,D20
E30893,D01
E30894,D13
E30895,D07
E30896,D05
E30897,D14
E30898,D08
E30899,D03
E30900,D03
E30901,D02
E30902,D19
E30903,D11
E30904,D19
E30905,D08
E30906,D01
E30907,D15
E30908,D18
E30909,D04
E30910,D10
E30911,D06
E30912,D03
E30913,D02
E30914,D04
E30915,D01
E30916,D20
E30917,D07
E30918,D15
E30919,D15
E30920,D04
E30921,D18
E30922,D02
E30923,D03
E30924,D07
E30925,D03
E30926,D16
E30927,D19
E30928,D17
E30929,D18
E30930,D18
E30931,D15
E30932,D19
E30933,D08
E30934,D06
E30935,D16
E30936,D16
E30937,D07
E30938,D02
E30939,D06
E30940,D17
E30941,D02
E30942,D13
E30943,D14
E30944,D05
E30945,D06
E30946,D15
E30947,D09
E30948,D09
E30949,D17
E30950,D02
E30951,D04
E30952,D13
E30953,D20
E30954,D01
E30955,D03
E30956,D14
E30957,D17
E30958,D20
E30959,D14
E30960,D13
E30961,D02
E30962,D05
E30963,D07
E30964,D15
E30965,D04
E30966,D10
E30967,D16
E30968,D07
E30969,D10
E30970,D16
E30971,D06
E30972,D15
E30973,D08
E30974,D03
E30975,D16
E30976,D01
E30977,D14
E30978,D05
E30979,D17
E30980,D13
E30981,D08
E30982,D03
E30983,D03
E30984,D19
E30985,D15
E30986,D10
E30987,D14
E30988,D19
E30989,D19
E30990,D11
E30991,D10
E30992,D12
E30993,D15
E30994,D06
E30995,D06
E30996,D15
E30997,D05
E30998,D08
E30999,D11
E31000,D18
E31001,D12
E31002,D19
E31003,D20
E31004,D15
E31005,D07
E31006,D14
E31007,D20
E31008,D03
E31009,D17
E31010,D03
E31011,D01
E31012,D02
E31013,D10
E31014,D18
E31015,D07
E31016,D19
E31017,D13
E31018,D03
E31019,D11
E31020,D06
E31021,D05
E31022,D07
E31023,D18
E31024,D09
E31025,D07
E31026,D08
E31027,D18
E31028,D16
E31029,D08
E31030,D13
E31031,D09
E31032,D10
E31033,D10
E31034,D13
E31035,D16
E31036,D13
E31037,D03
E31038,D03
E31039,D17
E31040,D17
E31041,D16
E31042,D14
E31043,D05
E31044,D19
E31045,D15
E31046,D19
E31047,D06
E31048,D07
E31049,D02
E31050,D01
E31051,D07
E31052,D14
E31053,D13
E31054,D02
E31055,D06
E31056,D12
E31057,D11
E31058,D08
E31059,D19
E31060,D03
E31061,D03
E31062,D11
E31063,D13
E31064,D12
E31065,D15
E31066,D15
E31067,D04
E31068,D01
E31069,D14
E31070,D02
E31071,D10
E31072,D17
E31073,D11
E31074,D02
E31075,D02
E31076,D10
E31077,D04
E31078,D17
E31079,D02
E31080,D20
E31081,D16
E31082,D05
E31083,D07
E31084,D10
E31085,D01
E31086,D02
E31087,D05
E31088,D12
E31089,D13
E31090,D06
E31091,D12
E31092,D15
E31093,D14
E31094,D02
E31095,D18
E31096,D08
E31097,D12
E31098,D16
E31099,D05
E31100,D08
E31101,D11
E31102,D17
E31103,D09
E31104,D16
E31105,D08
E31106,D20
E31107,D13
E31108,D19
E31109,D05
E31110,D17
E31111,D09
E31112,D02
E31113,D04
E31114,D16
E31115,D20
E31116,D01
E31117,D05
E31118,D01
E31119,D13
E31120,D13
E31121,D13
E31122,D08
E31123,D01
E31124,D07
E31125,D01
E31126,D14
E31127,D09
E31128,D06
E31129,D04
E31130,D07
E31131,D12
E31132,D01
E31133,D01
E31134,D13
E31135,D10
E31136,D18
E31137,D06
E31138,D14
E31139,D16
E31140,D13
E31141,D03
E31142,D14
E31143,D09
E31144,D07
E31145,D18
E31146,D17
E31147,D18
E31148,D01
E31149,D15
E31150,D07
E31151,D14
E31152,D02
E31153,D10
E31154,D19
E31155,D10
E31156,D13
E31157,D18
E31158,D11
E31159,D13
E31160,D19
E31161,D08
E31162,D06
E31163,D09
E31164,D19
E31165,D12
E31166,D10
E31167,D12
E31168,D20
E31169,D14
E31170,D16
E31171,D19
E31172,D12
E31173,D13
E31174,D02
E31175,D11
E31176,D14
E31177,D12
E31178,D20
E31179,D13
E31180,D07
E31181,D04
E31182,D07
E31183,D06
E31184,D20
E31185,D17
E31186,D18
E31187,D05
E31188,D14
E31189,D11
E31190,D20
E31191,D16
E31192,D01
E31193,D17
E31194,D17
E31195,D03
E31196,D08
E31197,D19
E31198,D08
E31199,D14
E31200,D03
E31201,D16
E31202,D16
E31203,D05
E31204,D12
E31205,D14
E31206,D12
E31207,D07
E31208,D01
E31209,D17
E31210,D14
E31211,D03
E31212,D09
E31213,D03
E31214,D01
E31215,D16
E31216,D06
E31217,D12
E31218,D16
E31219,D17
E31220,D09
E31221,D13
E31222,D13
E31223,D12
E31224,D06
E31225,D11
E31226,D07
E31227,D13
E31228,D11
E31229,D16
E31230,D12
E31231,D04
E31232,D09
E31233,D09
E31234,D19
E31235,D12
E31236,D06
E31237,D01
E31238,D02
E31239,D04
E31240,D19
E31241,D09
E31242,D09
E31243,D12
E31244,D10
E31245,D19
E31246,D01
E31247,D09
E31248,D13
E31249,D16
E31250,D15
E31251,D20
E31252,D17
E31253,D09
E31254,D07
E31255,D15
E31256,D09
E31257,D20
E31258,D02
E31259,D15
E31260,D18
E31261,D15
E31262,D13
E31263,D11
E31264,D08
E31265,D19
E31266,D09
E31267,D14
E31268,D11
E31269,D08
E31270,D01
E31271,D13
E31272,D08
E31273,D20
E31274,D14
E31275,D02
E31276,D04
E31277,D20
E31278,D15
E31279,D16
E31280,D10
E31281,D19
E31282,D04
E31283,D17
E31284,D05
E31285,D12
E31286,D18
E31287,D10
E31288,D04
E31289,D06
E31290,D14
E31291,D01
E31292,D01
E31293,D14
E31294,D04
E31295,D01
E31296,D17
E31297,D20
E31298,D16
E31299,D16
E31300,D16
E31301,D11
E31302,D05
E31303,D08
E31304,D05
E31305,D11
E31306,D02
E31307,D14
E31308,D11
E31309,D20
E31310,D18
E31311,D04
E31312,D16
E31313,D05
E31314,D08
E31315,D05
E31316,D01
E31317,D17
E31318,D08
E31319,D18
E31320,D04
E31321,D15
E31322,D05
E31323,D17
E31324,D15
E31325,D03
E31326,D06
E31327,D09
E31328,D10
E31329,D12
E31330,D16
E31331,D02
E31332,D03
E31333,D02
E31334,D08
E31335,D06
E31336,D13
E31337,D04
E31338,D17
E31339,D16
E31340,D15
E31341,D17
E31342,D05
E31343,D10
E31344,D01
E31345,D06
E31346,D14
E31347,D15
E31348,D16
E31349,D08
E31350,D15
E31351,D13
E31352,D04
E31353,D01
E31354,D08
E31355,D14
E31356,D16
E31357,D04
E31358,D16
E31359,D06
E31360,D19
E31361,D08
E31362,D16
E31363,D03
E31364,D01
E31365,D10
E31366,D14
E31367,D06
E31368,D20
E31369,D10
E31370,D18
E31371,D09
E31372,D17
E31373,D14
E31374,D19
E31375,D13
E31376,D01
E31377,D15
E31378,D09
E31379,D10
E31380,D03
E31381,D10
E31382,D07
E31383,D07
E31384,D17
E31385,D07
E31386,D12
E31387,D18
E31388,D17
E31389,D01
E31390,D20
E31391,D20
E31392,D20
E31393,D20
E31394,D10
E31395,D16
E31396,D17
E31397,D03
E31398,D13
E31399,D05
E31400,D08
E31401,D12
E31402,D08
E31403,D06
E31404,D17
E31405,D04
E31406,D04
E31407,D19
E31408,D18
E31409,D15
E31410,D19
E31411,D15
E31412,D15
E31413,D20
E31414,D20
E31415,D06
E31416,D13
E31417,D19
E31418,D01
E31419,D10
E31420,D18
E31421,D12
E31422,D09
E31423,D17
E31424,D20
E31425,D07
E31426,D01
E31427,D18
E31428,D13
E31429,D06
E31430,D09
E31431,D10
E31432,D16
E31433,D11
E31434,D06
E31435,D17
E31436,D01
E31437,D07
E31438,D18
E31439,D14
E31440,D17
E31441,D07
E31442,D15
E31443,D12
E31444,D12
E31445,D05
E31446,D07
E31447,D12
E31448,D04
E31449,D16
E31450,D16
E31451,D14
E31452,D04
E31453,D05
E31454,D06
E31455,D02
E31456,D18
E31457,D10
E31458,D14
E31459,D15
E31460,D09
E31461,D15
E31462,D03
E31463,D15
E31464,D05
E31465,D01
E31466,D04
E31467,D15
E31468,D11
E31469,D13
E31470,D15
E31471,D04
E31472,D14
E31473,D12
E31474,D16
E31475,D04
E31476,D18
E31477,D11
E31478,D18
E31479,D06
E31480,D11
E31481,D04
E31482,D03
E31483,D08
E31484,D14
E31485,D15
E31486,D13
E31487,D03
E31488,D15
E31489,D08
E31490,D13
E31491,D10
E31492,D13
E31493,D13
E31494,D06
E31495,D12
E31496,D11
E31497,D12
E31498,D17
E31499,D08
E31500,D09
E31501,D06
E31502,D14
E31503,D20
E31504,D04
E31505,D07
E31506,D12
E31507,D20
E31508,D03
E31509,D08
E31510,D08
E31511,D18
E31512,D07
E31513,D07
E31514,D08
E31515,D08
E31516,D05
E31517,D01
E31518,D17
E31519,D01
E31520,D04
E31521,D13
E31522,D20
E31523,D12
E31524,D13
E31525,D13
E31526,D04
E31527,D05
E31528,D05
E31529,D01
E31530,D13
E31531,D03
E31532,D18
E31533,D04
E31534,D07
E31535,D07
E31536,D18
E31537,D16
E31538,D04
E31539,D19
E31540,D04
E31541,D12
E31542,D04
E31543,D20
E31544,D16
E31545,D08
E31546,D01
E31547,D02
E31548,D14
E31549,D09
E31550,D04
E31551,D18
E31552,D13
E31553,D03
E31554,D08
E31555,D14
E31556,D17
E31557,D12
E31558,D15
E31559,D14
E31560,D19
E31561,D20
E31562,D16
E31563,D04
E31564,D04
E31565,D18
E31566,D15
E31567,D19
E31568,D13
E31569,D11
E31570,D08
E31571,D09
E31572,D20
E31573,D18
E31574,D12
E31575,D10
E31576,D01
E31577,D03
E31578,D09
E31579,D13
E31580,D05
E31581,D01
E31582,D20
E31583,D02
E31584,D15
E31585,D01
E31586,D01
E31587,D13
E31588,D01
E31589,D15
E31590,D19
E31591,D16
E31592,D15
E31593,D20
E31594,D09
E31595,D09
E31596,D20
E31597,D03
E31598,D12
E31599,D17
E31600,D14
E31601,D07
E31602,D11
E31603,D15
E31604,D01
E31605,D11
E31606,D09
E31607,D18
E31608,D04
E31609,D09
E31610,D17
E31611,D17
E31612,D08
E31613,D12
E31614,D01
E31615,D07
E31616,D13
E31617,D07
E31618,D02
E31619,D03
E31620,D19
E31621,D07
E31622,D20
E31623,D02
E31624,D17
E31625,D07
E31626,D19
E31627,D17
E31628,D16
E31629,D13
E31630,D13
E31631,D01
E31632,D15
E31633,D04
E31634,D07
E31635,D01
E31636,D15
E31637,D02
E31638,D05
E31639,D11
E31640,D05
E31641,D08
E31642,D16
E31643,D09
E31644,D18
E31645,D05
E31646,D01
E31647,D20
E31648,D01
E31649,D11
E31650,D11
E31651,D03
E31652,D16
E31653,D16
E31654,D14
E31655,D07
E31656,D08
E31657,D04
E31658,D15
E31659,D17
E31660,D16
E31661,D19
E31662,D05
E31663,D02
E31664,D17
E31665,D11
E31666,D01
E31667,D03
E31668,D05
E31669,D01
E31670,D06
E31671,D18
E31672,D15
E31673,D18
E31674,D16
E31675,D04
E31676,D16
E31677,D01
E31678,D09
E31679,D09
E31680,D07
E31681,D10
E31682,D16
E31683,D11
E31684,D18
E31685,D14
E31686,D08
E31687,D12
E31688,D17
E31689,D16
E31690,D04
E31691,D15
E31692,D05
E31693,D15
E31694,D10
E31695,D15
E31696,D18
E31697,D17
E31698,D05
E31699,D14
E31700,D06
E31701,D03
E31702,D11
E31703,D03
E31704,D09
E31705,D05
E31706,D01
E31707,D06
E31708,D10
E31709,D10
E31710,D17
E31711,D10
E31712,D02
E31713,D06
E31714,D06
E31715,D04
E31716,D10
E31717,D09
E31718,D11
E31719,D13
E31720,D06
E31721,D14
E31722,D07
E31723,D04
E31724,D05
E31725,D04
E31726,D05
E31727,D13
E31728,D03
E31729,D12
E31730,D12
E31731,D01
E31732,D10
E31733,D14
E31734,D16
E31735,D20
E31736,D17
E31737,D04
E31738,D02
E31739,D06
E31740,D04
E31741,D18
E31742,D16
E31743,D10
E31744,D10
E31745,D14
E31746,D05
E31747,D14
E31748,D07
E31749,D20
E31750,D13
E31751,D19
E31752,D19
E31753,D15
E31754,D12
E31755,D15
E31756,D17
E31757,D13
E31758,D02
E31759,D01
E31760,D14
E31761,D03
E31762,D02
E31763,D20
E31764,D16
E31765,D02
E31766,D17
E31767,D05
E31768,D03
E31769,D16
E31770,D09
E31771,D14
E31772,D02
E31773,D11
E31774,D13
E31775,D05
E31776,D20
E31777,D06
E31778,D04
E31779,D13
E31780,D13
E31781,D13
E31782,D14
E31783,D12
E31784,D18
E31785,D02
E31786,D03
E31787,D08
E31788,D05
E31789,D02
E31790,D19
E31791,D12
E31792,D13
E31793,D07
E31794,D16
E31795,D05
E31796,D11
E31797,D14
E31798,D13
E31799,D10
E31800,D08
E31801,D16
E31802,D13
E31803,D05
E31804,D07
E31805,D14
E31806,D19
E31807,D19
E31808,D16
E31809,D08
E31810,D08
E31811,D16
E31812,D17
E31813,D04
E31814,D11
E31815,D03
E31816,D01
E31817,D09
E31818,D10
E31819,D14
E31820,D04
E31821,D02
E31822,D09
E31823,D07
E31824,D06
E31825,D08
E31826,D17
E31827,D03
E31828,D04
E31829,D12
E31830,D05
E31831,D07
E31832,D02
E31833,D14
E31834,D03
E31835,D16
E31836,D16
E31837,D09
E31838,D05
E31839,D15
E31840,D11
E31841,D05
E31842,D19
E31843,D16
E31844,D05
E31845,D14
E31846,D05
E31847,D15
E31848,D02
E31849,D13
E31850,D18
E31851,D03
E31852,D13
E31853,D16
E31854,D10
E31855,D02
E31856,D14
E31857,D16
E31858,D07
E31859,D05
E31860,D12
E31861,D18
E31862,D02
E31863,D13
E31864,D08
E31865,D18
E31866,D06
E31867,D09
E31868,D06
E31869,D11
E31870,D01
E31871,D08
E31872,D09
E31873,D19
E31874,D05
E31875,D13
E31876,D20
E31877,D13
E31878,D04
E31879,D19
E31880,D12
E31881,D04
E31882,D06
E31883,D09
E31884,D05
E31885,D19
E31886,D20
E31887,D12
E31888,D10
E31889,D04
E31890,D15
E31891,D02
E31892,D02
E31893,D01
E31894,D19
E31895,D15
E31896,D09
E31897,D11
E31898,D04
E31899,D13
E31900,D15
E31901,D17
E31902,D06
E31903,D07
E31904,D05
E31905,D03
E31906,D13
E31907,D19
E31908,D10
E31909,D17
E31910,D01
E31911,D12
E31912,D02
E31913,D20
E31914,D20
E31915,D09
E31916,D15
E31917,D11
E31918,D14
E31919,D20
E31920,D01
E31921,D19
E31922,D16
E31923,D09
E31924,D17
E31925,D17
E31926,D09
E31927,D12
E31928,D08
E31929,D02
E31930,D02
E31931,D07
E31932,D14
E31933,D01
E31934,D17
E31935,D15
E31936,D13
E31937,D02
E31938,D10
E31939,D04
E31940,D15
E31941,D09
E31942,D11
E31943,D09
E31944,D07
E31945,D13
E31946,D14
E31947,D17
E31948,D18
E31949,D05
E31950,D20
E31951,D18
E31952,D01
E31953,D02
E31954,D15
E31955,D01
E31956,D02
E31957,D08
E31958,D03
E31959,D03
E31960,D01
E31961,D15
E31962,D05
E31963,D08
E31964,D12
E31965,D13
E31966,D20
E31967,D11
E31968,D17
E31969,D18
E31970,D08
E31971,D16
E31972,D11
E31973,D03
E31974,D07
E31975,D08
E31976,D17
E31977,D03
E31978,D01
E31979,D18
E31980,D07
E31981,D14
E31982,D04
E31983,D09
E31984,D18
E31985,D15
E31986,D11
E31987,D10
E31988,D15
E31989,D18
E31990,D10
E31991,D06
E31992,D16
E31993,D15
E31994,D20
E31995,D20
E31996,D09
E31997,D13
E31998,D04
E31999,D20
E32000,D10
E32001,D16
E32002,D09
E32003,D07
E32004,D08
E32005,D14
E32006,D04
E32007,D08
E32008,D01
E32009,D09
E32010,D06
E32011,D01
E32012,D17
E32013,D01
E32014,D04
E32015,D06
E32016,D06
E32017,D18
E32018,D18
E32019,D16
E32020,D06
E32021,D10
E32022,D02
E32023,D01
E32024,D05
E32025,D02
E32026,D13
E32027,D01
E32028,D02
E32029,D17
E32030,D11
E32031,D11
E32032,D18
E32033,D04
E32034,D16
E32035,D18
E32036,D03
E32037,D10
E32038,D10
E32039,D07
E32040,D10
E32041,D18
E32042,D17
E32043,D13
E32044,D02
E32045,D05
E32046,D10
E32047,D17
E32048,D06
E32049,D17
E32050,D06
E32051,D17
E32052,D02
E32053,D11
E32054,D09
E32055,D15
E32056,D19
E32057,D17
E32058,D10
E32059,D13
E32060,D01
E32061,D20
E32062,D06
E32063,D03
E32064,D15
E32065,D14
E32066,D02
E32067,D11
E32068,D10
E32069,D07
E32070,D13
E32071,D11
E32072,D15
E32073,D15
E32074,D03
E32075,D15
E32076,D16
E32077,D14
E32078,D01
E32079,D02
E32080,D18
E32081,D01
E32082,D16
E32083,D20
E32084,D13
E32085,D05
E32086,D09
E32087,D03
E32088,D06
E32089,D09
E32090,D20
E32091,D10
E32092,D09
E32093,D06
E32094,D19
E32095,D01
E32096,D12
E32097,D06
E32098,D03
E32099,D03
E32100,D15
E32101,D13
E32102,D18
E32103,D01
E32104,D03
E32105,D18
E32106,D14
E32107,D04
E32108,D03
E32109,D16
E32110,D20
E32111,D09
E32112,D14
E32113,D12
E32114,D02
E32115,D14
E32116,D11
E32117,D16
E32118,D16
E32119,D14
E32120,D09
E32121,D16
E32122,D10
E32123,D17
E32124,D10
E32125,D09
E32126,D14
E32127,D01
E32128,D03
E32129,D02
E32130,D05
E32131,D05
E32132,D10
E32133,D08
E32134,D09
E32135,D02
E32136,D07
E32137,D11
E32138,D20
E32139,D01
E32140,D07
E32141,D15
E32142,D18
E32143,D02
E32144,D04
E32145,D06
E32146,D10
E32147,D09
E32148,D02
E32149,D12
E32150,D03
E32151,D01
E32152,D18
E32153,D13
E32154,D19
E32155,D16
E32156,D03
E32157,D05
E32158,D18
E32159,D15
E32160,D11
E32161,D02
E32162,D12
E32163,D08
E32164,D01
E32165,D05
E32166,D11
E32167,D01
E32168,D18
E32169,D07
E32170,D06
E32171,D09
E32172,D04
E32173,D11
E32174,D18
E32175,D18
E32176,D16
E32177,D05
E32178,D08
E32179,D03
E32180,D02
E32181,D05
E32182,D14
E32183,D18
E32184,D10
E32185,D09
E32186,D01
E32187,D03
E32188,D06
E32189,D02
E32190,D09
E32191,D19
E32192,D06
E32193,D19
E32194,D16
E32195,D09
E32196,D11
E32197,D10
E32198,D09
E32199,D14
E32200,D13
E32201,D16
E32202,D08
E32203,D10
E32204,D13
E32205,D14
E32206,D03
E32207,D12
E32208,D15
E32209,D13
E32210,D07
E32211,D10
E32212,D11
E32213,D01
E32214,D11
E32215,D05
E32216,D07
E32217,D05
E32218,D02
E32219,D19
E32220,D04
E32221,D06
E32222,D16
E32223,D07
E32224,D05
E32225,D12
E32226,D15
E32227,D19
E32228,D08
E32229,D08
E32230,D11
E32231,D15
E32232,D10
E32233,D06
E32234,D14
E32235,D05
E32236,D18
E32237,D08
E32238,D19
E32239,D13
E32240,D13
E32241,D11
E32242,D03
E32243,D12
E32244,D09
E32245,D02
E32246,D05
E32247,D06
E32248,D13
E32249,D03
E32250,D10
E32251,D13
E32252,D03
E32253,D12
E32254,D10
E32255,D20
E32256,D08
E32257,D06
E32258,D05
E32259,D20
E32260,D19
E32261,D08
E32262,D18
E32263,D08
E32264,D19
E32265,D15
E32266,D16
E32267,D01
E32268,D10
E32269,D03
E32270,D07
E32271,D05
E32272,D07
E32273,D11
E32274,D03
E32275,D18
E32276,D20
E32277,D13
E32278,D17
E32279,D02
E32280,D14
E32281,D12
E32282,D14
E32283,D02
E32284,D08
E32285,D17
E32286,D16
E32287,D06
E32288,D03
E32289,D19
E32290,D09
E32291,D20
E32292,D09
E32293,D05
E32294,D13
E32295,D06
E32296,D13
E32297,D09
E32298,D02
E32299,D04
E32300,D16
E32301,D04
E32302,D14
E32303,D06
E32304,D19
E32305,D10
E32306,D13
E32307,D09
E32308,D15
E32309,D09
E32310,D09
E32311,D11
E32312,D10
E32313,D16
E32314,D07
E32315,D17
E32316,D13
E32317,D03
E32318,D16
E32319,D05
E32320,D04
E32321,D18
E32322,D17
E32323,D10
E32324,D05
E32325,D19
E32326,D13
E32327,D06
E32328,D13
E32329,D17
E32330,D05
E32331,D17
E32332,D13
E32333,D16
E32334,D19
E32335,D06
E32336,D08
E32337,D16
E32338,D09
E32339,D13
E32340,D20
E32341,D13
E32342,D18
E32343,D09
E32344,D18
E32345,D08
E32346,D05
E32347,D06
E32348,D02
E32349,D03
E32350,D12
E32351,D17
E32352,D20
E32353,D01
E32354,D15
E32355,D17
E32356,D16
E32357,D19
E32358,D12
E32359,D01
E32360,D16
E32361,D08
E32362,D18
E32363,D06
E32364,D11
E32365,D19
E32366,D01
E32367,D08
E32368,D07
E32369,D10
E32370,D16
E32371,D15
E32372,D01
E32373,D09
E32374,D08
E32375,D16
E32376,D18
E32377,D12
E32378,D14
E32379,D15
E32380,D12
E32381,D05
E32382,D02
E32383,D17
E32384,D19
E32385,D16
E32386,D07
E32387,D11
E32388,D03
E32389,D11
E32390,D15
E32391,D07
E32392,D02
E32393,D12
E32394,D20
E32395,D03
E32396,D15
E32397,D06
E32398,D01
E32399,D09
E32400,D08
E32401,D17
E32402,D05
E32403,D12
E32404,D16
E32405,D11
E32406,D04
E32407,D08
E32408,D20
E32409,D10
E32410,D13
E32411,D05
E32412,D07
E32413,D01
E32414,D12
E32415,D13
E32416,D09
E32417,D01
E32418,D10
E32419,D17
E32420,D12
E32421,D03
E32422,D01
E32423,D03
E32424,D01
E32425,D13
E32426,D01
E32427,D14
E32428,D01
E32429,D10
E32430,D13
E32431,D14
E32432,D14
E32433,D03
E32434,D13
E32435,D15
E32436,D09
E32437,D18
E32438,D15
E32439,D19
E32440,D20
E32441,D09
E32442,D20
E32443,D14
E32444,D16
E32445,D05
E32446,D19
E32447,D03
E32448,D03
E32449,D10
E32450,D08
E32451,D16
E32452,D19
E32453,D09
E32454,D06
E32455,D14
E32456,D07
E32457,D13
E32458,D15
E32459,D14
E32460,D11
E32461,D04
E32462,D13
E32463,D06
E32464,D01
E32465,D10
E32466,D09
E32467,D14
E32468,D06
E32469,D09
E32470,D08
E32471,D01
E32472,D10
E32473,D05
E32474,D12
E32475,D12
E32476,D15
E32477,D14
E32478,D09
E32479,D12
E32480,D09
E32481,D18
E32482,D05
E32483,D20
E32484,D08
E32485,D05
E32486,D07
E32487,D05
E32488,D19
E32489,D07
E32490,D06
E32491,D17
E32492,D17
E32493,D19
E32494,D05
E32495,D03
E32496,D13
E32497,D11
E32498,D11
E32499,D10
E32500,D05
E32501,D07
E32502,D02
E32503,D04
E32504,D07
E32505,D08
E32506,D16
E32507,D02
E32508,D17
E32509,D16
E32510,D14
E32511,D05
E32512,D12
E32513,D02
E32514,D13
E32515,D13
E32516,D16
E32517,D06
E32518,D05
E32519,D11
E32520,D14
E32521,D07
E32522,D14
E32523,D11
E32524,D09
E32525,D03
E32526,D15
E32527,D01
E32528,D12
E32529,D03
E32530,D07
E32531,D06
E32532,D11
E32533,D06
E32534,D08
E32535,D18
E32536,D04
E32537,D11
E32538,D10
E32539,D07
E32540,D14
E32541,D17
E32542,D01
E32543,D14
E32544,D02
E32545,D12
E32546,D04
E32547,D14
E32548,D05
E32549,D02
E32550,D05
E32551,D16
E32552,D01
E32553,D15
E32554,D14
E32555,D01
E32556,D02
E32557,D12
E32558,D15
E32559,D08
E32560,D07
E32561,D16
E32562,D03
E32563,D06
E32564,D02
E32565,D17
E32566,D02
E32567,D11
E32568,D07
E32569,D20
E32570,D10
E32571,D16
E32572,D12
E32573,D01
E32574,D06
E32575,D17
E32576,D01
E32577,D09
E32578,D09
E32579,D15
E32580,D13
E32581,D01
E32582,D06
E32583,D16
E32584,D18
E32585,D05
E32586,D04
E32587,D05
E32588,D16
E32589,D12
E32590,D17
E32591,D16
E32592,D13
E32593,D20
E32594,D11
E32595,D19
E32596,D05
E32597,D17
E32598,D17
E32599,D13
E32600,D10
E32601,D09
E32602,D08
E32603,D02
E32604,D13
E32605,D19
E32606,D12
E32607,D07
E32608,D09
E32609,D15
E32610,D06
E32611,D04
E32612,D06
E32613,D11
E32614,D20
E32615,D20
E32616,D09
E32617,D12
E32618,D01
E32619,D08
E32620,D05
E32621,D09
E32622,D13
E32623,D17
E32624,D06
E32625,D13
E32626,D17
E32627,D02
E32628,D18
E32629,D16
E32630,D04
E32631,D05
E32632,D11
E32633,D02
E32634,D03
E32635,D17
E32636,D11
E32637,D20
E32638,D02
E32639,D13
E32640,D01
E32641,D10
E32642,D07
E32643,D06
E32644,D19
E32645,D15
E32646,D10
E32647,D03
E32648,D17
E32649,D10
E32650,D16
E32651,D07
E32652,D08
E32653,D05
E32654,D07
E32655,D09
E32656,D10
E32657,D01
E32658,D13
E32659,D17
E32660,D15
E32661,D07
E32662,D14
E32663,D08
E32664,D16
E32665,D04
E32666,D01
E32667,D01
E32668,D11
E32669,D05
E32670,D03
E32671,D15
E32672,D09
E32673,D17
E32674,D20
E32675,D10
E32676,D04
E32677,D08
E32678,D16
E32679,D03
E32680,D04
E32681,D07
E32682,D08
E32683,D03
E32684,D18
E32685,D17
E32686,D02
E32687,D03
E32688,D20
E32689,D13
E32690,D04
E32691,D17
E32692,D04
E32693,D04
E32694,D09
E32695,D04
E32696,D15
E32697,D04
E32698,D10
E32699,D15
E32700,D13
E32701,D02
E32702,D03
E32703,D16
E32704,D15
E32705,D14
E32706,D06
E32707,D12
E32708,D19
E32709,D03
E32710,D06
E32711,D04
E32712,D17
E32713,D16
E32714,D03
E32715,D08
E32716,D11
E32717,D17
E32718,D13
E32719,D06
E32720,D09
E32721,D02
E32722,D08
E32723,D01
E32724,D08
E32725,D06
E32726,D19
E32727,D09
E32728,D15
E32729,D18
E32730,D04
E32731,D18
E32732,D02
E32733,D15
E32734,D07
E32735,D18
E32736,D09
E32737,D15
E32738,D20
E32739,D18
E32740,D20
E32741,D12
E32742,D13
E32743,D06
E32744,D14
E32745,D19
E32746,D14
E32747,D16
E32748,D11
E32749,D14
E32750,D18
E32751,D19
E32752,D11
E32753,D07
E32754,D10
E32755,D06
E32756,D12
E32757,D16
E32758,D16
E32759,D09
E32760,D01
E32761,D04
E32762,D08
E32763,D13
E32764,D07
E32765,D07
E32766,D17
E32767,D09
E32768,D20
E32769,D15
E32770,D03
E32771,D03
E32772,D01
E32773,D17
E32774,D07
E32775,D09
E32776,D14
E32777,D18
E32778,D17
E32779,D15
E32780,D02
E32781,D11
E32782,D03
E32783,D02
E32784,D18
E32785,D12
E32786,D07
E32787,D16
E32788,D16
E32789,D12
E32790,D10
E32791,D15
E32792,D02
E32793,D04
E32794,D01
E32795,D05
E32796,D19
E32797,D14
E32798,D16
E32799,D18
E32800,D13
E32801,D02
E32802,D15
E32803,D03
E32804,D06
E32805,D16
E32806,D09
E32807,D08
E32808,D18
E32809,D18
E32810,D11
E32811,D20
E32812,D06
E32813,D02
E32814,D19
E32815,D12
E32816,D09
E32817,D15
E32818,D12
E32819,D18
E32820,D03
E32821,D01
E32822,D11
E32823,D09
E32824,D11
E32825,D06
E32826,D11
E32827,D01
E32828,D11
E32829,D12
E32830,D04
E32831,D05
E32832,D15
E32833,D13
E32834,D12
E32835,D07
E32836,D19
E32837,D11
E32838,D03
E32839,D17
E32840,D09
E32841,D16
E32842,D18
E32843,D03
E32844,D02
E32845,D09
E32846,D10
E32847,D12
E32848,D16
E32849,D12
E32850,D16
E32851,D03
E32852,D10
E32853,D10
E32854,D11
E32855,D11
E32856,D07
E32857,D14
E32858,D04
E32859,D09
E32860,D12
E32861,D10
E32862,D11
E32863,D09
E32864,D05
E32865,D08
E32866,D07
E32867,D18
E32868,D09
E32869,D03
E32870,D18
E32871,D07
E32872,D09
E32873,D09
E32874,D03
E32875,D14
E32876,D04
E32877,D11
E32878,D08
E32879,D19
E32880,D17
E32881,D03
E32882,D18
E32883,D05
E32884,D06
E32885,D10
E32886,D18
E32887,D12
E32888,D04
E32889,D19
E32890,D13
E32891,D18
E32892,D10
E32893,D02
E32894,D07
E32895,D13
E32896,D06
E32897,D01
E32898,D08
E32899,D18
E32900,D05
E32901,D10
E32902,D20
E32903,D15
E32904,D04
E32905,D02
E32906,D03
E32907,D12
E32908,D05
E32909,D13
E32910,D20
E32911,D05
E32912,D09
E32913,D04
E32914,D02
E32915,D04
E32916,D20
E32917,D08
E32918,D14
E32919,D01
E32920,D01
E32921,D12
E32922,D03
E32923,D16
E32924,D09
E32925,D13
E32926,D16
E32927,D10
E32928,D08
E32929,D15
E32930,D13
E32931,D09
E32932,D06
E32933,D12
E32934,D20
E32935,D12
E32936,D18
E32937,D16
E32938,D07
E32939,D12
E32940,D16
E32941,D08
E32942,D14
E32943,D09
E32944,D03
E32945,D10
E32946,D11
E32947,D11
E32948,D02
E32949,D11
E32950,D19
E32951,D15
E32952,D19
E32953,D10
E32954,D05
E32955,D14
E32956,D04
E32957,D09
E32958,D14
E32959,D03
E32960,D11
E32961,D15
E32962,D14
E32963,D13
E32964,D16
E32965,D08
E32966,D18
E32967,D06
E32968,D10
E32969,D18
E32970,D02
E32971,D20
E32972,D19
E32973,D09
E32974,D01
E32975,D14
E32976,D15
E32977,D10
E32978,D11
E32979,D16
E32980,D11
E32981,D08
E32982,D01
E32983,D19
E32984,D14
E32985,D17
E32986,D03
E32987,D11
E32988,D04
E32989,D16
E32990,D15
E32991,D16
E32992,D15
E32993,D11
E32994,D02
E32995,D08
E32996,D01
E32997,D11
E32998,D20
E32999,D07
E33000,D03
E33001,D05
E33002,D04
E33003,D14
E33004,D17
E33005,D13
E33006,D02
E33007,D05
E33008,D15
E33009,D12
E33010,D18
E33011,D10
E33012,D02
E33013,D11
E33014,D17
E33015,D03
E33016,D10
E33017,D06
E33018,D08
E33019,D07
E33020,D02
E33021,D01
E33022,D12
E33023,D11
E33024,D18
E33025,D15
E33026,D04
E33027,D03
E33028,D10
E33029,D05
E33030,D02
E33031,D07
E33032,D09
E33033,D18
E33034,D12
E33035,D09
E33036,D06
E33037,D07
E33038,D10
E33039,D09
E33040,D09
E33041,D05
E33042,D07
E33043,D04
E33044,D15
E33045,D19
E33046,D15
E33047,D02
E33048,D06
E33049,D19
E33050,D19
E33051,D19
E33052,D17
E33053,D03
E33054,D04
E33055,D14
E33056,D07
E33057,D18
E33058,D02
E33059,D12
E33060,D16
E33061,D11
E33062,D19
E33063,D09
E33064,D14
E33065,D07
E33066,D01
E33067,D09
E33068,D01
E33069,D15
E33070,D06
E33071,D04
E33072,D11
E33073,D07
E33074,D10
E33075,D17
E33076,D08
E33077,D11
E33078,D20
E33079,D01
E33080,D20
E33081,D18
E33082,D04
E33083,D18
E33084,D16
E33085,D19
E33086,D19
E33087,D03
E33088,D11
E33089,D15
E33090,D20
E33091,D15
E33092,D03
E33093,D05
E33094,D20
E33095,D10
E33096,D12
E33097,D19
E33098,D03
E33099,D02
E33100,D05
E33101,D06
E33102,D19
E33103,D12
E33104,D05
E33105,D07
E33106,D17
E33107,D17
E33108,D19
E33109,D02
E33110,D20
E33111,D18
E33112,D02
E33113,D08
E33114,D02
E33115,D02
E33116,D04
E33117,D12
E33118,D06
E33119,D13
E33120,D15
E33121,D12
E33122,D02
E33123,D08
E33124,D02
E33125,D12
E33126,D02
E33127,D19
E33128,D12
E33129,D06
E33130,D16
E33131,D13
E33132,D15
E33133,D14
E33134,D09
E33135,D20
E33136,D06
E33137,D15
E33138,D05
E33139,D14
E33140,D20
E33141,D19
E33142,D11
E33143,D08
E33144,D01
E33145,D09
E33146,D19
E33147,D19
E33148,D19
E33149,D13
E33150,D20
E33151,D08
E33152,D05
E33153,D18
E33154,D07
E33155,D11
E33156,D04
E33157,D02
E33158,D09
E33159,D12
E33160,D02
E33161,D08
E33162,D17
E33163,D13
E33164,D04
E33165,D09
E33166,D12
E33167,D17
E33168,D15
E33169,D16
E33170,D04
E33171,D16
E33172,D09
E33173,D02
E33174,D11
E33175,D01
E33176,D11
E33177,D04
E33178,D07
E33179,D03
E33180,D04
E33181,D20
E33182,D12
E33183,D08
E33184,D12
E33185,D10
E33186,D14
E33187,D09
E33188,D16
E33189,D05
E33190,D10
E33191,D01
E33192,D02
E33193,D14
E33194,D12
E33195,D11
E33196,D14
E33197,D17
E33198,D05
E33199,D07
E33200,D03
E33201,D16
E33202,D12
E33203,D03
E33204,D12
E33205,D04
E33206,D02
E33207,D03
E33208,D02
E33209,D14
E33210,D04
E33211,D09
E33212,D18
E33213,D05
E33214,D19
E33215,D08
E33216,D09
E33217,D01
E33218,D16
E33219,D16
E33220,D10
E33221,D18
E33222,D09
E33223,D09
E33224,D18
E33225,D14
E33226,D15
E33227,D03
E33228,D17
E33229,D20
E33230,D13
E33231,D16
E33232,D10
E33233,D07
E33234,D18
E33235,D07
E33236,D20
E33237,D20
E33238,D14
E33239,D18
E33240,D17
E33241,D19
E33242,D06
E33243,D01
E33244,D01
E33245,D08
E33246,D19
E33247,D05
E33248,D19
E33249,D13
E33250,D07
E33251,D19
E33252,D19
E33253,D13
E33254,D09
E33255,D12
E33256,D18
E33257,D19
E33258,D19
E33259,D08
E33260,D10
E33261,D01
E33262,D10
E33263,D04
E33264,D15
E33265,D07
E33266,D17
E33267,D12
E33268,D11
E33269,D04
E33270,D19
E33271,D02
E33272,D14
E33273,D06
E33274,D15
E33275,D08
E33276,D11
E33277,D02
E33278,D08
E33279,D16
E33280,D16
E33281,D04
E33282,D07
E33283,D11
E33284,D11
E33285,D01
E33286,D04
E33287,D14
E33288,D15
E33289,D02
E33290,D03
E33291,D04
E33292,D13
E33293,D06
E33294,D12
E33295,D07
E33296,D11
E33297,D10
E33298,D10
E33299,D14
E33300,D12
E33301,D10
E33302,D05
E33303,D17
E33304,D02
E33305,D19
E33306,D06
E33307,D13
E33308,D13
E33309,D20
E33310,D03
E33311,D02
E33312,D06
E33313,D11
E33314,D08
E33315,D14
E33316,D08
E33317,D09
E33318,D08
E33319,D18
E33320,D06
E33321,D04
E33322,D12
E33323,D05
E33324,D17
E33325,D07
E33326,D19
E33327,D12
E33328,D03
E33329,D06
E33330,D19
E33331,D02
E33332,D02
E33333,D08
E33334,D20
E33335,D15
E33336,D15
E33337,D01
E33338,D02
E33339,D14
E33340,D14
E33341,D05
E33342,D03
E33343,D15
E33344,D02
E33345,D17
E33346,D10
E33347,D03
E33348,D07
E33349,D01
E33350,D13
E33351,D01
E33352,D14
E33353,D04
E33354,D13
E33355,D19
E33356,D16
E33357,D04
E33358,D11
E33359,D11
E33360,D12
E33361,D06
E33362,D01
E33363,D04
E33364,D15
E33365,D18
E33366,D12
E33367,D11
E33368,D01
E33369,D14
E33370,D04
E33371,D16
E33372,D02
E33373,D04
E33374,D03
E33375,D16
E33376,D11
E33377,D18
E33378,D14
E33379,D12
E33380,D03
E33381,D12
E33382,D19
E33383,D13
E33384,D10
E33385,D16
E33386,D04
E33387,D15
E33388,D18
E33389,D15
E33390,D14
E33391,D03
E33392,D14
E33393,D12
E33394,D07
E33395,D05
E33396,D13
E33397,D08
E33398,D12
E33399,D04
E33400,D07
E33401,D13
E33402,D02
E33403,D16
E33404,D06
E33405,D05
E33406,D11
E33407,D16
E33408,D18
E33409,D12
E33410,D04
E33411,D11
E33412,D19
E33413,D17
E33414,D03
E33415,D05
E33416,D06
E33417,D09
E33418,D06
E33419,D04
E33420,D05
E33421,D02
E33422,D17
E33423,D15
E33424,D13
E33425,D17
E33426,D10
E33427,D18
E33428,D10
E33429,D19
E33430,D13
E33431,D09
E33432,D13
E33433,D11
E33434,D07
E33435,D13
E33436,D09
E33437,D02
E33438,D05
E33439,D16
E33440,D12
E33441,D01
E33442,D17
E33443,D04
E33444,D03
E33445,D08
E33446,D09
E33447,D05
E33448,D09
E33449,D15
E33450,D04
E33451,D16
E33452,D19
E33453,D09
E33454,D17
E33455,D06
E33456,D18
E33457,D06
E33458,D06
E33459,D01
E33460,D10
E33461,D07
E33462,D10
E33463,D17
E33464,D17
E33465,D13
E33466,D07
E33467,D19
E33468,D02
E33469,D16
E33470,D14
E33471,D18
E33472,D18
E33473,D18
E33474,D06
E33475,D06
E33476,D09
E33477,D03
E33478,D09
E33479,D05
E33480,D01
E33481,D20
E33482,D14
E33483,D02
E33484,D17
E33485,D01
E33486,D09
E33487,D07
E33488,D19
E33489,D13
E33490,D08
E33491,D08
E33492,D07
E33493,D20
E33494,D03
E33495,D12
E33496,D02
E33497,D06
E33498,D01
E33499,D05
E33500,D10
E33501,D19
E33502,D07
E33503,D10
E33504,D18
E33505,D03
E33506,D01
E33507,D03
E33508,D11
E33509,D17
E33510,D12
E33511,D05
E33512,D16
E33513,D01
E33514,D08
E33515,D05
E33516,D05
E33517,D15
E33518,D08
E33519,D01
E33520,D12
E33521,D14
E33522,D07
E33523,D11
E33524,D07
E33525,D18
E33526,D11
E33527,D05
E33528,D18
E33529,D11
E33530,D10
E33531,D20
E33532,D08
E33533,D14
E33534,D07
E33535,D07
E33536,D04
E33537,D01
E33538,D15
E33539,D11
E33540,D20
E33541,D05
E33542,D12
E33543,D16
E33544,D08
E33545,D18
E33546,D01
E33547,D11
E33548,D10
E33549,D17
E33550,D07
E33551,D14
E33552,D20
E33553,D05
E33554,D09
E33555,D16
E33556,D16
E33557,D20
E33558,D03
E33559,D18
E33560,D08
E33561,D18
E33562,D01
E33563,D03
E33564,D10
E33565,D10
E33566,D14
E33567,D18
E33568,D01
E33569,D04
E33570,D03
E33571,D02
E33572,D05
E33573,D03
E33574,D01
E33575,D08
E33576,D09
E33577,D03
E33578,D16
E33579,D14
E33580,D12
E33581,D11
E33582,D20
E33583,D13
E33584,D06
E33585,D05
E33586,D03
E33587,D06
E33588,D13
E33589,D07
E33590,D16
E33591,D07
E33592,D17
E33593,D01
E33594,D09
E33595,D07
E33596,D18
E33597,D20
E33598,D17
E33599,D08
E33600,D17
E33601,D16
E33602,D20
E33603,D04
E33604,D10
E33605,D05
E33606,D07
E33607,D19
E33608,D14
E33609,D04
E33610,D04
E33611,D16
E33612,D09
E33613,D02
E33614,D11
E33615,D19
E33616,D02
E33617,D01
E33618,D18
E33619,D17
E33620,D08
E33621,D15
E33622,D18
E33623,D04
E33624,D19
E33625,D05
E33626,D02
E33627,D15
E33628,D09
E33629,D11
E33630,D15
E33631,D19
E33632,D08
E33633,D19
E33634,D17
E33635,D08
E33636,D20
E33637,D09
E33638,D16
E33639,D19
E33640,D15
E33641,D09
E33642,D02
E33643,D10
E33644,D13
E33645,D14
E33646,D09
E33647,D01
E33648,D05
E33649,D07
E33650,D07
E33651,D16
E33652,D07
E33653,D16
E33654,D06
E33655,D02
E33656,D01
E33657,D05
E33658,D06
E33659,D15
E33660,D19
E33661,D04
E33662,D12
E33663,D03
E33664,D15
E33665,D13
E33666,D15
E33667,D19
E33668,D08
E33669,D16
E33670,D18
E33671,D08
E33672,D11
E33673,D10
E33674,D20
E33675,D18
E33676,D13
E33677,D16
E33678,D14
E33679,D06
E33680,D02
E33681,D07
E33682,D11
E33683,D12
E33684,D15
E33685,D17
E33686,D17
E33687,D15
E33688,D15
E33689,D06
E33690,D10
E33691,D14
E33692,D12
E33693,D03
E33694,D13
E33695,D03
E33696,D19
E33697,D04
E33698,D17
E33699,D17
E33700,D05
E33701,D18
E33702,D03
E33703,D04
E33704,D10
E33705,D11
E33706,D13
E33707,D16
E33708,D18
E33709,D02
E33710,D18
E33711,D06
E33712,D13
E33713,D18
E33714,D18
E33715,D04
E33716,D14
E33717,D11
E33718,D11
E33719,D01
E33720,D16
E33721,D04
E33722,D16
E33723,D15
E33724,D17
E33725,D16
E33726,D05
E33727,D17
E33728,D13
E33729,D02
E33730,D19
E33731,D14
E33732,D14
E33733,D03
E33734,D01
E33735,D16
E33736,D15
E33737,D04
E33738,D07
E33739,D03
E33740,D06
E33741,D08
E33742,D10
E33743,D07
E33744,D14
E33745,D08
E33746,D10
E33747,D09
E33748,D06
E33749,D02
E33750,D04
E33751,D07
E33752,D05
E33753,D06
E33754,D17
E33755,D16
E33756,D08
E33757,D03
E33758,D01
E33759,D11
E33760,D10
E33761,D16
E33762,D19
E33763,D15
E33764,D10
E33765,D09
E33766,D13
E33767,D19
E33768,D17
E33769,D08
E33770,D19
E33771,D06
E33772,D20
E33773,D11
E33774,D08
E33775,D06
E33776,D15
E33777,D11
E33778,D17
E33779,D08
E33780,D01
E33781,D02
E33782,D13
E33783,D08
E33784,D06
E33785,D19
E33786,D07
E33787,D05
E33788,D02
E33789,D06
E33790,D01
E33791,D14
E33792,D13
E33793,D17
E33794,D06
E33795,D19
E33796,D13
E33797,D18
E33798,D09
E33799,D07
E33800,D18
E33801,D04
E33802,D16
E33803,D02
E33804,D08
E33805,D07
E33806,D10
E33807,D07
E33808,D14
E33809,D09
E33810,D07
E33811,D11
E33812,D09
E33813,D04
E33814,D20
E33815,D18
E33816,D13
E33817,D08
E33818,D01
E33819,D13
E33820,D04
E33821,D17
E33822,D16
E33823,D14
E33824,D03
E33825,D11
E33826,D13
E33827,D15
E33828,D04
E33829,D10
E33830,D19
E33831,D07
E33832,D08
E33833,D05
E33834,D04
E33835,D03
E33836,D13
E33837,D03
E33838,D20
E33839,D20
E33840,D09
E33841,D02
E33842,D03
E33843,D19
E33844,D03
E33845,D14
E33846,D20
E33847,D19
E33848,D08
E33849,D18
E33850,D06
E33851,D18
E33852,D02
E33853,D15
E33854,D19
E33855,D09
E33856,D07
E33857,D04
E33858,D16
E33859,D06
E33860,D02
E33861,D12
E33862,D15
E33863,D11
E33864,D02
E33865,D06
E33866,D06
E33867,D07
E33868,D12
E33869,D15
E33870,D02
E33871,D09
E33872,D06
E33873,D02
E33874,D07
E33875,D18
E33876,D07
E33877,D10
E33878,D16
E33879,D10
E33880,D15
E33881,D12
E33882,D15
E33883,D19
E33884,D04
E33885,D12
E33886,D03
E33887,D12
E33888,D07
E33889,D01
E33890,D01
E33891,D02
E33892,D09
E33893,D07
E33894,D03
E33895,D11
E33896,D06
E33897,D08
E33898,D05
E33899,D18
E33900,D05
E33901,D04
E33902,D10
E33903,D09
E33904,D05
E33905,D09
E33906,D15
E33907,D03
E33908,D02
E33909,D10
E33910,D20
E33911,D03
E33912,D11
E33913,D11
E33914,D17
E33915,D09
E33916,D07
E33917,D03
E33918,D17
E33919,D10
E33920,D12
E33921,D05
E33922,D02
E33923,D12
E33924,D11
E33925,D18
E33926,D15
E33927,D13
E33928,D10
E33929,D01
E33930,D15
E33931,D13
E33932,D18
E33933,D07
E33934,D02
E33935,D17
E33936,D19
E33937,D05
E33938,D11
E33939,D09
E33940,D06
E33941,D03
E33942,D09
E33943,D04
E33944,D02
E33945,D19
E33946,D17
E33947,D15
E33948,D10
E33949,D01
E33950,D05
E33951,D07
E33952,D17
E33953,D07
E33954,D15
E33955,D15
E33956,D09
E33957,D16
E33958,D18
E33959,D17
E33960,D01
E33961,D14
E33962,D12
E33963,D05
E33964,D14
E33965,D07
E33966,D09
E33967,D04
E33968,D20
E33969,D08
E33970,D02
E33971,D07
E33972,D10
E33973,D13
E33974,D11
E33975,D12
E33976,D02
E33977,D06
E33978,D19
E33979,D12
E33980,D07
E33981,D05
E33982,D06
E33983,D15
E33984,D15
E33985,D08
E33986,D02
E33987,D13
E33988,D09
E33989,D18
E33990,D11
E33991,D14
E33992,D19
E33993,D06
E33994,D07
E33995,D01
E33996,D01
E33997,D20
E33998,D02
E33999,D14
E34000,D06
E34001,D09
E34002,D15
E34003,D20
E34004,D10
E34005,D11
E34006,D05
E34007,D04
E34008,D19
E34009,D17
E34010,D01
E34011,D15
E34012,D12
E34013,D11
E34014,D18
E34015,D19
E34016,D15
E34017,D20
E34018,D17
E34019,D12
E34020,D14
E34021,D01
E34022,D20
E34023,D13
E34024,D01
E34025,D02
E34026,D03
E34027,D13
E34028,D18
E34029,D15
E34030,D12
E34031,D19
E34032,D08
E34033,D20
E34034,D18
E34035,D05
E34036,D07
E34037,D20
E34038,D11
E34039,D03
E34040,D18
E34041,D07
E34042,D09
E34043,D15
E34044,D01
E34045,D03
E34046,D20
E34047,D15
E34048,D18
E34049,D19
E34050,D12
E34051,D04
E34052,D13
E34053,D14
E34054,D19
E34055,D03
E34056,D03
E34057,D19
E34058,D02
E34059,D05
E34060,D11
E34061,D17
E34062,D02
E34063,D10
E34064,D01
E34065,D17
E34066,D10
E34067,D10
E34068,D13
E34069,D01
E34070,D18
E34071,D20
E34072,D03
E34073,D07
E34074,D15
E34075,D09
E34076,D18
E34077,D09
E34078,D08
E34079,D05
E34080,D08
E34081,D15
E34082,D12
E34083,D08
E34084,D04
E34085,D09
E34086,D18
E34087,D08
E34088,D03
E34089,D10
E34090,D02
E34091,D06
E34092,D03
E34093,D04
E34094,D15
E34095,D16
E34096,D03
E34097,D14
E34098,D01
E34099,D19
E34100,D18
E34101,D19
E34102,D03
E34103,D02
E34104,D17
E34105,D13
E34106,D16
E34107,D19
E34108,D20
E34109,D04
E34110,D12
E34111,D12
E34112,D12
E34113,D20
E34114,D05
E34115,D04
E34116,D20
E34117,D17
E34118,D10
E34119,D10
E34120,D01
E34121,D03
E34122,D15
E34123,D16
E34124,D01
E34125,D16
E34126,D17
E34127,D17
E34128,D11
E34129,D11
E34130,D09
E34131,D17
E34132,D15
E34133,D14
E34134,D11
E34135,D04
E34136,D08
E34137,D03
E34138,D11
E34139,D03
E34140,D09
E34141,D14
E34142,D12
E34143,D10
E34144,D17
E34145,D13
E34146,D12
E34147,D03
E34148,D02
E34149,D02
E34150,D01
E34151,D14
E34152,D05
E34153,D06
E34154,D01
E34155,D04
E34156,D04
E34157,D03
E34158,D11
E34159,D13
E34160,D08
E34161,D10
E34162,D17
E34163,D13
E34164,D09
E34165,D02
E34166,D18
E34167,D16
E34168,D10
E34169,D06
E34170,D14
E34171,D01
E34172,D17
E34173,D11
E34174,D15
E34175,D06
E34176,D18
E34177,D06
E34178,D11
E34179,D13
E34180,D14
E34181,D01
E34182,D06
E34183,D17
E34184,D19
E34185,D07
E34186,D05
E34187,D15
E34188,D20
E34189,D09
E34190,D07
E34191,D10
E34192,D19
E34193,D08
E34194,D03
E34195,D11
E34196,D03
E34197,D14
E34198,D18
E34199,D18
E34200,D20
E34201,D08
E34202,D15
E34203,D18
E34204,D19
E34205,D20
E34206,D04
E34207,D10
E34208,D10
E34209,D15
E34210,D11
E34211,D08
E34212,D09
E34213,D05
E34214,D20
E34215,D14
E34216,D08
E34217,D15
E34218,D12
E34219,D15
E34220,D05
E34221,D15
E34222,D02
E34223,D04
E34224,D18
E34225,D01
E34226,D16
E34227,D04
E34228,D03
E34229,D18
E34230,D16
E34231,D16
E34232,D17
E34233,D06
E34234,D08
E34235,D06
E34236,D11
E34237,D18
E34238,D12
E34239,D17
E34240,D05
E34241,D04
E34242,D17
E34243,D14
E34244,D13
E34245,D02
E34246,D18
E34247,D02
E34248,D17
E34249,D12
E34250,D01
E34251,D20
E34252,D19
E34253,D16
E34254,D08
E34255,D12
E34256,D03
E34257,D07
E34258,D06
E34259,D12
E34260,D15
E34261,D06
E34262,D20
E34263,D16
E34264,D02
E34265,D13
E34266,D09
E34267,D20
E34268,D07
E34269,D09
E34270,D02
E34271,D20
E34272,D07
E34273,D06
E34274,D15
E34275,D01
E34276,D18
E34277,D11
E34278,D14
E34279,D13
E34280,D10
E34281,D17
E34282,D15
E34283,D13
E34284,D11
E34285,D02
E34286,D12
E34287,D18
E34288,D19
E34289,D04
E34290,D18
E34291,D16
E34292,D15
E34293,D06
E34294,D18
E34295,D18
E34296,D04
E34297,D05
E34298,D11
E34299,D06
E34300,D13
E34301,D09
E34302,D11
E34303,D14
E34304,D18
E34305,D03
E34306,D20
E34307,D16
E34308,D17
E34309,D12
E34310,D06
E34311,D09
E34312,D07
E34313,D18
E34314,D16
E34315,D06
E34316,D06
E34317,D01
E34318,D07
E34319,D11
E34320,D14
E34321,D18
E34322,D15
E34323,D15
E34324,D04
E34325,D05
E34326,D02
E34327,D06
E34328,D03
E34329,D12
E34330,D15
E34331,D06
E34332,D11
E34333,D19
E34334,D18
E34335,D09
E34336,D10
E34337,D05
E34338,D07
E34339,D06
E34340,D08
E34341,D15
E34342,D11
E34343,D13
E34344,D10
E34345,D18
E34346,D02
E34347,D12
E34348,D03
E34349,D19
E34350,D06
E34351,D12
E34352,D19
E34353,D20
E34354,D16
E34355,D01
E34356,D15
E34357,D11
E34358,D11
E34359,D06
E34360,D04
E34361,D15
E34362,D04
E34363,D16
E34364,D01
E34365,D07
E34366,D13
E34367,D02
E34368,D10
E34369,D11
E34370,D10
E34371,D14
E34372,D13
E34373,D07
E34374,D17
E34375,D07
E34376,D10
E34377,D09
E34378,D11
E34379,D12
E34380,D08
E34381,D15
E34382,D05
E34383,D16
E34384,D01
E34385,D02
E34386,D18
E34387,D18
E34388,D04
E34389,D06
E34390,D08
E34391,D03
E34392,D12
E34393,D04
E34394,D16
E34395,D15
E34396,D15
E34397,D20
E34398,D03
E34399,D18
E34400,D02
E34401,D20
E34402,D03
E34403,D07
E34404,D07
E34405,D20
E34406,D03
E34407,D09
E34408,D20
E34409,D17
E34410,D18
E34411,D15
E34412,D15
E34413,D13
E34414,D02
E34415,D13
E34416,D10
E34417,D08
E34418,D14
E34419,D09
E34420,D09
E34421,D04
E34422,D01
E34423,D09
E34424,D15
E34425,D11
E34426,D04
E34427,D01
E34428,D13
E34429,D05
E34430,D16
E34431,D05
E34432,D15
E34433,D18
E34434,D16
E34435,D18
E34436,D02
E34437,D01
E34438,D17
E34439,D08
E34440,D05
E34441,D01
E34442,D10
E34443,D19
E34444,D19
E34445,D08
E34446,D12
E34447,D17
E34448,D17
E34449,D09
E34450,D18
E34451,D05
E34452,D17
E34453,D07
E34454,D14
E34455,D14
E34456,D13
E34457,D07
E34458,D07
E34459,D11
E34460,D18
E34461,D09
E34462,D09
E34463,D03
E34464,D14
E34465,D18
E34466,D14
E34467,D07
E34468,D01
E34469,D02
E34470,D14
E34471,D10
E34472,D11
E34473,D17
E34474,D15
E34475,D13
E34476,D01
E34477,D04
E34478,D10
E34479,D08
E34480,D19
E34481,D12
E34482,D04
E34483,D01
E34484,D06
E34485,D01
E34486,D15
E34487,D18
E34488,D14
E34489,D04
E34490,D10
E34491,D06
E34492,D12
E34493,D06
E34494,D16
E34495,D01
E34496,D14
E34497,D03
E34498,D09
E34499,D16
E34500,D16
E34501,D17
E34502,D03
E34503,D07
E34504,D03
E34505,D17
E34506,D04
E34507,D08
E34508,D18
E34509,D13
E34510,D03
E34511,D07
E34512,D08
E34513,D12
E34514,D08
E34515,D05
E34516,D07
E34517,D05
E34518,D08
E34519,D13
E34520,D17
E34521,D04
E34522,D02
E34523,D07
E34524,D17
E34525,D08
E34526,D16
E34527,D11
E34528,D17
E34529,D17
E34530,D18
E34531,D04
E34532,D11
E34533,D19
E34534,D08
E34535,D19
E34536,D09
E34537,D14
E34538,D19
E34539,D01
E34540,D01
E34541,D19
E34542,D06
E34543,D01
E34544,D12
E34545,D11
E34546,D20
E34547,D18
E34548,D01
E34549,D06
E34550,D20
E34551,D05
E34552,D17
E34553,D03
E34554,D07
E34555,D17
E34556,D03
E34557,D04
E34558,D18
E34559,D09
E34560,D16
E34561,D08
E34562,D11
E34563,D20
E34564,D14
E34565,D13
E34566,D17
E34567,D11
E34568,D03
E34569,D08
E34570,D17
E34571,D17
E34572,D18
E34573,D10
E34574,D13
E34575,D16
E34576,D08
E34577,D13
E34578,D13
E34579,D02
E34580,D13
E34581,D01
E34582,D13
E34583,D10
E34584,D17
E34585,D02
E34586,D14
E34587,D03
E34588,D07
E34589,D12
E34590,D14
E34591,D10
E34592,D14
E34593,D03
E34594,D07
E34595,D02
E34596,D14
E34597,D08
E34598,D19
E34599,D08
E34600,D17
E34601,D06
E34602,D19
E34603,D17
E34604,D09
E34605,D12
E34606,D15
E34607,D18
E34608,D09
E34609,D17
E34610,D01
E34611,D17
E34612,D19
E34613,D11
E34614,D09
E34615,D19
E34616,D12
E34617,D17
E34618,D08
E34619,D08
E34620,D12
E34621,D12
E34622,D10
E34623,D05
E34624,D12
E34625,D13
E34626,D15
E34627,D01
E34628,D19
E34629,D10
E34630,D10
E34631,D17
E34632,D03
E34633,D19
E34634,D17
E34635,D15
E34636,D16
E34637,D07
E34638,D10
E34639,D14
E34640,D08
E34641,D13
E34642,D13
E34643,D12
E34644,D09
E34645,D16
E34646,D20
E34647,D10
E34648,D03
E34649,D12
E34650,D02
E34651,D12
E34652,D02
E34653,D05
E34654,D08
E34655,D12
E34656,D05
E34657,D06
E34658,D18
E34659,D05
E34660,D07
E34661,D14
E34662,D16
E34663,D14
E34664,D11
E34665,D19
E34666,D19
E34667,D15
E34668,D11
E34669,D06
E34670,D16
E34671,D12
E34672,D16
E34673,D16
E34674,D18
E34675,D02
E34676,D03
E34677,D17
E34678,D08
E34679,D06
E34680,D05
E34681,D01
E34682,D07
E34683,D04
E34684,D05
E34685,D08
E34686,D08
E34687,D06
E34688,D20
E34689,D05
E34690,D13
E34691,D11
E34692,D09
E34693,D03
E34694,D11
E34695,D14
E34696,D01
E34697,D20
E34698,D10
E34699,D19
E34700,D10
E34701,D20
E34702,D14
E34703,D15
E34704,D01
E34705,D18
E34706,D07
E34707,D03
E34708,D17
E34709,D17
E34710,D20
E34711,D19
E34712,D17
E34713,D14
E34714,D02
E34715,D17
E34716,D12
E34717,D01
E34718,D03
E34719,D18
E34720,D16
E34721,D16
E34722,D05
E34723,D16
E34724,D07
E34725,D16
E34726,D18
E34727,D06
E34728,D17
E34729,D10
E34730,D19
E34731,D15
E34732,D18
E34733,D07
E34734,D18
E34735,D03
E34736,D02
E34737,D14
E34738,D10
E34739,D11
E34740,D11
E34741,D10
E34742,D10
E34743,D14
E34744,D02
E34745,D10
E34746,D13
E34747,D12
E34748,D20
E34749,D04
E34750,D05
E34751,D18
E34752,D15
E34753,D08
E34754,D06
E34755,D06
E34756,D06
E34757,D01
E34758,D06
E34759,D02
E34760,D05
E34761,D11
E34762,D18
E34763,D11
E34764,D07
E34765,D19
E34766,D04
E34767,D18
E34768,D20
E34769,D09
E34770,D02
E34771,D05
E34772,D08
E34773,D07
E34774,D18
E34775,D18
E34776,D09
E34777,D11
E34778,D13
E34779,D18
E34780,D08
E34781,D02
E34782,D02
E34783,D10
E34784,D13
E34785,D18
E34786,D10
E34787,D18
E34788,D19
E34789,D09
E34790,D04
E34791,D13
E34792,D05
E34793,D06
E34794,D01
E34795,D04
E34796,D08
E34797,D20
E34798,D19
E34799,D02
E34800,D20
E34801,D11
E34802,D20
E34803,D06
E34804,D11
E34805,D19
E34806,D13
E34807,D05
E34808,D12
E34809,D11
E34810,D16
E34811,D09
E34812,D04
E34813,D01
E34814,D12
E34815,D13
E34816,D05
E34817,D07
E34818,D04
E34819,D08
E34820,D12
E34821,D09
E34822,D16
E34823,D08
E34824,D18
E34825,D02
E34826,D10
E34827,D08
E34828,D03
E34829,D02
E34830,D07
E34831,D15
E34832,D20
E34833,D19
E34834,D16
E34835,D08
E34836,D01
E34837,D03
E34838,D12
E34839,D18
E34840,D06
E34841,D08
E34842,D04
E34843,D06
E34844,D15
E34845,D07
E34846,D09
E34847,D14
E34848,D10
E34849,D12
E34850,D18
E34851,D04
E34852,D11
E34853,D20
E34854,D10
E34855,D18
E34856,D03
E34857,D06
E34858,D04
E34859,D19
E34860,D02
E34861,D05
E34862,D17
E34863,D01
E34864,D11
E34865,D06
E34866,D04
E34867,D10
E34868,D06
E34869,D13
E34870,D16
E34871,D15
E34872,D03
E34873,D14
E34874,D17
E34875,D13
E34876,D15
E34877,D10
E34878,D07
E34879,D04
E34880,D16
E34881,D18
E34882,D10
E34883,D18
E34884,D17
E34885,D18
E34886,D01
E34887,D20
E34888,D10
E34889,D08
E34890,D03
E34891,D04
E34892,D08
E34893,D01
E34894,D15
E34895,D18
E34896,D13
E34897,D14
E34898,D01
E34899,D17
E34900,D16
E34901,D16
E34902,D03
E34903,D14
E34904,D19
E34905,D11
E34906,D20
E34907,D05
E34908,D13
E34909,D12
E34910,D05
E34911,D04
E34912,D01
E34913,D18
E34914,D03
E34915,D16
E34916,D09
E34917,D11
E34918,D11
E34919,D17
E34920,D05
E34921,D18
E34922,D18
E34923,D09
E34924,D18
E34925,D18
E34926,D14
E34927,D03
E34928,D08
E34929,D07
E34930,D07
E34931,D03
E34932,D15
E34933,D13
E34934,D01
E34935,D03
E34936,D05
E34937,D12
E34938,D11
E34939,D06
E34940,D04
E34941,D03
E34942,D11
E34943,D10
E34944,D13
E34945,D16
E34946,D12
E34947,D10
E34948,D17
E34949,D05
E34950,D01
E34951,D13
E34952,D20
E34953,D05
E34954,D04
E34955,D10
E34956,D13
E34957,D16
E34958,D17
E34959,D10
E34960,D14
E34961,D11
E34962,D07
E34963,D01
E34964,D11
E34965,D18
E34966,D15
E34967,D17
E34968,D02
E34969,D03
E34970,D15
E34971,D06
E34972,D09
E34973,D14
E34974,D07
E34975,D14
E34976,D18
E34977,D06
E34978,D10
E34979,D05
E34980,D06
E34981,D15
E34982,D14
E34983,D09
E34984,D10
E34985,D04
E34986,D02
E34987,D20
E34988,D10
E34989,D07
E34990,D09
E34991,D02
E34992,D04
E34993,D09
E34994,D18
E34995,D05
E34996,D17
E34997,D01
E34998,D10
E34999,D06
E35000,D10
E35001,D18
E35002,D16
E35003,D10
E35004,D04
E35005,D04
E35006,D19
E35007,D17
E35008,D09
E35009,D09
E35010,D12
E35011,D05
E35012,D12
E35013,D09
E35014,D20
E35015,D07
E35016,D01
E35017,D14
E35018,D03
E35019,D14
E35020,D11
E35021,D07
E35022,D19
E35023,D03
E35024,D10
E35025,D03
E35026,D01
E35027,D20
E35028,D16
E35029,D16
E35030,D10
E35031,D14
E35032,D02
E35033,D06
E35034,D02
E35035,D09
E35036,D08
E35037,D05
E35038,D19
E35039,D06
E35040,D12
E35041,D17
E35042,D18
E35043,D08
E35044,D19
E35045,D15
E35046,D05
E35047,D11
E35048,D12
E35049,D11
E35050,D13
E35051,D19
E35052,D10
E35053,D11
E35054,D17
E35055,D12
E35056,D11
E35057,D03
E35058,D12
E35059,D12
E35060,D02
E35061,D02
E35062,D09
E35063,D01
E35064,D16
E35065,D14
E35066,D08
E35067,D02
E35068,D18
E35069,D20
E35070,D07
E35071,D05
E35072,D12
E35073,D09
E35074,D01
E35075,D05
E35076,D03
E35077,D10
E35078,D15
E35079,D16
E35080,D01
E35081,D06
E35082,D01
E35083,D17
E35084,D06
E35085,D14
E35086,D14
E35087,D08
E35088,D17
E35089,D11
E35090,D20
E35091,D16
E35092,D06
E35093,D16
E35094,D02
E35095,D02
E35096,D16
E35097,D16
E35098,D03
E35099,D09
E35100,D04
E35101,D18
E35102,D16
E35103,D17
E35104,D16
E35105,D16
E35106,D16
E35107,D12
E35108,D17
E35109,D02
E35110,D06
E35111,D10
E35112,D19
E35113,D04
E35114,D02
E35115,D19
E35116,D17
E35117,D02
E35118,D20
E35119,D07
E35120,D14
E35121,D12
E35122,D17
E35123,D15
E35124,D18
E35125,D19
E35126,D08
E35127,D04
E35128,D18
E35129,D05
E35130,D16
E35131,D10
E35132,D05
E35133,D20
E35134,D01
E35135,D17
E35136,D13
E35137,D20
E35138,D17
E35139,D06
E35140,D03
E35141,D16
E35142,D15
E35143,D16
E35144,D17
E35145,D02
E35146,D14
E35147,D02
E35148,D19
E35149,D11
E35150,D14
E35151,D20
E35152,D17
E35153,D14
E35154,D15
E35155,D08
E35156,D14
E35157,D01
E35158,D18
E35159,D06
E35160,D13
E35161,D16
E35162,D10
E35163,D07
E35164,D18
E35165,D14
E35166,D02
E35167,D15
E35168,D15
E35169,D12
E35170,D19
E35171,D08
E35172,D15
E35173,D17
E35174,D12
E35175,D17
E35176,D05
E35177,D03
E35178,D07
E35179,D09
E35180,D20
E35181,D16
E35182,D19
E35183,D08
E35184,D15
E35185,D06
E35186,D15
E35187,D09
E35188,D04
E35189,D10
E35190,D06
E35191,D05
E35192,D05
E35193,D20
E35194,D13
E35195,D15
E35196,D02
E35197,D01
E35198,D07
E35199,D09
E35200,D02
E35201,D17
E35202,D05
E35203,D07
E35204,D02
E35205,D19
E35206,D05
E35207,D02
E35208,D10
E35209,D12
E35210,D13
E35211,D03
E35212,D20
E35213,D02
E35214,D03
E35215,D04
E35216,D02
E35217,D16
E35218,D01
E35219,D02
E35220,D10
E35221,D05
E35222,D13
E35223,D10
E35224,D04
E35225,D15
E35226,D13
E35227,D07
E35228,D10
E35229,D10
E35230,D04
E35231,D04
E35232,D14
E35233,D12
E35234,D04
E35235,D12
E35236,D08
E35237,D19
E35238,D10
E35239,D08
E35240,D14
E35241,D03
E35242,D08
E35243,D04
E35244,D20
E35245,D13
E35246,D10
E35247,D11
E35248,D01
E35249,D08
E35250,D05
E35251,D04
E35252,D07
E35253,D16
E35254,D06
E35255,D16
E35256,D08
E35257,D15
E35258,D06
E35259,D03
E35260,D08
E35261,D13
E35262,D06
E35263,D10
E35264,D08
E35265,D04
E35266,D15
E35267,D18
E35268,D15
E35269,D10
E35270,D11
E35271,D08
E35272,D03
E35273,D05
E35274,D07
E35275,D11
E35276,D13
E35277,D10
E35278,D16
E35279,D11
E35280,D03
E35281,D06
E35282,D05
E35283,D01
E35284,D01
E35285,D09
E35286,D10
E35287,D12
E35288,D12
E35289,D20
E35290,D11
E35291,D10
E35292,D10
E35293,D07
E35294,D20
E35295,D02
E35296,D09
E35297,D18
E35298,D07
E35299,D04
E35300,D19
E35301,D05
E35302,D03
E35303,D05
E35304,D05
E35305,D04
E35306,D15
E35307,D13
E35308,D07
E35309,D20
E35310,D06
E35311,D14
E35312,D19
E35313,D19
E35314,D11
E35315,D08
E35316,D06
E35317,D02
E35318,D15
E35319,D08
E35320,D11
E35321,D13
E35322,D16
E35323,D10
E35324,D03
E35325,D01
E35326,D10
E35327,D10
E35328,D17
E35329,D01
E35330,D19
E35331,D11
E35332,D03
E35333,D20
E35334,D01
E35335,D05
E35336,D09
E35337,D02
E35338,D16
E35339,D07
E35340,D09
E35341,D08
E35342,D19
E35343,D15
E35344,D12
E35345,D13
E35346,D08
E35347,D08
E35348,D14
E35349,D04
E35350,D09
E35351,D13
E35352,D08
E35353,D18
E35354,D08
E35355,D13
E35356,D09
E35357,D13
E35358,D07
E35359,D06
E35360,D18
E35361,D02
E35362,D04
E35363,D10
E35364,D04
E35365,D10
E35366,D08
E35367,D03
E35368,D09
E35369,D02
E35370,D19
E35371,D03
E35372,D18
E35373,D08
E35374,D16
E35375,D17
E35376,D14
E35377,D17
E35378,D06
E35379,D19
E35380,D05
E35381,D08
E35382,D09
E35383,D09
E35384,D15
E35385,D08
E35386,D03
E35387,D14
E35388,D11
E35389,D06
E35390,D16
E35391,D14
E35392,D09
E35393,D19
E35394,D08
E35395,D06
E35396,D14
E35397,D17
E35398,D10
E35399,D17
E35400,D04
E35401,D10
E35402,D01
E35403,D09
E35404,D08
E35405,D20
E35406,D11
E35407,D01
E35408,D04
E35409,D19
E35410,D12
E35411,D03
E35412,D16
E35413,D03
E35414,D13
E35415,D20
E35416,D12
E35417,D16
E35418,D08
E35419,D10
E35420,D03
E35421,D03
E35422,D08
E35423,D06
E35424,D16
E35425,D18
E35426,D14
E35427,D14
E35428,D20
E35429,D04
E35430,D05
E35431,D12
E35432,D08
E35433,D19
E35434,D11
E35435,D08
E35436,D11
E35437,D18
E35438,D14
E35439,D17
E35440,D17
E35441,D16
E35442,D15
E35443,D08
E35444,D17
E35445,D07
E35446,D10
E35447,D09
E35448,D03
E35449,D18
E35450,D09
E35451,D02
E35452,D02
E35453,D08
E35454,D13
E35455,D13
E35456,D06
E35457,D06
E35458,D16
E35459,D02
E35460,D14
E35461,D01
E35462,D14
E35463,D18
E35464,D08
E35465,D04
E35466,D17
E35467,D16
E35468,D03
E35469,D15
E35470,D12
E35471,D01
E35472,D02
E35473,D09
E35474,D14
E35475,D16
E35476,D02
E35477,D14
E35478,D06
E35479,D08
E35480,D20
E35481,D01
E35482,D19
E35483,D17
E35484,D14
E35485,D12
E35486,D05
E35487,D05
E35488,D07
E35489,D03
E35490,D15
E35491,D17
E35492,D06
E35493,D19
E35494,D19
E35495,D19
E35496,D01
E35497,D11
E35498,D11
E35499,D08
E35500,D12
E35501,D03
E35502,D13
E35503,D14
E35504,D14
E35505,D03
E35506,D15
E35507,D09
E35508,D19
E35509,D10
E35510,D04
E35511,D18
E35512,D17
E35513,D05
E35514,D13
E35515,D05
E35516,D16
E35517,D20
E35518,D04
E35519,D11
E35520,D07
E35521,D06
E35522,D12
E35523,D09
E35524,D17
E35525,D05
E35526,D06
E35527,D18
E35528,D15
E35529,D12
E35530,D18
E35531,D09
E35532,D11
E35533,D06
E35534,D08
E35535,D02
E35536,D13
E35537,D15
E35538,D17
E35539,D18
E35540,D08
E35541,D18
E35542,D18
E35543,D01
E35544,D15
E35545,D05
E35546,D06
E35547,D20
E35548,D05
E35549,D17
E35550,D11
E35551,D07
E35552,D15
E35553,D13
E35554,D06
E35555,D10
E35556,D01
E35557,D18
E35558,D12
E35559,D10
E35560,D20
E35561,D16
E35562,D14
E35563,D06
E35564,D12
E35565,D14
E35566,D17
E35567,D14
E35568,D18
E35569,D14
E35570,D02
E35571,D11
E35572,D06
E35573,D15
E35574,D02
E35575,D20
E35576,D15
E35577,D10
E35578,D17
E35579,D07
E35580,D16
E35581,D17
E35582,D17
E35583,D19
E35584,D03
E35585,D17
E35586,D05
E35587,D13
E35588,D17
E35589,D02
E35590,D02
E35591,D05
E35592,D20
E35593,D20
E35594,D08
E35595,D15
E35596,D01
E35597,D10
E35598,D08
E35599,D16
E35600,D01
E35601,D09
E35602,D11
E35603,D02
E35604,D07
E35605,D06
E35606,D10
E35607,D03
E35608,D17
E35609,D05
E35610,D04
E35611,D08
E35612,D19
E35613,D05
E35614,D19
E35615,D16
E35616,D20
E35617,D05
E35618,D16
E35619,D01
E35620,D19
E35621,D10
E35622,D03
E35623,D11
E35624,D12
E35625,D03
E35626,D04
E35627,D14
E35628,D15
E35629,D02
E35630,D06
E35631,D09
E35632,D07
E35633,D05
E35634,D14
E35635,D18
E35636,D17
E35637,D20
E35638,D15
E35639,D17
E35640,D12
E35641,D10
E35642,D10
E35643,D14
E35644,D07
E35645,D18
E35646,D07
E35647,D10
E35648,D03
E35649,D12
E35650,D03
E35651,D13
E35652,D09
E35653,D05
E35654,D08
E35655,D14
E35656,D07
E35657,D19
E35658,D13
E35659,D02
E35660,D03
E35661,D03
E35662,D19
E35663,D04
E35664,D09
E35665,D20
E35666,D19
E35667,D01
E35668,D16
E35669,D13
E35670,D10
E35671,D18
E35672,D08
E35673,D06
E35674,D14
E35675,D08
E35676,D11
E35677,D16
E35678,D16
E35679,D16
E35680,D08
E35681,D15
E35682,D14
E35683,D16
E35684,D18
E35685,D19
E35686,D06
E35687,D04
E35688,D08
E35689,D04
E35690,D11
E35691,D02
E35692,D18
E35693,D13
E35694,D09
E35695,D09
E35696,D10
E35697,D04
E35698,D09
E35699,D18
E35700,D08
E35701,D11
E35702,D02
E35703,D04
E35704,D17
E35705,D02
E35706,D11
E35707,D17
E35708,D16
E35709,D02
E35710,D17
E35711,D12
E35712,D07
E35713,D13
E35714,D01
E35715,D15
E35716,D19
E35717,D09
E35718,D11
E35719,D05
E35720,D14
E35721,D19
E35722,D18
E35723,D06
E35724,D14
E35725,D12
E35726,D01
E35727,D13
E35728,D04
E35729,D19
E35730,D03
E35731,D14
E35732,D06
E35733,D11
E35734,D15
E35735,D20
E35736,D10
E35737,D13
E35738,D15
E35739,D16
E35740,D03
E35741,D04
E35742,D03
E35743,D04
E35744,D04
E35745,D20
E35746,D12
E35747,D18
E35748,D06
E35749,D16
E35750,D15
E35751,D16
E35752,D09
E35753,D14
E35754,D18
E35755,D04
E35756,D01
E35757,D13
E35758,D01
E35759,D03
E35760,D04
E35761,D18
E35762,D14
E35763,D07
E35764,D13
E35765,D11
E35766,D10
E35767,D09
E35768,D11
E35769,D03
E35770,D08
E35771,D18
E35772,D13
E35773,D11
E35774,D10
E35775,D11
E35776,D07
E35777,D06
E35778,D15
E35779,D12
E35780,D18
E35781,D14
E35782,D06
E35783,D02
E35784,D11
E35785,D07
E35786,D15
E35787,D20
E35788,D11
E35789,D03
E35790,D12
E35791,D07
E35792,D09
E35793,D02
E35794,D08
E35795,D07
E35796,D14
E35797,D05
E35798,D03
E35799,D17
E35800,D17
E35801,D05
E35802,D18
E35803,D17
E35804,D16
E35805,D20
E35806,D17
E35807,D08
E35808,D20
E35809,D12
E35810,D16
E35811,D14
E35812,D05
E35813,D02
E35814,D11
E35815,D06
E35816,D16
E35817,D03
E35818,D14
E35819,D12
E35820,D17
E35821,D04
E35822,D01
E35823,D14
E35824,D09
E35825,D06
E35826,D06
E35827,D02
E35828,D08
E35829,D03
E35830,D16
E35831,D01
E35832,D16
E35833,D11
E35834,D07
E35835,D19
E35836,D01
E35837,D05
E35838,D14
E35839,D07
E35840,D10
E35841,D18
E35842,D06
E35843,D02
E35844,D03
E35845,D16
E35846,D14
E35847,D17
E35848,D09
E35849,D05
E35850,D14
E35851,D06
E35852,D01
E35853,D09
E35854,D14
E35855,D10
E35856,D17
E35857,D19
E35858,D04
E35859,D08
E35860,D03
E35861,D17
E35862,D11
E35863,D16
E35864,D10
E35865,D18
E35866,D03
E35867,D15
E35868,D03
E35869,D17
E35870,D08
E35871,D03
E35872,D06
E35873,D12
E35874,D16
E35875,D12
E35876,D03
E35877,D17
E35878,D04
E35879,D09
E35880,D17
E35881,D05
E35882,D04
E35883,D06
E35884,D15
E35885,D02
E35886,D11
E35887,D04
E35888,D19
E35889,D09
E35890,D15
E35891,D13
E35892,D09
E35893,D14
E35894,D02
E35895,D17
E35896,D14
E35897,D11
E35898,D13
E35899,D01
E35900,D07
E35901,D15
E35902,D20
E35903,D08
E35904,D18
E35905,D07
E35906,D20
E35907,D03
E35908,D02
E35909,D01
E35910,D10
E35911,D14
E35912,D17
E35913,D04
E35914,D14
E35915,D03
E35916,D07
E35917,D01
E35918,D01
E35919,D09
E35920,D06
E35921,D16
E35922,D18
E35923,D17
E35924,D08
E35925,D19
E35926,D09
E35927,D11
E35928,D01
E35929,D06
E35930,D09
E35931,D11
E35932,D09
E35933,D03
E35934,D07
E35935,D02
E35936,D14
E35937,D09
E35938,D16
E35939,D12
E35940,D18
E35941,D05
E35942,D07
E35943,D14
E35944,D04
E35945,D14
E35946,D10
E35947,D05
E35948,D03
E35949,D09
E35950,D16
E35951,D14
E35952,D14
E35953,D18
E35954,D06
E35955,D13
E35956,D01
E35957,D02
E35958,D16
E35959,D11
E35960,D15
E35961,D20
E35962,D09
E35963,D19
E35964,D05
E35965,D15
E35966,D17
E35967,D01
E35968,D09
E35969,D12
E35970,D20
E35971,D08
E35972,D16
E35973,D02
E35974,D01
E35975,D12
E35976,D09
E35977,D15
E35978,D03
E35979,D07
E35980,D03
E35981,D09
E35982,D09
E35983,D16
E35984,D07
E35985,D09
E35986,D18
E35987,D02
E35988,D03
E35989,D10
E35990,D03
E35991,D13
E35992,D14
E35993,D20
E35994,D12
E35995,D11
E35996,D07
E35997,D03
E35998,D19
E35999,D01
E36000,D12
E36001,D13
E36002,D10
E36003,D04
E36004,D09
E36005,D02
E36006,D08
E36007,D16
E36008,D03
E36009,D06
E36010,D11
E36011,D17
E36012,D15
E36013,D04
E36014,D11
E36015,D17
E36016,D14
E36017,D07
E36018,D20
E36019,D14
E36020,D03
E36021,D06
E36022,D04
E36023,D05
E36024,D04
E36025,D01
E36026,D07
E36027,D01
E36028,D13
E36029,D19
E36030,D19
E36031,D16
E36032,D16
E36033,D06
E36034,D19
E36035,D11
E36036,D15
E36037,D03
E36038,D17
E36039,D19
E36040,D08
E36041,D05
E36042,D20
E36043,D11
E36044,D06
E36045,D20
E36046,D17
E36047,D17
E36048,D10
E36049,D07
E36050,D05
E36051,D03
E36052,D20
E36053,D04
E36054,D05
E36055,D07
E36056,D16
E36057,D10
E36058,D15
E36059,D19
E36060,D18
E36061,D02
E36062,D13
E36063,D13
E36064,D19
E36065,D19
E36066,D19
E36067,D19
E36068,D10
E36069,D08
E36070,D16
E36071,D14
E36072,D13
E36073,D04
E36074,D04
E36075,D10
E36076,D02
E36077,D06
E36078,D06
E36079,D10
E36080,D11
E36081,D03
E36082,D08
E36083,D18
E36084,D14
E36085,D02
E36086,D04
E36087,D03
E36088,D03
E36089,D16
E36090,D01
E36091,D17
E36092,D12
E36093,D07
E36094,D11
E36095,D11
E36096,D07
E36097,D07
E36098,D04
E36099,D07
E36100,D07
E36101,D16
E36102,D13
E36103,D05
E36104,D10
E36105,D08
E36106,D11
E36107,D12
E36108,D08
E36109,D05
E36110,D14
E36111,D11
E36112,D19
E36113,D18
E36114,D16
E36115,D09
E36116,D02
E36117,D09
E36118,D08
E36119,D17
E36120,D12
E36121,D08
E36122,D05
E36123,D08
E36124,D20
E36125,D09
E36126,D15
E36127,D03
E36128,D04
E36129,D07
E36130,D19
E36131,D13
E36132,D05
E36133,D15
E36134,D07
E36135,D13
E36136,D15
E36137,D07
E36138,D15
E36139,D07
E36140,D14
E36141,D15
E36142,D19
E36143,D03
E36144,D17
E36145,D20
E36146,D09
E36147,D11
E36148,D14
E36149,D17
E36150,D19
E36151,D05
E36152,D18
E36153,D15
E36154,D01
E36155,D02
E36156,D09
E36157,D18
E36158,D09
E36159,D13
E36160,D09
E36161,D10
E36162,D17
E36163,D02
E36164,D02
E36165,D13
E36166,D05
E36167,D12
E36168,D05
E36169,D09
E36170,D09
E36171,D16
E36172,D05
E36173,D10
E36174,D02
E36175,D01
E36176,D05
E36177,D06
E36178,D01
E36179,D07
E36180,D14
E36181,D08
E36182,D10
E36183,D07
E36184,D11
E36185,D07
E36186,D17
E36187,D15
E36188,D14
E36189,D03
E36190,D01
E36191,D16
E36192,D20
E36193,D08
E36194,D02
E36195,D19
E36196,D20
E36197,D19
E36198,D14
E36199,D09
E36200,D04
E36201,D13
E36202,D14
E36203,D13
E36204,D06
E36205,D13
E36206,D13
E36207,D02
E36208,D12
E36209,D13
E36210,D19
E36211,D06
E36212,D14
E36213,D08
E36214,D13
E36215,D14
E36216,D05
E36217,D18
E36218,D19
E36219,D04
E36220,D04
E36221,D16
E36222,D16
E36223,D20
E36224,D06
E36225,D16
E36226,D04
E36227,D05
E36228,D04
E36229,D13
E36230,D13
E36231,D14
E36232,D11
E36233,D19
E36234,D20
E36235,D19
E36236,D14
E36237,D13
E36238,D09
E36239,D12
E36240,D16
E36241,D19
E36242,D16
E36243,D02
E36244,D18
E36245,D02
E36246,D09
E36247,D19
E36248,D14
E36249,D05
E36250,D17
E36251,D03
E36252,D08
E36253,D03
E36254,D01
E36255,D10
E36256,D03
E36257,D14
E36258,D15
E36259,D13
E36260,D10
E36261,D05
E36262,D05
E36263,D17
E36264,D07
E36265,D19
E36266,D13
E36267,D12
E36268,D15
E36269,D01
E36270,D02
E36271,D02
E36272,D19
E36273,D08
E36274,D05
E36275,D08
E36276,D03
E36277,D20
E36278,D17
E36279,D17
E36280,D05
E36281,D19
E36282,D13
E36283,D19
E36284,D19
E36285,D15
E36286,D14
E36287,D12
E36288,D05
E36289,D12
E36290,D07
E36291,D11
E36292,D09
E36293,D02
E36294,D08
E36295,D02
E36296,D17
E36297,D14
E36298,D18
E36299,D13
E36300,D07
E36301,D07
E36302,D05
E36303,D12
E36304,D17
E36305,D08
E36306,D05
E36307,D08
E36308,D15
E36309,D16
E36310,D02
E36311,D07
E36312,D06
E36313,D10
E36314,D13
E36315,D13
E36316,D11
E36317,D10
E36318,D18
E36319,D04
E36320,D13
E36321,D07
E36322,D04
E36323,D08
E36324,D07
E36325,D08
E36326,D19
E36327,D15
E36328,D15
E36329,D05
E36330,D09
E36331,D10
E36332,D08
E36333,D13
E36334,D02
E36335,D11
E36336,D12
E36337,D08
E36338,D15
E36339,D16
E36340,D16
E36341,D10
E36342,D16
E36343,D17
E36344,D04
E36345,D08
E36346,D02
E36347,D17
E36348,D12
E36349,D07
E36350,D18
E36351,D01
E36352,D07
E36353,D04
E36354,D03
E36355,D19
E36356,D10
E36357,D03
E36358,D11
E36359,D13
E36360,D20
E36361,D10
E36362,D11
E36363,D02
E36364,D09
E36365,D09
E36366,D09
E36367,D11
E36368,D15
E36369,D03
E36370,D06
E36371,D03
E36372,D08
E36373,D01
E36374,D19
E36375,D20
E36376,D04
E36377,D11
E36378,D13
E36379,D11
E36380,D14
E36381,D15
E36382,D10
E36383,D14
E36384,D10
E36385,D19
E36386,D19
E36387,D16
E36388,D09
E36389,D19
E36390,D14
E36391,D06
E36392,D08
E36393,D15
E36394,D15
E36395,D10
E36396,D19
E36397,D08
E36398,D01
E36399,D13
E36400,D11
E36401,D18
E36402,D06
E36403,D15
E36404,D20
E36405,D20
E36406,D04
E36407,D02
E36408,D11
E36409,D10
E36410,D15
E36411,D12
E36412,D03
E36413,D19
E36414,D12
E36415,D11
E36416,D08
E36417,D01
E36418,D03
E36419,D10
E36420,D17
E36421,D01
E36422,D01
E36423,D05
E36424,D09
E36425,D10
E36426,D05
E36427,D19
E36428,D16
E36429,D04
E36430,D02
E36431,D08
E36432,D01
E36433,D05
E36434,D07
E36435,D15
E36436,D19
E36437,D16
E36438,D09
E36439,D10
E36440,D20
E36441,D20
E36442,D05
E36443,D04
E36444,D14
E36445,D18
E36446,D14
E36447,D14
E36448,D04
E36449,D16
E36450,D10
E36451,D12
E36452,D11
E36453,D14
E36454,D14
E36455,D18
E36456,D11
E36457,D05
E36458,D04
E36459,D18
E36460,D17
E36461,D12
E36462,D12
E36463,D06
E36464,D17
E36465,D18
E36466,D06
E36467,D05
E36468,D02
E36469,D06
E36470,D03
E36471,D10
E36472,D13
E36473,D20
E36474,D19
E36475,D09
E36476,D11
E36477,D05
E36478,D15
E36479,D20
E36480,D10
E36481,D19
E36482,D18
E36483,D13
E36484,D20
E36485,D10
E36486,D17
E36487,D13
E36488,D12
E36489,D03
E36490,D19
E36491,D13
E36492,D01
E36493,D18
E36494,D01
E36495,D16
E36496,D16
E36497,D20
E36498,D13
E36499,D12
E36500,D05
E36501,D01
E36502,D15
E36503,D03
E36504,D11
E36505,D13
E36506,D10
E36507,D04
E36508,D17
E36509,D14
E36510,D17
E36511,D03
E36512,D07
E36513,D12
E36514,D10
E36515,D08
E36516,D16
E36517,D07
E36518,D05
E36519,D12
E36520,D12
E36521,D09
E36522,D15
E36523,D10
E36524,D05
E36525,D16
E36526,D05
E36527,D06
E36528,D18
E36529,D03
E36530,D18
E36531,D18
E36532,D16
E36533,D01
E36534,D03
E36535,D18
E36536,D11
E36537,D18
E36538,D14
E36539,D20
E36540,D02
E36541,D01
E36542,D18
E36543,D15
E36544,D02
E36545,D12
E36546,D18
E36547,D05
E36548,D07
E36549,D06
E36550,D16
E36551,D01
E36552,D01
E36553,D14
E36554,D04
E36555,D11
E36556,D20
E36557,D20
E36558,D05
E36559,D11
E36560,D13
E36561,D10
E36562,D17
E36563,D09
E36564,D12
E36565,D20
E36566,D20
E36567,D17
E36568,D13
E36569,D09
E36570,D03
E36571,D10
E36572,D11
E36573,D14
E36574,D20
E36575,D20
E36576,D03
E36577,D15
E36578,D17
E36579,D02
E36580,D19
E36581,D04
E36582,D11
E36583,D02
E36584,D20
E36585,D07
E36586,D01
E36587,D04
E36588,D20
E36589,D11
E36590,D13
E36591,D13
E36592,D02
E36593,D13
E36594,D15
E36595,D10
E36596,D11
E36597,D16
E36598,D14
E36599,D12
E36600,D04
E36601,D13
E36602,D18
E36603,D08
E36604,D17
E36605,D17
E36606,D03
E36607,D01
E36608,D10
E36609,D10
E36610,D05
E36611,D10
E36612,D18
E36613,D14
E36614,D11
E36615,D09
E36616,D13
E36617,D16
E36618,D20
E36619,D16
E36620,D10
E36621,D08
E36622,D10
E36623,D07
E36624,D17
E36625,D12
E36626,D13
E36627,D07
E36628,D12
E36629,D07
E36630,D17
E36631,D20
E36632,D02
E36633,D08
E36634,D02
E36635,D13
E36636,D17
E36637,D16
E36638,D12
E36639,D02
E36640,D02
E36641,D02
E36642,D10
E36643,D19
E36644,D01
E36645,D20
E36646,D12
E36647,D03
E36648,D10
E36649,D15
E36650,D17
E36651,D20
E36652,D08
E36653,D02
E36654,D04
E36655,D13
E36656,D15
E36657,D15
E36658,D17
E36659,D07
E36660,D18
E36661,D05
E36662,D03
E36663,D18
E36664,D15
E36665,D19
E36666,D17
E36667,D09
E36668,D18
E36669,D10
E36670,D04
E36671,D20
E36672,D03
E36673,D11
E36674,D08
E36675,D11
E36676,D01
E36677,D04
E36678,D02
E36679,D05
E36680,D06
E36681,D13
E36682,D11
E36683,D06
E36684,D03
E36685,D12
E36686,D13
E36687,D15
E36688,D06
E36689,D02
E36690,D17
E36691,D07
E36692,D03
E36693,D07
E36694,D09
E36695,D14
E36696,D03
E36697,D16
E36698,D06
E36699,D12
E36700,D17
E36701,D08
E36702,D16
E36703,D15
E36704,D09
E36705,D01
E36706,D16
E36707,D12
E36708,D15
E36709,D19
E36710,D14
E36711,D08
E36712,D09
E36713,D18
E36714,D17
E36715,D18
E36716,D03
E36717,D06
E36718,D14
E36719,D12
E36720,D16
E36721,D11
E36722,D13
E36723,D11
E36724,D10
E36725,D07
E36726,D02
E36727,D16
E36728,D11
E36729,D08
E36730,D01
E36731,D03
E36732,D04
E36733,D08
E36734,D01
E36735,D18
E36736,D19
E36737,D02
E36738,D07
E36739,D10
E36740,D18
E36741,D19
E36742,D10
E36743,D05
E36744,D01
E36745,D20
E36746,D06
E36747,D19
E36748,D16
E36749,D15
E36750,D08
E36751,D19
E36752,D05
E36753,D08
E36754,D03
E36755,D02
E36756,D12
E36757,D13
E36758,D18
E36759,D01
E36760,D02
E36761,D18
E36762,D08
E36763,D10
E36764,D01
E36765,D16
E36766,D07
E36767,D11
E36768,D17
E36769,D20
E36770,D05
E36771,D14
E36772,D01
E36773,D15
E36774,D07
E36775,D04
E36776,D02
E36777,D14
E36778,D18
E36779,D13
E36780,D05
E36781,D07
E36782,D12
E36783,D02
E36784,D02
E36785,D03
E36786,D08
E36787,D04
E36788,D08
E36789,D02
E36790,D19
E36791,D08
E36792,D12
E36793,D01
E36794,D16
E36795,D05
E36796,D03
E36797,D05
E36798,D02
E36799,D04
E36800,D11
E36801,D13
E36802,D12
E36803,D09
E36804,D09
E36805,D14
E36806,D03
E36807,D19
E36808,D15
E36809,D15
E36810,D10
E36811,D07
E36812,D17
E36813,D09
E36814,D05
E36815,D08
E36816,D15
E36817,D19
E36818,D08
E36819,D19
E36820,D15
E36821,D18
E36822,D08
E36823,D14
E36824,D04
E36825,D18
E36826,D03
E36827,D01
E36828,D16
E36829,D18
E36830,D01
E36831,D15
E36832,D02
E36833,D07
E36834,D10
E36835,D01
E36836,D05
E36837,D16
E36838,D13
E36839,D06
E36840,D06
E36841,D02
E36842,D03
E36843,D02
E36844,D16
E36845,D19
E36846,D11
E36847,D20
E36848,D17
E36849,D17
E36850,D19
E36851,D20
E36852,D13
E36853,D05
E36854,D16
E36855,D11
E36856,D17
E36857,D06
E36858,D05
E36859,D15
E36860,D01
E36861,D15
E36862,D09
E36863,D11
E36864,D20
E36865,D06
E36866,D16
E36867,D03
E36868,D12
E36869,D07
E36870,D19
E36871,D10
E36872,D02
E36873,D18
E36874,D20
E36875,D13
E36876,D09
E36877,D16
E36878,D19
E36879,D05
E36880,D13
E36881,D11
E36882,D05
E36883,D19
E36884,D13
E36885,D12
E36886,D01
E36887,D06
E36888,D09
E36889,D06
E36890,D09
E36891,D12
E36892,D07
E36893,D11
E36894,D09
E36895,D17
E36896,D17
E36897,D12
E36898,D16
E36899,D05
E36900,D06
E36901,D17
E36902,D18
E36903,D17
E36904,D06
E36905,D18
E36906,D04
E36907,D03
E36908,D19
E36909,D18
E36910,D12
E36911,D03
E36912,D15
E36913,D06
E36914,D03
E36915,D15
E36916,D20
E36917,D18
E36918,D04
E36919,D10
E36920,D01
E36921,D01
E36922,D13
E36923,D04
E36924,D13
E36925,D13
E36926,D19
E36927,D12
E36928,D20
E36929,D15
E36930,D04
E36931,D03
E36932,D12
E36933,D20
E36934,D18
E36935,D11
E36936,D02
E36937,D09
E36938,D03
E36939,D02
E36940,D05
E36941,D15
E36942,D14
E36943,D03
E36944,D04
E36945,D03
E36946,D20
E36947,D07
E36948,D10
E36949,D14
E36950,D15
E36951,D01
E36952,D02
E36953,D08
E36954,D18
E36955,D11
E36956,D05
E36957,D17
E36958,D12
E36959,D19
E36960,D11
E36961,D08
E36962,D14
E36963,D05
E36964,D13
E36965,D04
E36966,D05
E36967,D16
E36968,D02
E36969,D07
E36970,D18
E36971,D11
E36972,D18
E36973,D08
E36974,D10
E36975,D06
E36976,D16
E36977,D04
E36978,D13
E36979,D13
E36980,D07
E36981,D18
E36982,D10
E36983,D15
E36984,D06
E36985,D09
E36986,D01
E36987,D01
E36988,D06
E36989,D17
E36990,D16
E36991,D15
E36992,D07
E36993,D05
E36994,D06
E36995,D02
E36996,D03
E36997,D16
E36998,D05
E36999,D03
E37000,D11
E37001,D07
E37002,D13
E37003,D15
E37004,D11
E37005,D18
E37006,D16
E37007,D14
E37008,D18
E37009,D15
E37010,D15
E37011,D10
E37012,D18
E37013,D14
E37014,D17
E37015,D20
E37016,D19
E37017,D07
E37018,D01
E37019,D01
E37020,D15
E37021,D07
E37022,D13
E37023,D10
E37024,D04
E37025,D20
E37026,D10
E37027,D05
E37028,D10
E37029,D03
E37030,D05
E37031,D09
E37032,D12
E37033,D07
E37034,D02
E37035,D15
E37036,D03
E37037,D09
E37038,D10
E37039,D03
E37040,D06
E37041,D18
E37042,D13
E37043,D18
E37044,D14
E37045,D13
E37046,D19
E37047,D16
E37048,D09
E37049,D01
E37050,D09
E37051,D17
E37052,D13
E37053,D11
E37054,D08
E37055,D14
E37056,D15
E37057,D03
E37058,D15
E37059,D06
E37060,D06
E37061,D12
E37062,D13
E37063,D01
E37064,D13
E37065,D16
E37066,D14
E37067,D04
E37068,D17
E37069,D14
E37070,D10
E37071,D14
E37072,D06
E37073,D18
E37074,D09
E37075,D20
E37076,D19
E37077,D16
E37078,D09
E37079,D11
E37080,D19
E37081,D08
E37082,D03
E37083,D08
E37084,D08
E37085,D14
E37086,D08
E37087,D20
E37088,D14
E37089,D01
E37090,D17
E37091,D08
E37092,D16
E37093,D02
E37094,D03
E37095,D20
E37096,D02
E37097,D07
E37098,D03
E37099,D11
E37100,D04
E37101,D07
E37102,D02
E37103,D10
E37104,D11
E37105,D04
E37106,D06
E37107,D07
E37108,D07
E37109,D06
E37110,D10
E37111,D17
E37112,D17
E37113,D09
E37114,D11
E37115,D20
E37116,D10
E37117,D05
E37118,D15
E37119,D01
E37120,D06
E37121,D06
E37122,D13
E37123,D06
E37124,D17
E37125,D07
E37126,D11
E37127,D09
E37128,D20
E37129,D02
E37130,D17
E37131,D17
E37132,D12
E37133,D16
E37134,D19
E37135,D16
E37136,D12
E37137,D11
E37138,D17
E37139,D05
E37140,D13
E37141,D12
E37142,D10
E37143,D09
E37144,D05
E37145,D20
E37146,D06
E37147,D13
E37148,D06
E37149,D11
E37150,D07
E37151,D14
E37152,D12
E37153,D04
E37154,D05
E37155,D10
E37156,D05
E37157,D08
E37158,D07
E37159,D14
E37160,D16
E37161,D18
E37162,D02
E37163,D01
E37164,D13
E37165,D16
E37166,D05
E37167,D13
E37168,D10
E37169,D10
E37170,D09
E37171,D14
E37172,D18
E37173,D19
E37174,D13
E37175,D01
E37176,D07
E37177,D11
E37178,D11
E37179,D15
E37180,D13
E37181,D11
E37182,D19
E37183,D16
E37184,D08
E37185,D03
E37186,D04
E37187,D04
E37188,D09
E37189,D05
E37190,D03
E37191,D16
E37192,D01
E37193,D11
E37194,D07
E37195,D09
E37196,D11
E37197,D09
E37198,D03
E37199,D12
E37200,D08
E37201,D18
E37202,D13
E37203,D06
E37204,D13
E37205,D02
E37206,D12
E37207,D16
E37208,D17
E37209,D09
E37210,D12
E37211,D05
E37212,D09
E37213,D17
E37214,D09
E37215,D05
E37216,D13
E37217,D12
E37218,D09
E37219,D08
E37220,D12
E37221,D04
E37222,D10
E37223,D03
E37224,D06
E37225,D15
E37226,D18
E37227,D02
E37228,D09
E37229,D20
E37230,D05
E37231,D09
E37232,D18
E37233,D16
E37234,D06
E37235,D18
E37236,D09
E37237,D10
E37238,D01
E37239,D16
E37240,D02
E37241,D15
E37242,D05
E37243,D06
E37244,D04
E37245,D11
E37246,D09
E37247,D08
E37248,D17
E37249,D01
E37250,D20
E37251,D10
E37252,D09
E37253,D06
E37254,D01
E37255,D05
E37256,D06
E37257,D08
E37258,D19
E37259,D14
E37260,D01
E37261,D17
E37262,D14
E37263,D17
E37264,D03
E37265,D20
E37266,D17
E37267,D19
E37268,D16
E37269,D09
E37270,D14
E37271,D02
E37272,D16
E37273,D18
E37274,D20
E37275,D06
E37276,D13
E37277,D06
E37278,D19
E37279,D17
E37280,D09
E37281,D03
E37282,D19
E37283,D06
E37284,D11
E37285,D10
E37286,D12
E37287,D01
E37288,D01
E37289,D19
E37290,D10
E37291,D12
E37292,D12
E37293,D15
E37294,D04
E37295,D18
E37296,D12
E37297,D19
E37298,D01
E37299,D11
E37300,D09
E37301,D06
E37302,D09
E37303,D13
E37304,D12
E37305,D10
E37306,D05
E37307,D13
E37308,D10
E37309,D19
E37310,D05
E37311,D04
E37312,D18
E37313,D13
E37314,D17
E37315,D05
E37316,D19
E37317,D20
E37318,D17
E37319,D08
E37320,D13
E37321,D08
E37322,D09
E37323,D16
E37324,D17
E37325,D04
E37326,D16
E37327,D12
E37328,D11
E37329,D08
E37330,D05
E37331,D06
E37332,D11
E37333,D20
E37334,D17
E37335,D07
E37336,D05
E37337,D01
E37338,D20
E37339,D16
E37340,D12
E37341,D18
E37342,D15
E37343,D10
E37344,D20
E37345,D02
E37346,D06
E37347,D04
E37348,D19
E37349,D12
E37350,D07
E37351,D07
E37352,D15
E37353,D08
E37354,D19
E37355,D01
E37356,D20
E37357,D19
E37358,D03
E37359,D02
E37360,D15
E37361,D15
E37362,D07
E37363,D06
E37364,D20
E37365,D06
E37366,D03
E37367,D17
E37368,D20
E37369,D07
E37370,D04
E37371,D12
E37372,D11
E37373,D11
E37374,D06
E37375,D06
E37376,D19
E37377,D15
E37378,D04
E37379,D19
E37380,D09
E37381,D02
E37382,D06
E37383,D05
E37384,D08
E37385,D02
E37386,D12
E37387,D19
E37388,D07
E37389,D09
E37390,D14
E37391,D15
E37392,D07
E37393,D05
E37394,D18
E37395,D14
E37396,D13
E37397,D05
E37398,D12
E37399,D03
E37400,D01
E37401,D15
E37402,D10
E37403,D16
E37404,D16
E37405,D20
E37406,D09
E37407,D20
E37408,D07
E37409,D19
E37410,D17
E37411,D10
E37412,D10
E37413,D20
E37414,D18
E37415,D08
E37416,D15
E37417,D17
E37418,D01
E37419,D10
E37420,D01
E37421,D01
E37422,D17
E37423,D04
E37424,D06
E37425,D20
E37426,D09
E37427,D18
E37428,D01
E37429,D13
E37430,D19
E37431,D08
E37432,D18
E37433,D10
E37434,D08
E37435,D10
E37436,D13
E37437,D02
E37438,D16
E37439,D17
E37440,D10
E37441,D14
E37442,D16
E37443,D06
E37444,D20
E37445,D01
E37446,D01
E37447,D08
E37448,D03
E37449,D03
E37450,D06
E37451,D01
E37452,D06
E37453,D01
E37454,D09
E37455,D01
E37456,D14
E37457,D07
E37458,D15
E37459,D02
E37460,D20
E37461,D15
E37462,D02
E37463,D20
E37464,D18
E37465,D03
E37466,D08
E37467,D05
E37468,D06
E37469,D15
E37470,D13
E37471,D09
E37472,D17
E37473,D19
E37474,D10
E37475,D12
E37476,D11
E37477,D16
E37478,D13
E37479,D09
E37480,D07
E37481,D01
E37482,D08
E37483,D03
E37484,D13
E37485,D07
E37486,D07
E37487,D17
E37488,D10
E37489,D12
E37490,D13
E37491,D20
E37492,D20
E37493,D17
E37494,D01
E37495,D06
E37496,D18
E37497,D03
E37498,D13
E37499,D08
E37500,D19
E37501,D05
E37502,D08
E37503,D14
E37504,D10
E37505,D06
E37506,D10
E37507,D20
E37508,D02
E37509,D01
E37510,D17
E37511,D13
E37512,D06
E37513,D16
E37514,D01
E37515,D18
E37516,D14
E37517,D08
E37518,D18
E37519,D05
E37520,D16
E37521,D17
E37522,D17
E37523,D10
E37524,D04
E37525,D14
E37526,D02
E37527,D07
E37528,D10
E37529,D02
E37530,D08
E37531,D02
E37532,D12
E37533,D15
E37534,D04
E37535,D10
E37536,D16
E37537,D19
E37538,D01
E37539,D18
E37540,D20
E37541,D01
E37542,D15
E37543,D02
E37544,D01
E37545,D01
E37546,D15
E37547,D13
E37548,D05
E37549,D01
E37550,D01
E37551,D14
E37552,D08
E37553,D12
E37554,D20
E37555,D19
E37556,D01
E37557,D13
E37558,D18
E37559,D18
E37560,D15
E37561,D19
E37562,D16
E37563,D04
E37564,D06
E37565,D06
E37566,D16
E37567,D15
E37568,D13
E37569,D19
E37570,D16
E37571,D17
E37572,D04
E37573,D14
E37574,D02
E37575,D10
E37576,D17
E37577,D09
E37578,D20
E37579,D01
E37580,D11
E37581,D15
E37582,D17
E37583,D14
E37584,D09
E37585,D20
E37586,D16
E37587,D04
E37588,D04
E37589,D07
E37590,D06
E37591,D10
E37592,D05
E37593,D18
E37594,D12
E37595,D10
E37596,D01
E37597,D15
E37598,D10
E37599,D14
E37600,D20
E37601,D17
E37602,D05
E37603,D03
E37604,D15
E37605,D02
E37606,D03
E37607,D20
E37608,D01
E37609,D11
E37610,D15
E37611,D14
E37612,D12
E37613,D04
E37614,D12
E37615,D20
E37616,D18
E37617,D20
E37618,D18
E37619,D11
E37620,D19
E37621,D14
E37622,D12
E37623,D13
E37624,D01
E37625,D20
E37626,D18
E37627,D15
E37628,D03
E37629,D09
E37630,D03
E37631,D17
E37632,D13
E37633,D10
E37634,D19
E37635,D08
E37636,D09
E37637,D07
E37638,D06
E37639,D12
E37640,D12
E37641,D06
E37642,D18
E37643,D18
E37644,D18
E37645,D15
E37646,D10
E37647,D02
E37648,D09
E37649,D12
E37650,D17
E37651,D13
E37652,D18
E37653,D02
E37654,D04
E37655,D16
E37656,D15
E37657,D20
E37658,D10
E37659,D17
E37660,D14
E37661,D16
E37662,D05
E37663,D01
E37664,D03
E37665,D18
E37666,D04
E37667,D15
E37668,D07
E37669,D18
E37670,D16
E37671,D03
E37672,D05
E37673,D11
E37674,D13
E37675,D09
E37676,D07
E37677,D10
E37678,D19
E37679,D10
E37680,D13
E37681,D14
E37682,D07
E37683,D11
E37684,D18
E37685,D11
E37686,D07
E37687,D03
E37688,D04
E37689,D04
E37690,D16
E37691,D12
E37692,D15
E37693,D18
E37694,D04
E37695,D14
E37696,D15
E37697,D04
E37698,D14
E37699,D01
E37700,D08
E37701,D13
E37702,D02
E37703,D20
E37704,D04
E37705,D01
E37706,D18
E37707,D12
E37708,D08
E37709,D02
E37710,D11
E37711,D08
E37712,D10
E37713,D05
E37714,D18
E37715,D16
E37716,D18
E37717,D11
E37718,D17
E37719,D17
E37720,D18
E37721,D10
E37722,D06
E37723,D20
E37724,D04
E37725,D10
E37726,D07
E37727,D19
E37728,D19
E37729,D10
E37730,D19
E37731,D03
E37732,D04
E37733,D07
E37734,D03
E37735,D19
E37736,D20
E37737,D15
E37738,D13
E37739,D18
E37740,D11
E37741,D12
E37742,D14
E37743,D20
E37744,D16
E37745,D16
E37746,D03
E37747,D15
E37748,D01
E37749,D19
E37750,D09
E37751,D17
E37752,D10
E37753,D16
E37754,D05
E37755,D14
E37756,D04
E37757,D20
E37758,D02
E37759,D20
E37760,D17
E37761,D08
E37762,D06
E37763,D18
E37764,D19
E37765,D17
E37766,D13
E37767,D11
E37768,D16
E37769,D18
E37770,D13
E37771,D16
E37772,D08
E37773,D06
E37774,D07
E37775,D13
E37776,D06
E37777,D09
E37778,D15
E37779,D03
E37780,D15
E37781,D08
E37782,D05
E37783,D17
E37784,D17
E37785,D20
E37786,D06
E37787,D04
E37788,D06
E37789,D01
E37790,D03
E37791,D03
E37792,D06
E37793,D13
E37794,D16
E37795,D01
E37796,D03
E37797,D19
E37798,D01
E37799,D17
E37800,D06
E37801,D06
E37802,D09
E37803,D11
E37804,D18
E37805,D08
E37806,D01
E37807,D20
E37808,D20
E37809,D03
E37810,D20
E37811,D02
E37812,D08
E37813,D18
E37814,D02
E37815,D04
E37816,D08
E37817,D06
E37818,D14
E37819,D09
E37820,D13
E37821,D13
E37822,D10
E37823,D11
E37824,D20
E37825,D02
E37826,D15
E37827,D07
E37828,D04
E37829,D08
E37830,D18
E37831,D18
E37832,D20
E37833,D13
E37834,D18
E37835,D07
E37836,D06
E37837,D05
E37838,D19
E37839,D17
E37840,D15
E37841,D02
E37842,D09
E37843,D18
E37844,D11
E37845,D16
E37846,D16
E37847,D20
E37848,D07
E37849,D02
E37850,D05
E37851,D18
E37852,D18
E37853,D17
E37854,D04
E37855,D17
E37856,D16
E37857,D15
E37858,D14
E37859,D14
E37860,D16
E37861,D04
E37862,D05
E37863,D08
E37864,D10
E37865,D02
E37866,D19
E37867,D18
E37868,D18
E37869,D08
E37870,D02
E37871,D13
E37872,D11
E37873,D16
E37874,D13
E37875,D13
E37876,D11
E37877,D12
E37878,D01
E37879,D09
E37880,D09
E37881,D17
E37882,D15
E37883,D13
E37884,D17
E37885,D08
E37886,D14
E37887,D02
E37888,D15
E37889,D01
E37890,D16
E37891,D06
E37892,D03
E37893,D06
E37894,D02
E37895,D06
E37896,D14
E37897,D02
E37898,D02
E37899,D03
E37900,D19
E37901,D06
E37902,D10
E37903,D09
E37904,D19
E37905,D03
E37906,D08
E37907,D09
E37908,D13
E37909,D06
E37910,D20
E37911,D02
E37912,D05
E37913,D02
E37914,D08
E37915,D15
E37916,D04
E37917,D17
E37918,D09
E37919,D04
E37920,D02
E37921,D12
E37922,D07
E37923,D15
E37924,D06
E37925,D09
E37926,D20
E37927,D01
E37928,D18
E37929,D19
E37930,D01
E37931,D03
E37932,D18
E37933,D06
E37934,D15
E37935,D04
E37936,D19
E37937,D10
E37938,D07
E37939,D02
E37940,D19
E37941,D14
E37942,D18
E37943,D04
E37944,D08
E37945,D19
E37946,D13
E37947,D11
E37948,D02
E37949,D10
E37950,D15
E37951,D11
E37952,D19
E37953,D18
E37954,D13
E37955,D02
E37956,D11
E37957,D09
E37958,D16
E37959,D14
E37960,D12
E37961,D18
E37962,D11
E37963,D17
E37964,D15
E37965,D15
E37966,D17
E37967,D09
E37968,D19
E37969,D18
E37970,D02
E37971,D18
E37972,D06
E37973,D15
E37974,D03
E37975,D16
E37976,D17
E37977,D14
E37978,D12
E37979,D11
E37980,D03
E37981,D17
E37982,D02
E37983,D03
E37984,D08
E37985,D06
E37986,D01
E37987,D08
E37988,D11
E37989,D17
E37990,D08
E37991,D16
E37992,D16
E37993,D05
E37994,D05
E37995,D07
E37996,D07
E37997,D15
E37998,D01
E37999,D17
E38000,D14
E38001,D11
E38002,D14
E38003,D10
E38004,D12
E38005,D04
E38006,D01
E38007,D09
E38008,D12
E38009,D12
E38010,D18
E38011,D06
E38012,D08
E38013,D16
E38014,D04
E38015,D14
E38016,D19
E38017,D13
E38018,D14
E38019,D20
E38020,D14
E38021,D02
E38022,D15
E38023,D20
E38024,D03
E38025,D08
E38026,D03
E38027,D07
E38028,D19
E38029,D19
E38030,D10
E38031,D04
E38032,D16
E38033,D10
E38034,D19
E38035,D12
E38036,D17
E38037,D08
E38038,D09
E38039,D04
E38040,D05
E38041,D19
E38042,D11
E38043,D16
E38044,D15
E38045,D13
E38046,D12
E38047,D07
E38048,D13
E38049,D05
E38050,D06
E38051,D04
E38052,D07
E38053,D12
E38054,D11
E38055,D18
E38056,D08
E38057,D01
E38058,D03
E38059,D07
E38060,D19
E38061,D11
E38062,D05
E38063,D10
E38064,D20
E38065,D05
E38066,D15
E38067,D08
E38068,D19
E38069,D07
E38070,D10
E38071,D06
E38072,D20
E38073,D15
E38074,D07
E38075,D17
E38076,D01
E38077,D05
E38078,D16
E38079,D16
E38080,D07
E38081,D12
E38082,D07
E38083,D11
E38084,D16
E38085,D03
E38086,D20
E38087,D08
E38088,D20
E38089,D14
E38090,D12
E38091,D17
E38092,D11
E38093,D11
E38094,D08
E38095,D11
E38096,D08
E38097,D08
E38098,D09
E38099,D18
E38100,D19
E38101,D02
E38102,D12
E38103,D17
E38104,D13
E38105,D06
E38106,D19
E38107,D12
E38108,D10
E38109,D15
E38110,D06
E38111,D09
E38112,D01
E38113,D19
E38114,D13
E38115,D07
E38116,D14
E38117,D10
E38118,D02
E38119,D14
E38120,D17
E38121,D01
E38122,D06
E38123,D07
E38124,D09
E38125,D08
E38126,D20
E38127,D18
E38128,D19
E38129,D17
E38130,D16
E38131,D14
E38132,D16
E38133,D11
E38134,D17
E38135,D01
E38136,D07
E38137,D20
E38138,D03
E38139,D02
E38140,D03
E38141,D08
E38142,D15
E38143,D19
E38144,D17
E38145,D07
E38146,D06
E38147,D05
E38148,D14
E38149,D11
E38150,D08
E38151,D17
E38152,D18
E38153,D02
E38154,D15
E38155,D17
E38156,D10
E38157,D04
E38158,D18
E38159,D18
E38160,D13
E38161,D07
E38162,D16
E38163,D13
E38164,D05
E38165,D15
E38166,D13
E38167,D17
E38168,D16
E38169,D02
E38170,D04
E38171,D04
E38172,D16
E38173,D01
E38174,D19
E38175,D20
E38176,D20
E38177,D02
E38178,D05
E38179,D09
E38180,D15
E38181,D03
E38182,D07
E38183,D15
E38184,D14
E38185,D05
E38186,D19
E38187,D08
E38188,D02
E38189,D12
E38190,D10
E38191,D20
E38192,D08
E38193,D05
E38194,D04
E38195,D20
E38196,D10
E38197,D02
E38198,D08
E38199,D15
E38200,D10
E38201,D14
E38202,D10
E38203,D09
E38204,D06
E38205,D05
E38206,D19
E38207,D14
E38208,D15
E38209,D17
E38210,D07
E38211,D12
E38212,D09
E38213,D11
E38214,D07
E38215,D15
E38216,D20
E38217,D18
E38218,D02
E38219,D04
E38220,D12
E38221,D11
E38222,D19
E38223,D05
E38224,D13
E38225,D08
E38226,D12
E38227,D07
E38228,D01
E38229,D17
E38230,D13
E38231,D06
E38232,D11
E38233,D13
E38234,D06
E38235,D18
E38236,D09
E38237,D07
E38238,D17
E38239,D07
E38240,D18
E38241,D12
E38242,D03
E38243,D20
E38244,D08
E38245,D01
E38246,D16
E38247,D18
E38248,D19
E38249,D02
E38250,D11
E38251,D04
E38252,D09
E38253,D11
E38254,D13
E38255,D20
E38256,D04
E38257,D08
E38258,D09
E38259,D09
E38260,D07
E38261,D05
E38262,D16
E38263,D14
E38264,D20
E38265,D14
E38266,D20
E38267,D06
E38268,D10
E38269,D10
E38270,D02
E38271,D10
E38272,D04
E38273,D13
E38274,D03
E38275,D13
E38276,D16
E38277,D17
E38278,D01
E38279,D16
E38280,D08
E38281,D12
E38282,D12
E38283,D08
E38284,D01
E38285,D10
E38286,D10
E38287,D11
E38288,D12
E38289,D12
E38290,D09
E38291,D03
E38292,D17
E38293,D19
E38294,D16
E38295,D10
E38296,D18
E38297,D17
E38298,D05
E38299,D11
E38300,D10
E38301,D13
E38302,D17
E38303,D15
E38304,D13
E38305,D04
E38306,D19
E38307,D05
E38308,D06
E38309,D20
E38310,D13
E38311,D17
E38312,D18
E38313,D19
E38314,D15
E38315,D04
E38316,D13
E38317,D13
E38318,D14
E38319,D15
E38320,D18
E38321,D17
E38322,D12
E38323,D05
E38324,D11
E38325,D19
E38326,D07
E38327,D12
E38328,D19
E38329,D15
E38330,D04
E38331,D03
E38332,D14
E38333,D02
E38334,D08
E38335,D16
E38336,D16
E38337,D02
E38338,D09
E38339,D17
E38340,D17
E38341,D06
E38342,D09
E38343,D06
E38344,D13
E38345,D12
E38346,D03
E38347,D09
E38348,D15
E38349,D12
E38350,D11
E38351,D12
E38352,D12
E38353,D12
E38354,D08
E38355,D12
E38356,D11
E38357,D06
E38358,D14
E38359,D15
E38360,D19
E38361,D18
E38362,D20
E38363,D12
E38364,D19
E38365,D01
E38366,D12
E38367,D19
E38368,D04
E38369,D18
E38370,D20
E38371,D16
E38372,D19
E38373,D07
E38374,D20
E38375,D13
E38376,D10
E38377,D03
E38378,D13
E38379,D19
E38380,D18
E38381,D16
E38382,D12
E38383,D14
E38384,D18
E38385,D20
E38386,D13
E38387,D06
E38388,D09
E38389,D05
E38390,D07
E38391,D09
E38392,D12
E38393,D09
E38394,D01
E38395,D13
E38396,D18
E38397,D16
E38398,D03
E38399,D02
E38400,D07
E38401,D09
E38402,D09
E38403,D12
E38404,D11
E38405,D04
E38406,D16
E38407,D18
E38408,D01
E38409,D05
E38410,D05
E38411,D09
E38412,D06
E38413,D20
E38414,D11
E38415,D17
E38416,D09
E38417,D11
E38418,D16
E38419,D06
E38420,D05
E38421,D09
E38422,D18
E38423,D13
E38424,D12
E38425,D17
E38426,D05
E38427,D11
E38428,D18
E38429,D14
E38430,D20
E38431,D16
E38432,D12
E38433,D15
E38434,D03
E38435,D09
E38436,D18
E38437,D01
E38438,D02
E38439,D18
E38440,D01
E38441,D01
E38442,D17
E38443,D20
E38444,D06
E38445,D11
E38446,D05
E38447,D10
E38448,D19
E38449,D20
E38450,D03
E38451,D18
E38452,D08
E38453,D06
E38454,D17
E38455,D02
E38456,D02
E38457,D18
E38458,D08
E38459,D20
E38460,D10
E38461,D08
E38462,D01
E38463,D01
E38464,D16
E38465,D19
E38466,D05
E38467,D02
E38468,D15
E38469,D10
E38470,D10
E38471,D10
E38472,D07
E38473,D14
E38474,D16
E38475,D17
E38476,D06
E38477,D11
E38478,D05
E38479,D03
E38480,D01
E38481,D03
E38482,D08
E38483,D20
E38484,D05
E38485,D10
E38486,D09
E38487,D08
E38488,D19
E38489,D10
E38490,D08
E38491,D18
E38492,D03
E38493,D17
E38494,D20
E38495,D14
E38496,D02
E38497,D06
E38498,D04
E38499,D11
E38500,D11
E38501,D08
E38502,D15
E38503,D17
E38504,D11
E38505,D19
E38506,D09
E38507,D18
E38508,D20
E38509,D10
E38510,D11
E38511,D13
E38512,D01
E38513,D17
E38514,D20
E38515,D11
E38516,D02
E38517,D18
E38518,D10
E38519,D19
E38520,D11
E38521,D18
E38522,D05
E38523,D04
E38524,D05
E38525,D02
E38526,D03
E38527,D18
E38528,D09
E38529,D03
E38530,D07
E38531,D19
E38532,D02
E38533,D13
E38534,D07
E38535,D02
E38536,D20
E38537,D16
E38538,D20
E38539,D18
E38540,D05
E38541,D11
E38542,D10
E38543,D20
E38544,D05
E38545,D14
E38546,D02
E38547,D19
E38548,D16
E38549,D04
E38550,D05
E38551,D03
E38552,D03
E38553,D07
E38554,D01
E38555,D18
E38556,D14
E38557,D04
E38558,D10
E38559,D07
E38560,D20
E38561,D16
E38562,D13
E38563,D13
E38564,D17
E38565,D06
E38566,D13
E38567,D18
E38568,D03
E38569,D18
E38570,D09
E38571,D03
E38572,D11
E38573,D18
E38574,D18
E38575,D07
E38576,D14
E38577,D15
E38578,D20
E38579,D12
E38580,D09
E38581,D02
E38582,D06
E38583,D06
E38584,D16
E38585,D17
E38586,D12
E38587,D16
E38588,D13
E38589,D06
E38590,D05
E38591,D05
E38592,D01
E38593,D12
E38594,D01
E38595,D08
E38596,D11
E38597,D04
E38598,D16
E38599,D11
E38600,D02
E38601,D11
E38602,D10
E38603,D14
E38604,D17
E38605,D08
E38606,D18
E38607,D07
E38608,D05
E38609,D11
E38610,D05
E38611,D14
E38612,D20
E38613,D06
E38614,D13
E38615,D05
E38616,D16
E38617,D05
E38618,D14
E38619,D10
E38620,D17
E38621,D20
E38622,D05
E38623,D18
E38624,D06
E38625,D12
E38626,D05
E38627,D14
E38628,D03
E38629,D08
E38630,D09
E38631,D19
E38632,D18
E38633,D07
E38634,D14
E38635,D15
E38636,D13
E38637,D12
E38638,D20
E38639,D13
E38640,D14
E38641,D09
E38642,D08
E38643,D02
E38644,D03
E38645,D08
E38646,D11
E38647,D06
E38648,D12
E38649,D19
E38650,D19
E38651,D15
E38652,D16
E38653,D03
E38654,D14
E38655,D14
E38656,D05
E38657,D20
E38658,D12
E38659,D18
E38660,D13
E38661,D14
E38662,D20
E38663,D18
E38664,D04
E38665,D04
E38666,D19
E38667,D16
E38668,D06
E38669,D16
E38670,D05
E38671,D20
E38672,D16
E38673,D12
E38674,D10
E38675,D03
E38676,D04
E38677,D15
E38678,D06
E38679,D07
E38680,D13
E38681,D03
E38682,D06
E38683,D20
E38684,D08
E38685,D01
E38686,D16
E38687,D16
E38688,D05
E38689,D12
E38690,D18
E38691,D04
E38692,D13
E38693,D12
E38694,D13
E38695,D19
E38696,D16
E38697,D01
E38698,D15
E38699,D16
E38700,D19
E38701,D15
E38702,D18
E38703,D06
E38704,D11
E38705,D06
E38706,D19
E38707,D09
E38708,D01
E38709,D06
E38710,D01
E38711,D02
E38712,D18
E38713,D10
E38714,D19
E38715,D13
E38716,D02
E38717,D07
E38718,D10
E38719,D02
E38720,D05
E38721,D20
E38722,D11
E38723,D15
E38724,D02
E38725,D07
E38726,D05
E38727,D13
E38728,D18
E38729,D03
E38730,D09
E38731,D14
E38732,D01
E38733,D16
E38734,D08
E38735,D06
E38736,D20
E38737,D06
E38738,D20
E38739,D15
E38740,D19
E38741,D14
E38742,D15
E38743,D19
E38744,D20
E38745,D15
E38746,D18
E38747,D19
E38748,D09
E38749,D06
E38750,D14
E38751,D10
E38752,D04
E38753,D09
E38754,D11
E38755,D20
E38756,D05
E38757,D19
E38758,D09
E38759,D17
E38760,D12
E38761,D02
E38762,D14
E38763,D15
E38764,D05
E38765,D19
E38766,D06
E38767,D20
E38768,D09
E38769,D14
E38770,D01
E38771,D04
E38772,D09
E38773,D06
E38774,D12
E38775,D18
E38776,D19
E38777,D15
E38778,D10
E38779,D01
E38780,D06
E38781,D04
E38782,D12
E38783,D18
E38784,D10
E38785,D14
E38786,D14
E38787,D14
E38788,D19
E38789,D04
E38790,D06
E38791,D15
E38792,D09
E38793,D16
E38794,D17
E38795,D19
E38796,D04
E38797,D10
E38798,D10
E38799,D17
E38800,D15
E38801,D11
E38802,D20
E38803,D12
E38804,D10
E38805,D04
E38806,D16
E38807,D18
E38808,D01
E38809,D16
E38810,D04
E38811,D17
E38812,D09
E38813,D16
E38814,D13
E38815,D07
E38816,D05
E38817,D16
E38818,D18
E38819,D15
E38820,D01
E38821,D06
E38822,D05
E38823,D18
E38824,D11
E38825,D16
E38826,D19
E38827,D15
E38828,D19
E38829,D09
E38830,D19
E38831,D13
E38832,D09
E38833,D17
E38834,D15
E38835,D12
E38836,D16
E38837,D14
E38838,D14
E38839,D02
E38840,D14
E38841,D06
E38842,D17
E38843,D15
E38844,D15
E38845,D04
E38846,D18
E38847,D18
E38848,D18
E38849,D09
E38850,D13
E38851,D05
E38852,D05
E38853,D14
E38854,D03
E38855,D07
E38856,D12
E38857,D14
E38858,D17
E38859,D02
E38860,D10
E38861,D07
E38862,D20
E38863,D07
E38864,D11
E38865,D11
E38866,D05
E38867,D12
E38868,D19
E38869,D01
E38870,D18
E38871,D07
E38872,D16
E38873,D01
E38874,D01
E38875,D15
E38876,D18
E38877,D07
E38878,D10
E38879,D11
E38880,D19
E38881,D18
E38882,D05
E38883,D15
E38884,D07
E38885,D04
E38886,D09
E38887,D19
E38888,D20
E38889,D17
E38890,D10
E38891,D07
E38892,D14
E38893,D01
E38894,D06
E38895,D20
E38896,D01
E38897,D12
E38898,D19
E38899,D11
E38900,D08
E38901,D06
E38902,D10
E38903,D06
E38904,D01
E38905,D13
E38906,D17
E38907,D03
E38908,D08
E38909,D07
E38910,D07
E38911,D19
E38912,D02
E38913,D17
E38914,D11
E38915,D13
E38916,D17
E38917,D17
E38918,D04
E38919,D01
E38920,D20
E38921,D16
E38922,D08
E38923,D03
E38924,D01
E38925,D18
E38926,D09
E38927,D08
E38928,D20
E38929,D13
E38930,D12
E38931,D06
E38932,D08
E38933,D13
E38934,D10
E38935,D07
E38936,D10
E38937,D15
E38938,D17
E38939,D01
E38940,D13
E38941,D12
E38942,D15
E38943,D02
E38944,D05
E38945,D14
E38946,D13
E38947,D12
E38948,D07
E38949,D19
E38950,D18
E38951,D09
E38952,D06
E38953,D16
E38954,D02
E38955,D07
E38956,D01
E38957,D17
E38958,D19
E38959,D07
E38960,D05
E38961,D16
E38962,D17
E38963,D07
E38964,D02
E38965,D11
E38966,D03
E38967,D08
E38968,D14
E38969,D17
E38970,D08
E38971,D17
E38972,D16
E38973,D18
E38974,D05
E38975,D02
E38976,D19
E38977,D19
E38978,D07
E38979,D06
E38980,D14
E38981,D10
E38982,D03
E38983,D13
E38984,D18
E38985,D09
E38986,D20
E38987,D12
E38988,D05
E38989,D10
E38990,D02
E38991,D20
E38992,D19
E38993,D16
E38994,D17
E38995,D19
E38996,D09
E38997,D18
E38998,D14
E38999,D13
E39000,D03
E39001,D12
E39002,D12
E39003,D08
E39004,D20
E39005,D04
E39006,D03
E39007,D09
E39008,D19
E39009,D12
E39010,D03
E39011,D01
E39012,D15
E39013,D12
E39014,D20
E39015,D09
E39016,D14
E39017,D15
E39018,D13
E39019,D15
E39020,D11
E39021,D18
E39022,D11
E39023,D16
E39024,D20
E39025,D14
E39026,D17
E39027,D18
E39028,D11
E39029,D15
E39030,D08
E39031,D16
E39032,D09
E39033,D12
E39034,D20
E39035,D17
E39036,D01
E39037,D08
E39038,D19
E39039,D13
E39040,D19
E39041,D08
E39042,D03
E39043,D16
E39044,D09
E39045,D10
E39046,D19
E39047,D18
E39048,D11
E39049,D16
E39050,D02
E39051,D14
E39052,D02
E39053,D06
E39054,D05
E39055,D05
E39056,D08
E39057,D14
E39058,D15
E39059,D16
E39060,D16
E39061,D09
E39062,D03
E39063,D10
E39064,D07
E39065,D11
E39066,D03
E39067,D14
E39068,D16
E39069,D10
E39070,D08
E39071,D13
E39072,D05
E39073,D15
E39074,D20
E39075,D03
E39076,D11
E39077,D18
E39078,D19
E39079,D15
E39080,D18
E39081,D04
E39082,D03
E39083,D12
E39084,D01
E39085,D13
E39086,D09
E39087,D01
E39088,D19
E39089,D10
E39090,D05
E39091,D17
E39092,D08
E39093,D05
E39094,D17
E39095,D03
E39096,D09
E39097,D03
E39098,D18
E39099,D11
E39100,D02
E39101,D09
E39102,D14
E39103,D17
E39104,D15
E39105,D10
E39106,D11
E39107,D13
E39108,D05
E39109,D01
E39110,D03
E39111,D15
E39112,D12
E39113,D18
E39114,D15
E39115,D06
E39116,D11
E39117,D05
E39118,D05
E39119,D11
E39120,D17
E39121,D11
E39122,D11
E39123,D20
E39124,D08
E39125,D08
E39126,D03
E39127,D13
E39128,D05
E39129,D13
E39130,D04
E39131,D18
E39132,D18
E39133,D03
E39134,D02
E39135,D04
E39136,D05
E39137,D16
E39138,D05
E39139,D16
E39140,D03
E39141,D08
E39142,D07
E39143,D05
E39144,D12
E39145,D13
E39146,D02
E39147,D11
E39148,D19
E39149,D02
E39150,D03
E39151,D18
E39152,D16
E39153,D10
E39154,D11
E39155,D16
E39156,D15
E39157,D16
E39158,D05
E39159,D15
E39160,D19
E39161,D11
E39162,D14
E39163,D15
E39164,D20
E39165,D03
E39166,D07
E39167,D20
E39168,D07
E39169,D06
E39170,D18
E39171,D17
E39172,D13
E39173,D15
E39174,D05
E39175,D06
E39176,D16
E39177,D01
E39178,D09
E39179,D10
E39180,D15
E39181,D01
E39182,D04
E39183,D16
E39184,D14
E39185,D03
E39186,D05
E39187,D13
E39188,D05
E39189,D04
E39190,D13
E39191,D07
E39192,D03
E39193,D08
E39194,D17
E39195,D18
E39196,D17
E39197,D06
E39198,D14
E39199,D16
E39200,D11
E39201,D03
E39202,D16
E39203,D08
E39204,D16
E39205,D02
E39206,D13
E39207,D09
E39208,D08
E39209,D01
E39210,D02
E39211,D19
E39212,D13
E39213,D11
E39214,D12
E39215,D13
E39216,D03
E39217,D16
E39218,D06
E39219,D05
E39220,D07
E39221,D06
E39222,D03
E39223,D10
E39224,D14
E39225,D16
E39226,D17
E39227,D03
E39228,D16
E39229,D09
E39230,D15
E39231,D09
E39232,D12
E39233,D10
E39234,D01
E39235,D04
E39236,D06
E39237,D15
E39238,D02
E39239,D11
E39240,D17
E39241,D06
E39242,D20
E39243,D04
E39244,D03
E39245,D11
E39246,D17
E39247,D20
E39248,D14
E39249,D02
E39250,D04
E39251,D19
E39252,D11
E39253,D05
E39254,D19
E39255,D12
E39256,D19
E39257,D07
E39258,D05
E39259,D06
E39260,D07
E39261,D08
E39262,D18
E39263,D18
E39264,D15
E39265,D10
E39266,D05
E39267,D15
E39268,D01
E39269,D07
E39270,D07
E39271,D17
E39272,D09
E39273,D17
E39274,D05
E39275,D02
E39276,D12
E39277,D14
E39278,D05
E39279,D17
E39280,D02
E39281,D11
E39282,D01
E39283,D06
E39284,D13
E39285,D16
E39286,D09
E39287,D08
E39288,D12
E39289,D03
E39290,D08
E39291,D02
E39292,D08
E39293,D11
E39294,D01
E39295,D04
E39296,D11
E39297,D16
E39298,D05
E39299,D08
E39300,D03
E39301,D10
E39302,D06
E39303,D09
E39304,D17
E39305,D08
E39306,D04
E39307,D07
E39308,D10
E39309,D05
E39310,D10
E39311,D04
E39312,D16
E39313,D06
E39314,D14
E39315,D11
E39316,D10
E39317,D06
E39318,D19
E39319,D20
E39320,D17
E39321,D11
E39322,D03
E39323,D14
E39324,D02
E39325,D08
E39326,D04
E39327,D07
E39328,D15
E39329,D13
E39330,D18
E39331,D09
E39332,D14
E39333,D11
E39334,D16
E39335,D06
E39336,D06
E39337,D11
E39338,D19
E39339,D19
E39340,D11
E39341,D09
E39342,D04
E39343,D12
E39344,D09
E39345,D09
E39346,D01
E39347,D09
E39348,D02
E39349,D06
E39350,D17
E39351,D09
E39352,D10
E39353,D09
E39354,D15
E39355,D17
E39356,D04
E39357,D15
E39358,D14
E39359,D02
E39360,D03
E39361,D10
E39362,D13
E39363,D15
E39364,D05
E39365,D07
E39366,D15
E39367,D07
E39368,D02
E39369,D03
E39370,D05
E39371,D03
E39372,D13
E39373,D08
E39374,D19
E39375,D06
E39376,D07
E39377,D04
E39378,D11
E39379,D15
E39380,D10
E39381,D17
E39382,D07
E39383,D09
E39384,D07
E39385,D10
E39386,D01
E39387,D14
E39388,D01
E39389,D06
E39390,D17
E39391,D16
E39392,D06
E39393,D02
E39394,D08
E39395,D07
E39396,D17
E39397,D15
E39398,D13
E39399,D06
E39400,D08
E39401,D04
E39402,D15
E39403,D13
E39404,D19
E39405,D16
E39406,D02
E39407,D10
E39408,D19
E39409,D02
E39410,D02
E39411,D14
E39412,D03
E39413,D05
E39414,D20
E39415,D18
E39416,D01
E39417,D01
E39418,D13
E39419,D11
E39420,D01
E39421,D08
E39422,D16
E39423,D13
E39424,D17
E39425,D12
E39426,D03
E39427,D17
E39428,D09
E39429,D07
E39430,D05
E39431,D15
E39432,D08
E39433,D14
E39434,D14
E39435,D01
E39436,D15
E39437,D12
E39438,D08
E39439,D18
E39440,D09
E39441,D12
E39442,D07
E39443,D01
E39444,D19
E39445,D18
E39446,D02
E39447,D17
E39448,D17
E39449,D20
E39450,D13
E39451,D03
E39452,D14
E39453,D15
E39454,D04
E39455,D15
E39456,D02
E39457,D19
E39458,D19
E39459,D02
E39460,D19
E39461,D07
E39462,D04
E39463,D09
E39464,D09
E39465,D19
E39466,D02
E39467,D01
E39468,D12
E39469,D13
E39470,D03
E39471,D01
E39472,D18
E39473,D01
E39474,D04
E39475,D01
E39476,D02
E39477,D15
E39478,D19
E39479,D03
E39480,D03
E39481,D15
E39482,D08
E39483,D16
E39484,D05
E39485,D18
E39486,D06
E39487,D01
E39488,D18
E39489,D03
E39490,D17
E39491,D15
E39492,D13
E39493,D07
E39494,D04
E39495,D17
E39496,D11
E39497,D04
E39498,D07
E39499,D19
E39500,D06
E39501,D12
E39502,D02
E39503,D06
E39504,D13
E39505,D04
E39506,D11
E39507,D02
E39508,D19
E39509,D06
E39510,D07
E39511,D18
E39512,D06
E39513,D11
E39514,D16
E39515,D07
E39516,D16
E39517,D09
E39518,D08
E39519,D15
E39520,D19
E39521,D03
E39522,D10
E39523,D09
E39524,D08
E39525,D12
E39526,D13
E39527,D14
E39528,D01
E39529,D12
E39530,D05
E39531,D14
E39532,D14
E39533,D02
E39534,D06
E39535,D20
E39536,D17
E39537,D06
E39538,D08
E39539,D11
E39540,D01
E39541,D19
E39542,D03
E39543,D06
E39544,D10
E39545,D05
E39546,D07
E39547,D16
E39548,D08
E39549,D10
E39550,D04
E39551,D02
E39552,D14
E39553,D15
E39554,D10
E39555,D20
E39556,D09
E39557,D13
E39558,D07
E39559,D07
E39560,D13
E39561,D20
E39562,D14
E39563,D17
E39564,D17
E39565,D05
E39566,D13
E39567,D02
E39568,D04
E39569,D11
E39570,D14
E39571,D08
E39572,D09
E39573,D20
E39574,D17
E39575,D12
E39576,D18
E39577,D20
E39578,D07
E39579,D10
E39580,D20
E39581,D11
E39582,D19
E39583,D17
E39584,D10
E39585,D07
E39586,D17
E39587,D18
E39588,D20
E39589,D20
E39590,D03
E39591,D17
E39592,D20
E39593,D12
E39594,D03
E39595,D19
E39596,D12
E39597,D02
E39598,D03
E39599,D12
E39600,D15
E39601,D17
E39602,D17
E39603,D03
E39604,D04
E39605,D03
E39606,D18
E39607,D03
E39608,D06
E39609,D16
E39610,D20
E39611,D19
E39612,D20
E39613,D12
E39614,D14
E39615,D07
E39616,D15
E39617,D10
E39618,D13
E39619,D09
E39620,D04
E39621,D01
E39622,D17
E39623,D19
E39624,D17
E39625,D11
E39626,D05
E39627,D14
E39628,D19
E39629,D08
E39630,D07
E39631,D19
E39632,D11
E39633,D14
E39634,D12
E39635,D15
E39636,D18
E39637,D17
E39638,D17
E39639,D12
E39640,D05
E39641,D01
E39642,D08
E39643,D16
E39644,D10
E39645,D12
E39646,D06
E39647,D08
E39648,D11
E39649,D19
E39650,D20
E39651,D04
E39652,D09
E39653,D16
E39654,D11
E39655,D16
E39656,D01
E39657,D09
E39658,D09
E39659,D04
E39660,D11
E39661,D02
E39662,D14
E39663,D18
E39664,D05
E39665,D02
E39666,D14
E39667,D07
E39668,D03
E39669,D13
E39670,D18
E39671,D10
E39672,D19
E39673,D17
E39674,D04
E39675,D16
E39676,D05
E39677,D05
E39678,D14
E39679,D10
E39680,D16
E39681,D08
E39682,D16
E39683,D14
E39684,D06
E39685,D04
E39686,D10
E39687,D14
E39688,D09
E39689,D04
E39690,D03
E39691,D20
E39692,D02
E39693,D11
E39694,D13
E39695,D05
E39696,D18
E39697,D15
E39698,D17
E39699,D04
E39700,D20
E39701,D17
E39702,D16
E39703,D15
E39704,D13
E39705,D13
E39706,D15
E39707,D18
E39708,D09
E39709,D01
E39710,D12
E39711,D20
E39712,D10
E39713,D19
E39714,D02
E39715,D03
E39716,D15
E39717,D07
E39718,D15
E39719,D08
E39720,D07
E39721,D15
E39722,D08
E39723,D11
E39724,D14
E39725,D05
E39726,D10
E39727,D13
E39728,D13
E39729,D01
E39730,D20
E39731,D12
E39732,D17
E39733,D12
E39734,D09
E39735,D17
E39736,D20
E39737,D19
E39738,D08
E39739,D01
E39740,D13
E39741,D10
E39742,D06
E39743,D07
E39744,D09
E39745,D04
E39746,D18
E39747,D05
E39748,D20
E39749,D01
E39750,D03
E39751,D01
E39752,D20
E39753,D06
E39754,D14
E39755,D04
E39756,D03
E39757,D09
E39758,D06
E39759,D14
E39760,D07
E39761,D17
E39762,D15
E39763,D04
E39764,D14
E39765,D18
E39766,D11
E39767,D01
E39768,D12
E39769,D01
E39770,D14
E39771,D11
E39772,D09
E39773,D17
E39774,D05
E39775,D12
E39776,D08
E39777,D16
E39778,D09
E39779,D19
E39780,D15
E39781,D07
E39782,D20
E39783,D13
E39784,D10
E39785,D08
E39786,D12
E39787,D02
E39788,D04
E39789,D11
E39790,D10
E39791,D02
E39792,D03
E39793,D20
E39794,D03
E39795,D01
E39796,D12
E39797,D07
E39798,D03
E39799,D04
E39800,D10
E39801,D08
E39802,D08
E39803,D05
E39804,D08
E39805,D05
E39806,D03
E39807,D08
E39808,D18
E39809,D10
E39810,D18
E39811,D18
E39812,D05
E39813,D04
E39814,D20
E39815,D15
E39816,D04
E39817,D06
E39818,D16
E39819,D08
E39820,D11
E39821,D13
E39822,D05
E39823,D19
E39824,D10
E39825,D20
E39826,D02
E39827,D07
E39828,D09
E39829,D19
E39830,D04
E39831,D17
E39832,D13
E39833,D11
E39834,D09
E39835,D08
E39836,D12
E39837,D08
E39838,D11
E39839,D17
E39840,D16
E39841,D01
E39842,D09
E39843,D01
E39844,D04
E39845,D07
E39846,D20
E39847,D12
E39848,D07
E39849,D12
E39850,D01
E39851,D04
E39852,D05
E39853,D03
E39854,D03
E39855,D04
E39856,D05
E39857,D16
E39858,D02
E39859,D01
E39860,D06
E39861,D03
E39862,D03
E39863,D02
E39864,D05
E39865,D18
E39866,D18
E39867,D12
E39868,D13
E39869,D12
E39870,D03
E39871,D14
E39872,D13
E39873,D17
E39874,D06
E39875,D11
E39876,D15
E39877,D11
E39878,D16
E39879,D10
E39880,D18
E39881,D20
E39882,D06
E39883,D20
E39884,D06
E39885,D02
E39886,D04
E39887,D19
E39888,D07
E39889,D04
E39890,D12
E39891,D18
E39892,D05
E39893,D08
E39894,D06
E39895,D14
E39896,D12
E39897,D16
E39898,D19
E39899,D02
E39900,D04
E39901,D04
E39902,D03
E39903,D06
E39904,D06
E39905,D17
E39906,D02
E39907,D13
E39908,D10
E39909,D01
E39910,D01
E39911,D04
E39912,D12
E39913,D09
E39914,D06
E39915,D19
E39916,D08
E39917,D03
E39918,D15
E39919,D04
E39920,D15
E39921,D09
E39922,D13
E39923,D15
E39924,D03
E39925,D06
E39926,D14
E39927,D06
E39928,D07
E39929,D06
E39930,D11
E39931,D01
E39932,D04
E39933,D13
E39934,D16
E39935,D17
E39936,D19
E39937,D17
E39938,D14
E39939,D13
E39940,D17
E39941,D17
E39942,D11
E39943,D15
E39944,D11
E39945,D07
E39946,D04
E39947,D15
E39948,D19
E39949,D20
E39950,D07
E39951,D15
E39952,D19
E39953,D10
E39954,D16
E39955,D13
E39956,D11
E39957,D18
E39958,D11
E39959,D05
E39960,D12
E39961,D02
E39962,D02
E39963,D10
E39964,D19
E39965,D14
E39966,D16
E39967,D20
E39968,D13
E39969,D08
E39970,D10
E39971,D17
E39972,D10
E39973,D14
E39974,D15
E39975,D18
E39976,D16
E39977,D12
E39978,D04
E39979,D08
E39980,D15
E39981,D20
E39982,D02
E39983,D11
E39984,D08
E39985,D05
E39986,D15
E39987,D16
E39988,D10
E39989,D15
E39990,D09
E39991,D19
E39992,D15
E39993,D13
E39994,D04
E39995,D04
E39996,D06
E39997,D09
E39998,D16
E39999,D09
E40000,D16
E40001,D15
E40002,D06
E40003,D11
E40004,D09
E40005,D10
E40006,D04
E40007,D08
E40008,D18
E40009,D04
E40010,D13
E40011,D14
E40012,D16
E40013,D15
E40014,D08
E40015,D19
E40016,D05
E40017,D01
E40018,D07
E40019,D08
E40020,D17
E40021,D08
E40022,D15
E40023,D15
E40024,D16
E40025,D03
E40026,D18
E40027,D16
E40028,D19
E40029,D13
E40030,D12
E40031,D10
E40032,D01
E40033,D09
E40034,D06
E40035,D06
E40036,D07
E40037,D08
E40038,D13
E40039,D11
E40040,D07
E40041,D15
E40042,D20
E40043,D03
E40044,D05
E40045,D11
E40046,D06
E40047,D14
E40048,D13
E40049,D10
E40050,D18
E40051,D06
E40052,D15
E40053,D11
E40054,D05
E40055,D12
E40056,D12
E40057,D01
E40058,D14
E40059,D02
E40060,D18
E40061,D09
E40062,D03
E40063,D15
E40064,D08
E40065,D18
E40066,D01
E40067,D10
E40068,D04
E40069,D11
E40070,D03
E40071,D19
E40072,D15
E40073,D11
E40074,D13
E40075,D17
E40076,D13
E40077,D20
E40078,D14
E40079,D09
E40080,D09
E40081,D17
E40082,D12
E40083,D20
E40084,D06
E40085,D18
E40086,D11
E40087,D07
E40088,D02
E40089,D13
E40090,D17
E40091,D20
E40092,D01
E40093,D07
E40094,D08
E40095,D14
E40096,D17
E40097,D08
E40098,D03
E40099,D19
E40100,D15
E40101,D15
E40102,D11
E40103,D20
E40104,D04
E40105,D06
E40106,D01
E40107,D10
E40108,D04
E40109,D16
E40110,D09
E40111,D15
E40112,D16
E40113,D10
E40114,D02
E40115,D17
E40116,D06
E40117,D11
E40118,D18
E40119,D20
E40120,D13
E40121,D15
E40122,D08
E40123,D08
E40124,D19
E40125,D12
E40126,D01
E40127,D18
E40128,D05
E40129,D01
E40130,D13
E40131,D17
E40132,D18
E40133,D08
E40134,D10
E40135,D03
E40136,D05
E40137,D17
E40138,D03
E40139,D06
E40140,D17
E40141,D05
E40142,D20
E40143,D05
E40144,D12
E40145,D17
E40146,D05
E40147,D06
E40148,D03
E40149,D20
E40150,D13
E40151,D09
E40152,D14
E40153,D19
E40154,D10
E40155,D19
E40156,D05
E40157,D11
E40158,D04
E40159,D08
E40160,D15
E40161,D14
E40162,D17
E40163,D18
E40164,D02
E40165,D01
E40166,D07
E40167,D03
E40168,D15
E40169,D01
E40170,D07
E40171,D03
E40172,D14
E40173,D08
E40174,D13
E40175,D07
E40176,D19
E40177,D01
E40178,D10
E40179,D10
E40180,D08
E40181,D08
E40182,D08
E40183,D06
E40184,D01
E40185,D01
E40186,D10
E40187,D03
E40188,D12
E40189,D02
E40190,D06
E40191,D17
E40192,D09
E40193,D20
E40194,D05
E40195,D15
E40196,D03
E40197,D04
E40198,D15
E40199,D13
E40200,D12
E40201,D08
E40202,D02
E40203,D03
E40204,D13
E40205,D12
E40206,D16
E40207,D20
E40208,D12
E40209,D03
E40210,D16
E40211,D04
E40212,D15
E40213,D06
E40214,D03
E40215,D20
E40216,D09
E40217,D08
E40218,D19
E40219,D08
E40220,D11
E40221,D02
E40222,D05
E40223,D04
E40224,D05
E40225,D09
E40226,D18
E40227,D17
E40228,D18
E40229,D08
E40230,D15
E40231,D12
E40232,D11
E40233,D16
E40234,D07
E40235,D09
E40236,D17
E40237,D03
E40238,D17
E40239,D08
E40240,D12
E40241,D14
E40242,D01
E40243,D01
E40244,D01
E40245,D05
E40246,D18
E40247,D05
E40248,D07
E40249,D20
E40250,D16
E40251,D19
E40252,D08
E40253,D12
E40254,D04
E40255,D03
E40256,D02
E40257,D17
E40258,D06
E40259,D19
E40260,D18
E40261,D03
E40262,D04
E40263,D08
E40264,D20
E40265,D17
E40266,D06
E40267,D01
E40268,D14
E40269,D12
E40270,D11
E40271,D02
E40272,D17
E40273,D14
E40274,D11
E40275,D04
E40276,D04
E40277,D09
E40278,D06
E40279,D16
E40280,D07
E40281,D05
E40282,D01
E40283,D16
E40284,D16
E40285,D13
E40286,D03
E40287,D04
E40288,D16
E40289,D07
E40290,D02
E40291,D14
E40292,D16
E40293,D06
E40294,D17
E40295,D20
E40296,D04
E40297,D14
E40298,D11
E40299,D10
E40300,D18
E40301,D01
E40302,D13
E40303,D01
E40304,D11
E40305,D13
E40306,D03
E40307,D07
E40308,D09
E40309,D04
E40310,D16
E40311,D08
E40312,D04
E40313,D01
E40314,D12
E40315,D01
E40316,D18
E40317,D09
E40318,D05
E40319,D06
E40320,D16
E40321,D20
E40322,D14
E40323,D16
E40324,D09
E40325,D19
E40326,D08
E40327,D07
E40328,D04
E40329,D10
E40330,D06
E40331,D12
E40332,D09
E40333,D05
E40334,D19
E40335,D12
E40336,D20
E40337,D08
E40338,D17
E40339,D03
E40340,D17
E40341,D18
E40342,D05
E40343,D14
E40344,D11
E40345,D17
E40346,D04
E40347,D04
E40348,D08
E40349,D15
E40350,D03
E40351,D15
E40352,D10
E40353,D12
E40354,D19
E40355,D11
E40356,D19
E40357,D09
E40358,D07
E40359,D01
E40360,D04
E40361,D07
E40362,D14
E40363,D04
E40364,D12
E40365,D11
E40366,D08
E40367,D12
E40368,D09
E40369,D10
E40370,D02
E40371,D14
E40372,D04
E40373,D15
E40374,D10
E40375,D08
E40376,D19
E40377,D02
E40378,D19
E40379,D17
E40380,D16
E40381,D06
E40382,D04
E40383,D04
E40384,D06
E40385,D16
E40386,D04
E40387,D03
E40388,D08
E40389,D17
E40390,D12
E40391,D04
E40392,D13
E40393,D14
E40394,D03
E40395,D01
E40396,D12
E40397,D09
E40398,D15
E40399,D11
E40400,D06
E40401,D12
E40402,D04
E40403,D11
E40404,D17
E40405,D17
E40406,D13
E40407,D12
E40408,D13
E40409,D19
E40410,D19
E40411,D10
E40412,D03
E40413,D05
E40414,D06
E40415,D11
E40416,D11
E40417,D04
E40418,D11
E40419,D04
E40420,D01
E40421,D12
E40422,D06
E40423,D13
E40424,D06
E40425,D17
E40426,D12
E40427,D14
E40428,D12
E40429,D06
E40430,D19
E40431,D14
E40432,D04
E40433,D04
E40434,D14
E40435,D17
E40436,D03
E40437,D07
E40438,D17
E40439,D11
E40440,D01
E40441,D08
E40442,D09
E40443,D20
E40444,D15
E40445,D10
E40446,D03
E40447,D02
E40448,D09
E40449,D11
E40450,D14
E40451,D12
E40452,D08
E40453,D20
E40454,D15
E40455,D13
E40456,D16
E40457,D15
E40458,D07
E40459,D08
E40460,D13
E40461,D12
E40462,D10
E40463,D08
E40464,D12
E40465,D09
E40466,D02
E40467,D12
E40468,D10
E40469,D20
E40470,D04
E40471,D06
E40472,D16
E40473,D12
E40474,D07
E40475,D16
E40476,D03
E40477,D08
E40478,D05
E40479,D04
E40480,D19
E40481,D01
E40482,D07
E40483,D18
E40484,D15
E40485,D03
E40486,D09
E40487,D13
E40488,D12
E40489,D13
E40490,D10
E40491,D13
E40492,D07
E40493,D09
E40494,D16
E40495,D10
E40496,D19
E40497,D15
E40498,D06
E40499,D17
E40500,D10
E40501,D20
E40502,D16
E40503,D11
E40504,D16
E40505,D02
E40506,D13
E40507,D10
E40508,D18
E40509,D06
E40510,D12
E40511,D05
E40512,D07
E40513,D13
E40514,D02
E40515,D07
E40516,D20
E40517,D01
E40518,D16
E40519,D07
E40520,D02
E40521,D14
E40522,D14
E40523,D07
E40524,D03
E40525,D03
E40526,D06
E40527,D20
E40528,D16
E40529,D04
E40530,D01
E40531,D07
E40532,D12
E40533,D09
E40534,D09
E40535,D14
E40536,D19
E40537,D06
E40538,D11
E40539,D12
E40540,D07
E40541,D14
E40542,D19
E40543,D18
E40544,D06
E40545,D12
E40546,D12
E40547,D13
E40548,D15
E40549,D07
E40550,D11
E40551,D13
E40552,D11
E40553,D14
E40554,D17
E40555,D10
E40556,D19
E40557,D16
E40558,D01
E40559,D11
E40560,D08
E40561,D18
E40562,D11
E40563,D07
E40564,D06
E40565,D16
E40566,D11
E40567,D03
E40568,D17
E40569,D18
E40570,D17
E40571,D04
E40572,D10
E40573,D03
E40574,D20
E40575,D06
E40576,D08
E40577,D16
E40578,D16
E40579,D19
E40580,D09
E40581,D13
E40582,D17
E40583,D02
E40584,D19
E40585,D10
E40586,D07
E40587,D20
E40588,D18
E40589,D19
E40590,D02
E40591,D01
E40592,D05
E40593,D14
E40594,D18
E40595,D08
E40596,D14
E40597,D04
E40598,D18
E40599,D02
E40600,D10
E40601,D18
E40602,D10
E40603,D13
E40604,D18
E40605,D13
E40606,D12
E40607,D02
E40608,D03
E40609,D06
E40610,D04
E40611,D12
E40612,D15
E40613,D13
E40614,D15
E40615,D13
E40616,D08
E40617,D15
E40618,D11
E40619,D19
E40620,D07
E40621,D19
E40622,D13
E40623,D06
E40624,D12
E40625,D19
E40626,D09
E40627,D17
E40628,D09
E40629,D13
E40630,D15
E40631,D17
E40632,D19
E40633,D12
E40634,D16
E40635,D14
E40636,D06
E40637,D20
E40638,D03
E40639,D03
E40640,D03
E40641,D20
E40642,D11
E40643,D09
E40644,D03
E40645,D09
E40646,D07
E40647,D09
E40648,D05
E40649,D01
E40650,D12
E40651,D05
E40652,D17
E40653,D11
E40654,D06
E40655,D05
E40656,D13
E40657,D04
E40658,D11
E40659,D08
E40660,D08
E40661,D05
E40662,D19
E40663,D18
E40664,D01
E40665,D05
E40666,D14
E40667,D04
E40668,D18
E40669,D10
E40670,D01
E40671,D20
E40672,D08
E40673,D15
E40674,D07
E40675,D01
E40676,D12
E40677,D05
E40678,D10
E40679,D14
E40680,D11
E40681,D19
E40682,D17
E40683,D14
E40684,D08
E40685,D02
E40686,D10
E40687,D02
E40688,D17
E40689,D15
E40690,D02
E40691,D15
E40692,D17
E40693,D14
E40694,D20
E40695,D03
E40696,D04
E40697,D01
E40698,D14
E40699,D18
E40700,D07
E40701,D02
E40702,D05
E40703,D01
E40704,D19
E40705,D19
E40706,D11
E40707,D16
E40708,D16
E40709,D01
E40710,D20
E40711,D10
E40712,D01
E40713,D05
E40714,D10
E40715,D05
E40716,D03
E40717,D11
E40718,D03
E40719,D08
E40720,D07
E40721,D18
E40722,D02
E40723,D12
E40724,D15
E40725,D11
E40726,D01
E40727,D07
E40728,D16
E40729,D20
E40730,D19
E40731,D15
E40732,D10
E40733,D14
E40734,D14
E40735,D11
E40736,D12
E40737,D19
E40738,D01
E40739,D07
E40740,D10
E40741,D02
E40742,D15
E40743,D15
E40744,D13
E40745,D13
E40746,D08
E40747,D06
E40748,D05
E40749,D15
E40750,D12
E40751,D06
E40752,D18
E40753,D07
E40754,D19
E40755,D03
E40756,D11
E40757,D11
E40758,D14
E40759,D15
E40760,D02
E40761,D18
E40762,D08
E40763,D11
E40764,D16
E40765,D15
E40766,D12
E40767,D04
E40768,D19
E40769,D04
E40770,D07
E40771,D10
E40772,D10
E40773,D19
E40774,D11
E40775,D15
E40776,D20
E40777,D08
E40778,D17
E40779,D15
E40780,D17
E40781,D11
E40782,D12
E40783,D18
E40784,D15
E40785,D11
E40786,D20
E40787,D17
E40788,D19
E40789,D19
E40790,D10
E40791,D01
E40792,D16
E40793,D10
E40794,D05
E40795,D19
E40796,D03
E40797,D11
E40798,D04
E40799,D01
E40800,D09
E40801,D09
E40802,D14
E40803,D12
E40804,D04
E40805,D04
E40806,D06
E40807,D16
E40808,D20
E40809,D11
E40810,D19
E40811,D13
E40812,D07
E40813,D19
E40814,D04
E40815,D05
E40816,D14
E40817,D17
E40818,D04
E40819,D07
E40820,D16
E40821,D13
E40822,D06
E40823,D14
E40824,D13
E40825,D01
E40826,D12
E40827,D06
E40828,D02
E40829,D04
E40830,D03
E40831,D06
E40832,D15
E40833,D08
E40834,D17
E40835,D09
E40836,D06
E40837,D13
E40838,D11
E40839,D07
E40840,D02
E40841,D06
E40842,D08
E40843,D10
E40844,D03
E40845,D16
E40846,D16
E40847,D08
E40848,D08
E40849,D04
E40850,D06
E40851,D16
E40852,D15
E40853,D20
E40854,D08
E40855,D05
E40856,D04
E40857,D19
E40858,D13
E40859,D12
E40860,D09
E40861,D17
E40862,D18
E40863,D16
E40864,D06
E40865,D17
E40866,D05
E40867,D05
E40868,D18
E40869,D11
E40870,D10
E40871,D18
E40872,D14
E40873,D08
E40874,D02
E40875,D14
E40876,D18
E40877,D05
E40878,D02
E40879,D20
E40880,D08
E40881,D20
E40882,D05
E40883,D01
E40884,D20
E40885,D14
E40886,D06
E40887,D13
E40888,D08
E40889,D02
E40890,D16
E40891,D10
E40892,D02
E40893,D09
E40894,D17
E40895,D03
E40896,D06
E40897,D12
E40898,D09
E40899,D12
E40900,D16
E40901,D08
E40902,D04
E40903,D09
E40904,D05
E40905,D19
E40906,D13
E40907,D06
E40908,D14
E40909,D16
E40910,D13
E40911,D13
E40912,D12
E40913,D19
E40914,D06
E40915,D02
E40916,D05
E40917,D16
E40918,D20
E40919,D19
E40920,D01
E40921,D13
E40922,D11
E40923,D02
E40924,D01
E40925,D09
E40926,D04
E40927,D02
E40928,D04
E40929,D09
E40930,D08
E40931,D01
E40932,D09
E40933,D12
E40934,D11
E40935,D08
E40936,D01
E40937,D15
E40938,D17
E40939,D20
E40940,D19
E40941,D03
E40942,D18
E40943,D13
E40944,D01
E40945,D19
E40946,D01
E40947,D16
E40948,D02
E40949,D15
E40950,D15
E40951,D16
E40952,D01
E40953,D20
E40954,D14
E40955,D01
E40956,D14
E40957,D15
E40958,D13
E40959,D19
E40960,D01
E40961,D05
E40962,D16
E40963,D04
E40964,D04
E40965,D16
E40966,D05
E40967,D08
E40968,D05
E40969,D17
E40970,D17
E40971,D18
E40972,D05
E40973,D03
E40974,D03
E40975,D14
E40976,D09
E40977,D05
E40978,D08
E40979,D12
E40980,D16
E40981,D11
E40982,D11
E40983,D16
E40984,D09
E40985,D07
E40986,D04
E40987,D07
E40988,D12
E40989,D15
E40990,D17
E40991,D04
E40992,D08
E40993,D19
E40994,D11
E40995,D10
E40996,D16
E40997,D02
E40998,D05
E40999,D20
E41000,D11
E41001,D02
E41002,D11
E41003,D08
E41004,D13
E41005,D17
E41006,D12
E41007,D13
E41008,D07
E41009,D15
E41010,D02
E41011,D18
E41012,D17
E41013,D10
E41014,D18
E41015,D16
E41016,D10
E41017,D02
E41018,D06
E41019,D17
E41020,D14
E41021,D04
E41022,D15
E41023,D10
E41024,D18
E41025,D12
E41026,D18
E41027,D16
E41028,D06
E41029,D15
E41030,D20
E41031,D20
E41032,D01
E41033,D04
E41034,D13
E41035,D20
E41036,D08
E41037,D07
E41038,D16
E41039,D12
E41040,D11
E41041,D15
E41042,D01
E41043,D04
E41044,D20
E41045,D05
E41046,D20
E41047,D18
E41048,D05
E41049,D14
E41050,D14
E41051,D16
E41052,D10
E41053,D09
E41054,D15
E41055,D19
E41056,D05
E41057,D20
E41058,D19
E41059,D03
E41060,D05
E41061,D16
E41062,D11
E41063,D18
E41064,D08
E41065,D06
E41066,D18
E41067,D15
E41068,D12
E41069,D10
E41070,D13
E41071,D08
E41072,D18
E41073,D04
E41074,D09
E41075,D05
E41076,D17
E41077,D11
E41078,D13
E41079,D04
E41080,D17
E41081,D05
E41082,D03
E41083,D12
E41084,D07
E41085,D01
E41086,D07
E41087,D01
E41088,D20
E41089,D17
E41090,D18
E41091,D10
E41092,D01
E41093,D06
E41094,D20
E41095,D15
E41096,D12
E41097,D14
E41098,D02
E41099,D01
E41100,D11
E41101,D01
E41102,D16
E41103,D10
E41104,D17
E41105,D11
E41106,D08
E41107,D17
E41108,D05
E41109,D05
E41110,D18
E41111,D15
E41112,D18
E41113,D07
E41114,D05
E41115,D17
E41116,D09
E41117,D01
E41118,D03
E41119,D05
E41120,D16
E41121,D16
E41122,D10
E41123,D09
E41124,D04
E41125,D12
E41126,D14
E41127,D05
E41128,D02
E41129,D01
E41130,D03
E41131,D05
E41132,D04
E41133,D17
E41134,D02
E41135,D03
E41136,D17
E41137,D15
E41138,D18
E41139,D08
E41140,D02
E41141,D16
E41142,D18
E41143,D07
E41144,D13
E41145,D07
E41146,D05
E41147,D14
E41148,D14
E41149,D19
E41150,D04
E41151,D09
E41152,D05
E41153,D03
E41154,D06
E41155,D03
E41156,D16
E41157,D20
E41158,D16
E41159,D09
E41160,D06
E41161,D07
E41162,D17
E41163,D12
E41164,D02
E41165,D20
E41166,D16
E41167,D02
E41168,D01
E41169,D17
E41170,D15
E41171,D01
E41172,D05
E41173,D20
E41174,D18
E41175,D20
E41176,D08
E41177,D15
E41178,D05
E41179,D08
E41180,D16
E41181,D15
E41182,D03
E41183,D14
E41184,D06
E41185,D15
E41186,D03
E41187,D06
E41188,D01
E41189,D14
E41190,D10
E41191,D17
E41192,D04
E41193,D08
E41194,D02
E41195,D20
E41196,D20
E41197,D09
E41198,D15
E41199,D18
E41200,D03
E41201,D15
E41202,D05
E41203,D16
E41204,D03
E41205,D19
E41206,D02
E41207,D04
E41208,D10
E41209,D15
E41210,D03
E41211,D15
E41212,D06
E41213,D11
E41214,D07
E41215,D02
E41216,D15
E41217,D20
E41218,D20
E41219,D15
E41220,D13
E41221,D02
E41222,D10
E41223,D06
E41224,D03
E41225,D11
E41226,D04
E41227,D18
E41228,D03
E41229,D11
E41230,D17
E41231,D04
E41232,D04
E41233,D10
E41234,D20
E41235,D18
E41236,D08
E41237,D15
E41238,D18
E41239,D09
E41240,D14
E41241,D08
E41242,D06
E41243,D19
E41244,D01
E41245,D10
E41246,D12
E41247,D06
E41248,D13
E41249,D20
E41250,D06
E41251,D07
E41252,D02
E41253,D08
E41254,D16
E41255,D18
E41256,D01
E41257,D02
E41258,D10
E41259,D15
E41260,D19
E41261,D08
E41262,D15
E41263,D13
E41264,D12
E41265,D07
E41266,D06
E41267,D14
E41268,D10
E41269,D02
E41270,D18
E41271,D03
E41272,D18
E41273,D10
E41274,D16
E41275,D07
E41276,D17
E41277,D06
E41278,D01
E41279,D07
E41280,D10
E41281,D06
E41282,D10
E41283,D03
E41284,D01
E41285,D10
E41286,D11
E41287,D09
E41288,D12
E41289,D19
E41290,D11
E41291,D09
E41292,D04
E41293,D07
E41294,D20
E41295,D01
E41296,D03
E41297,D12
E41298,D16
E41299,D16
E41300,D03
E41301,D07
E41302,D10
E41303,D01
E41304,D12
E41305,D06
E41306,D20
E41307,D05
E41308,D01
E41309,D01
E41310,D01
E41311,D12
E41312,D07
E41313,D18
E41314,D04
E41315,D15
E41316,D06
E41317,D03
E41318,D08
E41319,D10
E41320,D01
E41321,D19
E41322,D05
E41323,D05
E41324,D02
E41325,D15
E41326,D07
E41327,D08
E41328,D18
E41329,D13
E41330,D20
E41331,D14
E41332,D16
E41333,D17
E41334,D18
E41335,D17
E41336,D12
E41337,D07
E41338,D01
E41339,D05
E41340,D02
E41341,D14
E41342,D20
E41343,D13
E41344,D13
E41345,D09
E41346,D04
E41347,D17
E41348,D03
E41349,D10
E41350,D18
E41351,D03
E41352,D04
E41353,D16
E41354,D01
E41355,D17
E41356,D12
E41357,D11
E41358,D19
E41359,D10
E41360,D03
E41361,D15
E41362,D08
E41363,D19
E41364,D11
E41365,D02
E41366,D17
E41367,D06
E41368,D19
E41369,D19
E41370,D08
E41371,D08
E41372,D09
E41373,D12
E41374,D16
E41375,D01
E41376,D17
E41377,D12
E41378,D03
E41379,D15
E41380,D01
E41381,D18
E41382,D17
E41383,D20
E41384,D05
E41385,D06
E41386,D03
E41387,D11
E41388,D18
E41389,D13
E41390,D04
E41391,D04
E41392,D19
E41393,D02
E41394,D03
E41395,D12
E41396,D11
E41397,D20
E41398,D02
E41399,D15
E41400,D20
E41401,D16
E41402,D20
E41403,D03
E41404,D11
E41405,D18
E41406,D02
E41407,D06
E41408,D14
E41409,D08
E41410,D13
E41411,D07
E41412,D11
E41413,D09
E41414,D13
E41415,D18
E41416,D17
E41417,D07
E41418,D20
E41419,D07
E41420,D03
E41421,D13
E41422,D13
E41423,D13
E41424,D12
E41425,D17
E41426,D16
E41427,D09
E41428,D19
E41429,D14
E41430,D09
E41431,D09
E41432,D01
E41433,D14
E41434,D06
E41435,D11
E41436,D09
E41437,D03
E41438,D03
E41439,D03
E41440,D03
E41441,D05
E41442,D06
E41443,D12
E41444,D19
E41445,D06
E41446,D12
E41447,D11
E41448,D11
E41449,D20
E41450,D04
E41451,D11
E41452,D08
E41453,D16
E41454,D10
E41455,D06
E41456,D07
E41457,D05
E41458,D11
E41459,D11
E41460,D19
E41461,D12
E41462,D12
E41463,D02
E41464,D08
E41465,D13
E41466,D13
E41467,D17
E41468,D02
E41469,D17
E41470,D14
E41471,D19
E41472,D07
E41473,D01
E41474,D10
E41475,D06
E41476,D06
E41477,D03
E41478,D20
E41479,D18
E41480,D10
E41481,D13
E41482,D04
E41483,D14
E41484,D13
E41485,D17
E41486,D18
E41487,D05
E41488,D15
E41489,D20
E41490,D18
E41491,D03
E41492,D03
E41493,D05
E41494,D05
E41495,D09
E41496,D11
E41497,D04
E41498,D20
E41499,D05
E41500,D04
E41501,D09
E41502,D09
E41503,D08
E41504,D02
E41505,D02
E41506,D04
E41507,D19
E41508,D12
E41509,D09
E41510,D06
E41511,D10
E41512,D19
E41513,D04
E41514,D10
E41515,D07
E41516,D04
E41517,D11
E41518,D14
E41519,D05
E41520,D03
E41521,D10
E41522,D09
E41523,D05
E41524,D16
E41525,D05
E41526,D19
E41527,D18
E41528,D17
E41529,D04
E41530,D05
E41531,D09
E41532,D08
E41533,D10
E41534,D06
E41535,D10
E41536,D12
E41537,D04
E41538,D10
E41539,D19
E41540,D13
E41541,D12
E41542,D02
E41543,D17
E41544,D09
E41545,D15
E41546,D10
E41547,D06
E41548,D15
E41549,D01
E41550,D07
E41551,D08
E41552,D03
E41553,D08
E41554,D13
E41555,D17
E41556,D01
E41557,D04
E41558,D01
E41559,D05
E41560,D03
E41561,D08
E41562,D07
E41563,D19
E41564,D12
E41565,D05
E41566,D11
E41567,D18
E41568,D13
E41569,D12
E41570,D17
E41571,D15
E41572,D05
E41573,D09
E41574,D09
E41575,D08
E41576,D15
E41577,D14
E41578,D14
E41579,D04
E41580,D15
E41581,D10
E41582,D18
E41583,D02
E41584,D02
E41585,D07
E41586,D02
E41587,D12
E41588,D05
E41589,D20
E41590,D11
E41591,D11
E41592,D03
E41593,D16
E41594,D07
E41595,D11
E41596,D15
E41597,D09
E41598,D19
E41599,D01
E41600,D08
E41601,D18
E41602,D20
E41603,D05
E41604,D02
E41605,D17
E41606,D17
E41607,D12
E41608,D12
E41609,D03
E41610,D12
E41611,D08
E41612,D02
E41613,D10
E41614,D04
E41615,D04
E41616,D17
E41617,D12
E41618,D18
E41619,D11
E41620,D01
E41621,D01
E41622,D10
E41623,D18
E41624,D07
E41625,D17
E41626,D11
E41627,D01
E41628,D08
E41629,D11
E41630,D05
E41631,D02
E41632,D11
E41633,D19
E41634,D07
E41635,D07
E41636,D10
E41637,D06
E41638,D07
E41639,D14
E41640,D18
E41641,D01
E41642,D11
E41643,D06
E41644,D17
E41645,D15
E41646,D10
E41647,D17
E41648,D11
E41649,D06
E41650,D12
E41651,D03
E41652,D09
E41653,D14
E41654,D13
E41655,D11
E41656,D01
E41657,D20
E41658,D11
E41659,D10
E41660,D08
E41661,D18
E41662,D19
E41663,D20
E41664,D14
E41665,D18
E41666,D08
E41667,D09
E41668,D15
E41669,D17
E41670,D14
E41671,D15
E41672,D13
E41673,D09
E41674,D13
E41675,D17
E41676,D03
E41677,D11
E41678,D08
E41679,D05
E41680,D12
E41681,D02
E41682,D16
E41683,D10
E41684,D12
E41685,D16
E41686,D20
E41687,D13
E41688,D11
E41689,D15
E41690,D06
E41691,D07
E41692,D13
E41693,D20
E41694,D18
E41695,D06
E41696,D12
E41697,D15
E41698,D19
E41699,D03
E41700,D09
E41701,D17
E41702,D19
E41703,D02
E41704,D20
E41705,D08
E41706,D12
E41707,D07
E41708,D11
E41709,D06
E41710,D04
E41711,D10
E41712,D04
E41713,D09
E41714,D13
E41715,D02
E41716,D04
E41717,D20
E41718,D18
E41719,D08
E41720,D18
E41721,D19
E41722,D18
E41723,D10
E41724,D04
E41725,D10
E41726,D03
E41727,D13
E41728,D20
E41729,D16
E41730,D08
E41731,D19
E41732,D01
E41733,D11
E41734,D11
E41735,D19
E41736,D16
E41737,D11
E41738,D01
E41739,D15
E41740,D15
E41741,D04
E41742,D13
E41743,D10
E41744,D11
E41745,D08
E41746,D01
E41747,D05
E41748,D04
E41749,D20
E41750,D14
E41751,D10
E41752,D15
E41753,D19
E41754,D03
E41755,D07
E41756,D20
E41757,D18
E41758,D02
E41759,D10
E41760,D07
E41761,D12
E41762,D13
E41763,D07
E41764,D07
E41765,D05
E41766,D11
E41767,D06
E41768,D18
E41769,D03
E41770,D09
E41771,D16
E41772,D11
E41773,D17
E41774,D04
E41775,D14
E41776,D13
E41777,D07
E41778,D03
E41779,D02
E41780,D16
E41781,D14
E41782,D10
E41783,D17
E41784,D02
E41785,D01
E41786,D13
E41787,D03
E41788,D02
E41789,D13
E41790,D14
E41791,D01
E41792,D04
E41793,D17
E41794,D02
E41795,D02
E41796,D10
E41797,D18
E41798,D13
E41799,D12
E41800,D06
E41801,D07
E41802,D17
E41803,D19
E41804,D04
E41805,D07
E41806,D08
E41807,D05
E41808,D11
E41809,D15
E41810,D05
E41811,D11
E41812,D15
E41813,D06
E41814,D14
E41815,D01
E41816,D02
E41817,D06
E41818,D14
E41819,D08
E41820,D02
E41821,D20
E41822,D15
E41823,D15
E41824,D16
E41825,D06
E41826,D10
E41827,D11
E41828,D05
E41829,D12
E41830,D09
E41831,D14
E41832,D16
E41833,D11
E41834,D11
E41835,D16
E41836,D14
E41837,D08
E41838,D13
E41839,D13
E41840,D19
E41841,D19
E41842,D06
E41843,D12
E41844,D02
E41845,D13
E41846,D16
E41847,D10
E41848,D04
E41849,D06
E41850,D04
E41851,D18
E41852,D18
E41853,D19
E41854,D01
E41855,D09
E41856,D12
E41857,D04
E41858,D08
E41859,D17
E41860,D11
E41861,D02
E41862,D18
E41863,D18
E41864,D01
E41865,D18
E41866,D11
E41867,D15
E41868,D20
E41869,D01
E41870,D02
E41871,D14
E41872,D15
E41873,D07
E41874,D19
E41875,D04
E41876,D01
E41877,D15
E41878,D04
E41879,D12
E41880,D09
E41881,D18
E41882,D19
E41883,D11
E41884,D06
E41885,D12
E41886,D15
E41887,D09
E41888,D03
E41889,D10
E41890,D01
E41891,D17
E41892,D01
E41893,D20
E41894,D02
E41895,D08
E41896,D16
E41897,D12
E41898,D11
E41899,D10
E41900,D02
E41901,D06
E41902,D05
E41903,D03
E41904,D11
E41905,D19
E41906,D16
E41907,D18
E41908,D01
E41909,D04
E41910,D04
E41911,D03
E41912,D15
E41913,D13
E41914,D08
E41915,D07
E41916,D08
E41917,D01
E41918,D08
E41919,D09
E41920,D07
E41921,D01
E41922,D04
E41923,D06
E41924,D12
E41925,D06
E41926,D13
E41927,D15
E41928,D19
E41929,D20
E41930,D19
E41931,D19
E41932,D14
E41933,D19
E41934,D11
E41935,D09
E41936,D20
E41937,D15
E41938,D18
E41939,D03
E41940,D05
E41941,D17
E41942,D12
E41943,D12
E41944,D07
E41945,D06
E41946,D02
E41947,D16
E41948,D20
E41949,D12
E41950,D07
E41951,D10
E41952,D10
E41953,D14
E41954,D12
E41955,D04
E41956,D17
E41957,D13
E41958,D18
E41959,D11
E41960,D03
E41961,D12
E41962,D10
E41963,D03
E41964,D05
E41965,D13
E41966,D07
E41967,D04
E41968,D19
E41969,D12
E41970,D17
E41971,D16
E41972,D10
E41973,D11
E41974,D14
E41975,D01
E41976,D13
E41977,D15
E41978,D18
E41979,D13
E41980,D02
E41981,D02
E41982,D19
E41983,D02
E41984,D12
E41985,D04
E41986,D12
E41987,D03
E41988,D15
E41989,D12
E41990,D17
E41991,D01
E41992,D07
E41993,D15
E41994,D09
E41995,D09
E41996,D04
E41997,D03
E41998,D10
E41999,D05
E42000,D04
E42001,D01
E42002,D19
E42003,D08
E42004,D04
E42005,D08
E42006,D08
E42007,D02
E42008,D12
E42009,D10
E42010,D07
E42011,D02
E42012,D20
E42013,D20
E42014,D01
E42015,D13
E42016,D19
E42017,D01
E42018,D05
E42019,D05
E42020,D14
E42021,D13
E42022,D05
E42023,D06
E42024,D01
E42025,D16
E42026,D12
E42027,D10
E42028,D08
E42029,D02
E42030,D02
E42031,D16
E42032,D02
E42033,D15
E42034,D06
E42035,D17
E42036,D17
E42037,D08
E42038,D11
E42039,D12
E42040,D10
E42041,D16
E42042,D12
E42043,D03
E42044,D19
E42045,D12
E42046,D19
E42047,D10
E42048,D09
E42049,D04
E42050,D12
E42051,D02
E42052,D17
E42053,D05
E42054,D05
E42055,D11
E42056,D18
E42057,D19
E42058,D19
E42059,D19
E42060,D06
E42061,D09
E42062,D02
E42063,D01
E42064,D03
E42065,D14
E42066,D07
E42067,D11
E42068,D07
E42069,D05
E42070,D07
E42071,D20
E42072,D11
E42073,D05
E42074,D17
E42075,D01
E42076,D16
E42077,D10
E42078,D18
E42079,D02
E42080,D20
E42081,D09
E42082,D08
E42083,D11
E42084,D19
E42085,D17
E42086,D19
E42087,D06
E42088,D07
E42089,D05
E42090,D20
E42091,D11
E42092,D17
E42093,D15
E42094,D01
E42095,D11
E42096,D14
E42097,D07
E42098,D07
E42099,D01
E42100,D15
E42101,D14
E42102,D15
E42103,D19
E42104,D09
E42105,D20
E42106,D09
E42107,D06
E42108,D04
E42109,D15
E42110,D11
E42111,D18
E42112,D05
E42113,D12
E42114,D06
E42115,D06
E42116,D08
E42117,D04
E42118,D02
E42119,D03
E42120,D12
E42121,D01
E42122,D05
E42123,D20
E42124,D13
E42125,D19
E42126,D12
E42127,D11
E42128,D06
E42129,D11
E42130,D04
E42131,D16
E42132,D19
E42133,D17
E42134,D20
E42135,D16
E42136,D01
E42137,D11
E42138,D05
E42139,D07
E42140,D11
E42141,D06
E42142,D13
E42143,D03
E42144,D08
E42145,D18
E42146,D04
E42147,D17
E42148,D11
E42149,D09
E42150,D11
E42151,D19
E42152,D05
E42153,D11
E42154,D08
E42155,D14
E42156,D02
E42157,D10
E42158,D08
E42159,D16
E42160,D11
E42161,D09
E42162,D12
E42163,D08
E42164,D14
E42165,D03
E42166,D19
E42167,D10
E42168,D19
E42169,D16
E42170,D08
E42171,D12
E42172,D05
E42173,D13
E42174,D08
E42175,D05
E42176,D17
E42177,D03
E42178,D15
E42179,D18
E42180,D04
E42181,D01
E42182,D11
E42183,D19
E42184,D19
E42185,D05
E42186,D15
E42187,D06
E42188,D08
E42189,D03
E42190,D05
E42191,D18
E42192,D08
E42193,D05
E42194,D16
E42195,D14
E42196,D08
E42197,D17
E42198,D14
E42199,D13
E42200,D17
E42201,D06
E42202,D09
E42203,D18
E42204,D05
E42205,D03
E42206,D15
E42207,D16
E42208,D15
E42209,D04
E42210,D08
E42211,D04
E42212,D02
E42213,D09
E42214,D01
E42215,D08
E42216,D19
E42217,D19
E42218,D08
E42219,D09
E42220,D15
E42221,D02
E42222,D02
E42223,D05
E42224,D16
E42225,D01
E42226,D11
E42227,D07
E42228,D12
E42229,D04
E42230,D08
E42231,D07
E42232,D06
E42233,D12
E42234,D07
E42235,D11
E42236,D04
E42237,D08
E42238,D10
E42239,D02
E42240,D15
E42241,D17
E42242,D04
E42243,D14
E42244,D15
E42245,D01
E42246,D10
E42247,D16
E42248,D12
E42249,D01
E42250,D01
E42251,D03
E42252,D19
E42253,D10
E42254,D03
E42255,D04
E42256,D07
E42257,D05
E42258,D06
E42259,D10
E42260,D16
E42261,D07
E42262,D20
E42263,D03
E42264,D16
E42265,D05
E42266,D18
E42267,D18
E42268,D09
E42269,D10
E42270,D18
E42271,D15
E42272,D03
E42273,D15
E42274,D18
E42275,D15
E42276,D09
E42277,D17
E42278,D07
E42279,D11
E42280,D01
E42281,D07
E42282,D19
E42283,D13
E42284,D11
E42285,D11
E42286,D06
E42287,D20
E42288,D14
E42289,D11
E42290,D02
E42291,D14
E42292,D11
E42293,D11
E42294,D03
E42295,D01
E42296,D13
E42297,D16
E42298,D08
E42299,D20
E42300,D16
E42301,D10
E42302,D09
E42303,D08
E42304,D09
E42305,D14
E42306,D01
E42307,D01
E42308,D04
E42309,D10
E42310,D12
E42311,D07
E42312,D17
E42313,D02
E42314,D02
E42315,D07
E42316,D05
E42317,D08
E42318,D09
E42319,D08
E42320,D06
E42321,D03
E42322,D19
E42323,D13
E42324,D14
E42325,D18
E42326,D10
E42327,D07
E42328,D15
E42329,D07
E42330,D06
E42331,D02
E42332,D10
E42333,D08
E42334,D15
E42335,D02
E42336,D13
E42337,D12
E42338,D04
E42339,D01
E42340,D08
E42341,D19
E42342,D09
E42343,D06
E42344,D12
E42345,D14
E42346,D14
E42347,D04
E42348,D11
E42349,D01
E42350,D14
E42351,D14
E42352,D17
E42353,D02
E42354,D06
E42355,D20
E42356,D14
E42357,D08
E42358,D02
E42359,D02
E42360,D09
E42361,D08
E42362,D13
E42363,D15
E42364,D19
E42365,D09
E42366,D16
E42367,D14
E42368,D09
E42369,D12
E42370,D14
E42371,D09
E42372,D15
E42373,D14
E42374,D14
E42375,D08
E42376,D20
E42377,D02
E42378,D11
E42379,D03
E42380,D12
E42381,D16
E42382,D14
E42383,D13
E42384,D06
E42385,D06
E42386,D14
E42387,D14
E42388,D15
E42389,D07
E42390,D10
E42391,D02
E42392,D10
E42393,D14
E42394,D07
E42395,D14
E42396,D01
E42397,D11
E42398,D05
E42399,D19
E42400,D01
E42401,D14
E42402,D01
E42403,D20
E42404,D16
E42405,D06
E42406,D17
E42407,D14
E42408,D06
E42409,D16
E42410,D07
E42411,D17
E42412,D16
E42413,D06
E42414,D09
E42415,D07
E42416,D03
E42417,D01
E42418,D18
E42419,D03
E42420,D06
E42421,D18
E42422,D14
E42423,D13
E42424,D05
E42425,D19
E42426,D19
E42427,D04
E42428,D15
E42429,D18
E42430,D02
E42431,D19
E42432,D11
E42433,D13
E42434,D07
E42435,D10
E42436,D10
E42437,D02
E42438,D08
E42439,D01
E42440,D07
E42441,D03
E42442,D05
E42443,D20
E42444,D17
E42445,D09
E42446,D12
E42447,D16
E42448,D01
E42449,D04
E42450,D08
E42451,D16
E42452,D05
E42453,D07
E42454,D11
E42455,D11
E42456,D09
E42457,D14
E42458,D13
E42459,D01
E42460,D03
E42461,D15
E42462,D17
E42463,D10
E42464,D04
E42465,D14
E42466,D01
E42467,D19
E42468,D01
E42469,D12
E42470,D09
E42471,D08
E42472,D04
E42473,D09
E42474,D16
E42475,D09
E42476,D07
E42477,D08
E42478,D12
E42479,D03
E42480,D15
E42481,D09
E42482,D12
E42483,D05
E42484,D09
E42485,D14
E42486,D06
E42487,D12
E42488,D03
E42489,D16
E42490,D17
E42491,D10
E42492,D19
E42493,D10
E42494,D10
E42495,D17
E42496,D20
E42497,D14
E42498,D14
E42499,D07
E42500,D12
E42501,D14
E42502,D20
E42503,D02
E42504,D03
E42505,D14
E42506,D02
E42507,D08
E42508,D10
E42509,D05
E42510,D09
E42511,D06
E42512,D15
E42513,D05
E42514,D18
E42515,D18
E42516,D07
E42517,D08
E42518,D11
E42519,D08
E42520,D02
E42521,D04
E42522,D04
E42523,D06
E42524,D02
E42525,D15
E42526,D16
E42527,D16
E42528,D02
E42529,D13
E42530,D06
E42531,D02
E42532,D02
E42533,D11
E42534,D06
E42535,D11
E42536,D17
E42537,D04
E42538,D20
E42539,D16
E42540,D20
E42541,D18
E42542,D15
E42543,D06
E42544,D14
E42545,D10
E42546,D19
E42547,D11
E42548,D13
E42549,D04
E42550,D04
E42551,D18
E42552,D16
E42553,D10
E42554,D03
E42555,D05
E42556,D08
E42557,D20
E42558,D14
E42559,D06
E42560,D12
E42561,D01
E42562,D08
E42563,D09
E42564,D12
E42565,D03
E42566,D02
E42567,D20
E42568,D08
E42569,D10
E42570,D03
E42571,D02
E42572,D06
E42573,D07
E42574,D07
E42575,D06
E42576,D16
E42577,D11
E42578,D10
E42579,D09
E42580,D05
E42581,D20
E42582,D14
E42583,D10
E42584,D01
E42585,D01
E42586,D06
E42587,D12
E42588,D12
E42589,D20
E42590,D04
E42591,D10
E42592,D16
E42593,D19
E42594,D09
E42595,D19
E42596,D09
E42597,D09
E42598,D19
E42599,D10
E42600,D03
E42601,D13
E42602,D17
E42603,D16
E42604,D18
E42605,D01
E42606,D04
E42607,D04
E42608,D20
E42609,D04
E42610,D01
E42611,D15
E42612,D13
E42613,D08
E42614,D19
E42615,D07
E42616,D06
E42617,D06
E42618,D19
E42619,D06
E42620,D13
E42621,D11
E42622,D06
E42623,D14
E42624,D07
E42625,D16
E42626,D16
E42627,D18
E42628,D09
E42629,D07
E42630,D03
E42631,D01
E42632,D02
E42633,D14
E42634,D15
E42635,D20
E42636,D10
E42637,D20
E42638,D08
E42639,D14
E42640,D14
E42641,D19
E42642,D18
E42643,D02
E42644,D06
E42645,D10
E42646,D02
E42647,D19
E42648,D12
E42649,D06
E42650,D08
E42651,D10
E42652,D12
E42653,D12
E42654,D09
E42655,D12
E42656,D19
E42657,D07
E42658,D10
E42659,D11
E42660,D05
E42661,D16
E42662,D13
E42663,D02
E42664,D06
E42665,D17
E42666,D11
E42667,D01
E42668,D03
E42669,D15
E42670,D16
E42671,D11
E42672,D17
E42673,D11
E42674,D15
E42675,D18
E42676,D04
E42677,D01
E42678,D18
E42679,D16
E42680,D03
E42681,D10
E42682,D20
E42683,D01
E42684,D04
E42685,D04
E42686,D15
E42687,D08
E42688,D18
E42689,D08
E42690,D11
E42691,D20
E42692,D02
E42693,D08
E42694,D20
E42695,D15
E42696,D07
E42697,D14
E42698,D09
E42699,D14
E42700,D06
E42701,D07
E42702,D17
E42703,D01
E42704,D16
E42705,D14
E42706,D19
E42707,D18
E42708,D06
E42709,D04
E42710,D03
E42711,D04
E42712,D01
E42713,D17
E42714,D20
E42715,D14
E42716,D14
E42717,D03
E42718,D18
E42719,D20
E42720,D06
E42721,D06
E42722,D03
E42723,D10
E42724,D13
E42725,D16
E42726,D05
E42727,D10
E42728,D08
E42729,D12
E42730,D18
E42731,D09
E42732,D02
E42733,D11
E42734,D06
E42735,D04
E42736,D06
E42737,D09
E42738,D02
E42739,D11
E42740,D15
E42741,D14
E42742,D07
E42743,D07
E42744,D01
E42745,D03
E42746,D14
E42747,D20
E42748,D18
E42749,D12
E42750,D02
E42751,D02
E42752,D06
E42753,D03
E42754,D19
E42755,D17
E42756,D02
E42757,D06
E42758,D20
E42759,D19
E42760,D03
E42761,D08
E42762,D06
E42763,D20
E42764,D12
E42765,D17
E42766,D10
E42767,D04
E42768,D04
E42769,D15
E42770,D19
E42771,D16
E42772,D03
E42773,D01
E42774,D10
E42775,D03
E42776,D04
E42777,D12
E42778,D11
E42779,D17
E42780,D18
E42781,D17
E42782,D11
E42783,D12
E42784,D14
E42785,D07
E42786,D04
E42787,D02
E42788,D18
E42789,D12
E42790,D19
E42791,D18
E42792,D20
E42793,D18
E42794,D20
E42795,D18
E42796,D20
E42797,D02
E42798,D15
E42799,D05
E42800,D01
E42801,D13
E42802,D17
E42803,D09
E42804,D17
E42805,D10
E42806,D14
E42807,D17
E42808,D01
E42809,D02
E42810,D04
E42811,D13
E42812,D01
E42813,D01
E42814,D03
E42815,D08
E42816,D02
E42817,D14
E42818,D08
E42819,D10
E42820,D03
E42821,D14
E42822,D17
E42823,D13
E42824,D01
E42825,D01
E42826,D16
E42827,D10
E42828,D19
E42829,D09
E42830,D16
E42831,D04
E42832,D11
E42833,D10
E42834,D08
E42835,D19
E42836,D05
E42837,D16
E42838,D19
E42839,D12
E42840,D13
E42841,D09
E42842,D04
E42843,D03
E42844,D07
E42845,D10
E42846,D06
E42847,D20
E42848,D10
E42849,D16
E42850,D08
E42851,D08
E42852,D03
E42853,D14
E42854,D15
E42855,D07
E42856,D18
E42857,D17
E42858,D05
E42859,D08
E42860,D09
E42861,D16
E42862,D01
E42863,D16
E42864,D11
E42865,D11
E42866,D07
E42867,D13
E42868,D18
E42869,D10
E42870,D12
E42871,D09
E42872,D10
E42873,D07
E42874,D06
E42875,D10
E42876,D18
E42877,D09
E42878,D05
E42879,D09
E42880,D15
E42881,D18
E42882,D17
E42883,D10
E42884,D10
E42885,D09
E42886,D13
E42887,D02
E42888,D06
E42889,D08
E42890,D08
E42891,D10
E42892,D02
E42893,D05
E42894,D12
E42895,D07
E42896,D05
E42897,D02
E42898,D10
E42899,D01
E42900,D08
E42901,D19
E42902,D06
E42903,D16
E42904,D19
E42905,D17
E42906,D16
E42907,D11
E42908,D12
E42909,D17
E42910,D10
E42911,D08
E42912,D09
E42913,D18
E42914,D04
E42915,D15
E42916,D17
E42917,D18
E42918,D04
E42919,D12
E42920,D11
E42921,D02
E42922,D11
E42923,D15
E42924,D13
E42925,D19
E42926,D10
E42927,D08
E42928,D06
E42929,D04
E42930,D03
E42931,D15
E42932,D18
E42933,D15
E42934,D10
E42935,D08
E42936,D12
E42937,D06
E42938,D15
E42939,D17
E42940,D08
E42941,D08
E42942,D18
E42943,D07
E42944,D14
E42945,D14
E42946,D06
E42947,D06
E42948,D12
E42949,D14
E42950,D09
E42951,D12
E42952,D09
E42953,D08
E42954,D07
E42955,D15
E42956,D17
E42957,D03
E42958,D08
E42959,D20
E42960,D05
E42961,D15
E42962,D09
E42963,D20
E42964,D01
E42965,D11
E42966,D11
E42967,D10
E42968,D17
E42969,D11
E42970,D11
E42971,D17
E42972,D11
E42973,D07
E42974,D18
E42975,D19
E42976,D18
E42977,D19
E42978,D05
E42979,D02
E42980,D03
E42981,D09
E42982,D08
E42983,D07
E42984,D04
E42985,D05
E42986,D10
E42987,D04
E42988,D09
E42989,D12
E42990,D14
E42991,D09
E42992,D02
E42993,D13
E42994,D16
E42995,D17
E42996,D13
E42997,D19
E42998,D19
E42999,D02
E43000,D03
E43001,D11
E43002,D02
E43003,D14
E43004,D10
E43005,D08
E43006,D01
E43007,D02
E43008,D19
E43009,D08
E43010,D07
E43011,D17
E43012,D03
E43013,D04
E43014,D12
E43015,D09
E43016,D04
E43017,D07
E43018,D17
E43019,D05
E43020,D14
E43021,D12
E43022,D11
E43023,D19
E43024,D03
E43025,D15
E43026,D13
E43027,D08
E43028,D01
E43029,D12
E43030,D01
E43031,D10
E43032,D15
E43033,D02
E43034,D13
E43035,D19
E43036,D09
E43037,D14
E43038,D06
E43039,D14
E43040,D08
E43041,D11
E43042,D06
E43043,D20
E43044,D14
E43045,D12
E43046,D10
E43047,D19
E43048,D03
E43049,D10
E43050,D07
E43051,D01
E43052,D13
E43053,D04
E43054,D04
E43055,D03
E43056,D03
E43057,D03
E43058,D13
E43059,D08
E43060,D10
E43061,D01
E43062,D06
E43063,D19
E43064,D20
E43065,D15
E43066,D15
E43067,D01
E43068,D09
E43069,D01
E43070,D01
E43071,D05
E43072,D17
E43073,D15
E43074,D15
E43075,D17
E43076,D10
E43077,D15
E43078,D06
E43079,D01
E43080,D14
E43081,D10
E43082,D04
E43083,D02
E43084,D07
E43085,D11
E43086,D03
E43087,D12
E43088,D02
E43089,D15
E43090,D03
E43091,D09
E43092,D19
E43093,D13
E43094,D10
E43095,D13
E43096,D12
E43097,D02
E43098,D20
E43099,D19
E43100,D06
E43101,D13
E43102,D01
E43103,D08
E43104,D01
E43105,D13
E43106,D12
E43107,D12
E43108,D09
E43109,D17
E43110,D13
E43111,D03
E43112,D08
E43113,D14
E43114,D18
E43115,D12
E43116,D19
E43117,D07
E43118,D08
E43119,D18
E43120,D16
E43121,D07
E43122,D17
E43123,D09
E43124,D04
E43125,D17
E43126,D15
E43127,D03
E43128,D06
E43129,D10
E43130,D15
E43131,D03
E43132,D12
E43133,D19
E43134,D09
E43135,D10
E43136,D04
E43137,D05
E43138,D19
E43139,D07
E43140,D16
E43141,D04
E43142,D01
E43143,D10
E43144,D12
E43145,D12
E43146,D16
E43147,D11
E43148,D18
E43149,D03
E43150,D02
E43151,D09
E43152,D16
E43153,D18
E43154,D05
E43155,D01
E43156,D13
E43157,D14
E43158,D02
E43159,D19
E43160,D11
E43161,D18
E43162,D20
E43163,D17
E43164,D04
E43165,D20
E43166,D13
E43167,D03
E43168,D19
E43169,D07
E43170,D07
E43171,D04
E43172,D06
E43173,D08
E43174,D07
E43175,D11
E43176,D01
E43177,D18
E43178,D02
E43179,D13
E43180,D17
E43181,D10
E43182,D09
E43183,D04
E43184,D04
E43185,D20
E43186,D19
E43187,D03
E43188,D20
E43189,D06
E43190,D17
E43191,D02
E43192,D01
E43193,D06
E43194,D14
E43195,D02
E43196,D02
E43197,D13
E43198,D20
E43199,D10
E43200,D15
E43201,D07
E43202,D17
E43203,D07
E43204,D05
E43205,D01
E43206,D06
E43207,D20
E43208,D18
E43209,D15
E43210,D20
E43211,D08
E43212,D14
E43213,D05
E43214,D20
E43215,D04
E43216,D10
E43217,D14
E43218,D07
E43219,D10
E43220,D01
E43221,D13
E43222,D11
E43223,D10
E43224,D11
E43225,D07
E43226,D13
E43227,D04
E43228,D13
E43229,D13
E43230,D20
E43231,D07
E43232,D06
E43233,D17
E43234,D10
E43235,D05
E43236,D15
E43237,D15
E43238,D05
E43239,D16
E43240,D01
E43241,D13
E43242,D17
E43243,D13
E43244,D04
E43245,D17
E43246,D09
E43247,D14
E43248,D06
E43249,D12
E43250,D12
E43251,D10
E43252,D13
E43253,D02
E43254,D17
E43255,D16
E43256,D19
E43257,D04
E43258,D13
E43259,D06
E43260,D18
E43261,D03
E43262,D14
E43263,D11
E43264,D18
E43265,D10
E43266,D15
E43267,D02
E43268,D07
E43269,D13
E43270,D08
E43271,D18
E43272,D13
E43273,D02
E43274,D16
E43275,D14
E43276,D02
E43277,D15
E43278,D09
E43279,D18
E43280,D01
E43281,D15
E43282,D07
E43283,D18
E43284,D17
E43285,D01
E43286,D08
E43287,D08
E43288,D19
E43289,D04
E43290,D14
E43291,D06
E43292,D19
E43293,D13
E43294,D06
E43295,D10
E43296,D03
E43297,D16
E43298,D07
E43299,D05
E43300,D18
E43301,D08
E43302,D08
E43303,D09
E43304,D12
E43305,D11
E43306,D13
E43307,D02
E43308,D15
E43309,D05
E43310,D18
E43311,D07
E43312,D15
E43313,D14
E43314,D11
E43315,D12
E43316,D10
E43317,D05
E43318,D14
E43319,D16
E43320,D11
E43321,D17
E43322,D12
E43323,D18
E43324,D01
E43325,D06
E43326,D12
E43327,D11
E43328,D02
E43329,D06
E43330,D13
E43331,D18
E43332,D01
E43333,D09
E43334,D12
E43335,D20
E43336,D02
E43337,D16
E43338,D20
E43339,D01
E43340,D07
E43341,D01
E43342,D06
E43343,D02
E43344,D05
E43345,D11
E43346,D12
E43347,D15
E43348,D12
E43349,D15
E43350,D17
E43351,D19
E43352,D10
E43353,D17
E43354,D12
E43355,D03
E43356,D07
E43357,D10
E43358,D01
E43359,D11
E43360,D06
E43361,D15
E43362,D06
E43363,D17
E43364,D20
E43365,D19
E43366,D20
E43367,D16
E43368,D10
E43369,D12
E43370,D04
E43371,D06
E43372,D08
E43373,D12
E43374,D07
E43375,D20
E43376,D12
E43377,D06
E43378,D02
E43379,D06
E43380,D07
E43381,D09
E43382,D08
E43383,D14
E43384,D04
E43385,D07
E43386,D17
E43387,D16
E43388,D08
E43389,D13
E43390,D12
E43391,D05
E43392,D05
E43393,D15
E43394,D13
E43395,D01
E43396,D14
E43397,D12
E43398,D07
E43399,D09
E43400,D03
E43401,D02
E43402,D19
E43403,D12
E43404,D02
E43405,D06
E43406,D06
E43407,D02
E43408,D09
E43409,D16
E43410,D03
E43411,D17
E43412,D18
E43413,D15
E43414,D11
E43415,D01
E43416,D14
E43417,D12
E43418,D16
E43419,D11
E43420,D02
E43421,D04
E43422,D19
E43423,D10
E43424,D15
E43425,D13
E43426,D06
E43427,D18
E43428,D05
E43429,D02
E43430,D10
E43431,D04
E43432,D02
E43433,D10
E43434,D07
E43435,D20
E43436,D15
E43437,D04
E43438,D19
E43439,D14
E43440,D10
E43441,D17
E43442,D01
E43443,D07
E43444,D12
E43445,D13
E43446,D11
E43447,D02
E43448,D17
E43449,D07
E43450,D02
E43451,D14
E43452,D02
E43453,D07
E43454,D05
E43455,D16
E43456,D08
E43457,D18
E43458,D01
E43459,D08
E43460,D15
E43461,D01
E43462,D20
E43463,D16
E43464,D05
E43465,D18
E43466,D04
E43467,D19
E43468,D07
E43469,D16
E43470,D14
E43471,D20
E43472,D06
E43473,D05
E43474,D12
E43475,D17
E43476,D10
E43477,D04
E43478,D15
E43479,D03
E43480,D07
E43481,D10
E43482,D17
E43483,D10
E43484,D17
E43485,D11
E43486,D15
E43487,D15
E43488,D17
E43489,D03
E43490,D18
E43491,D07
E43492,D08
E43493,D05
E43494,D18
E43495,D20
E43496,D01
E43497,D08
E43498,D18
E43499,D20
E43500,D02
E43501,D08
E43502,D13
E43503,D07
E43504,D13
E43505,D04
E43506,D17
E43507,D16
E43508,D08
E43509,D11
E43510,D18
E43511,D20
E43512,D08
E43513,D16
E43514,D01
E43515,D11
E43516,D19
E43517,D14
E43518,D14
E43519,D09
E43520,D05
E43521,D07
E43522,D09
E43523,D20
E43524,D18
E43525,D03
E43526,D20
E43527,D15
E43528,D02
E43529,D01
E43530,D04
E43531,D01
E43532,D17
E43533,D16
E43534,D20
E43535,D06
E43536,D07
E43537,D12
E43538,D15
E43539,D02
E43540,D08
E43541,D07
E43542,D05
E43543,D06
E43544,D01
E43545,D09
E43546,D07
E43547,D19
E43548,D05
E43549,D20
E43550,D09
E43551,D16
E43552,D06
E43553,D01
E43554,D01
E43555,D13
E43556,D02
E43557,D18
E43558,D09
E43559,D20
E43560,D20
E43561,D20
E43562,D04
E43563,D19
E43564,D12
E43565,D02
E43566,D04
E43567,D14
E43568,D15
E43569,D16
E43570,D04
E43571,D18
E43572,D04
E43573,D16
E43574,D20
E43575,D08
E43576,D01
E43577,D03
E43578,D15
E43579,D02
E43580,D07
E43581,D09
E43582,D16
E43583,D03
E43584,D16
E43585,D09
E43586,D19
E43587,D06
E43588,D01
E43589,D06
E43590,D08
E43591,D10
E43592,D12
E43593,D09
E43594,D16
E43595,D20
E43596,D16
E43597,D06
E43598,D13
E43599,D07
E43600,D06
E43601,D18
E43602,D18
E43603,D01
E43604,D01
E43605,D13
E43606,D07
E43607,D18
E43608,D19
E43609,D18
E43610,D11
E43611,D17
E43612,D13
E43613,D19
E43614,D11
E43615,D12
E43616,D20
E43617,D15
E43618,D09
E43619,D10
E43620,D05
E43621,D05
E43622,D20
E43623,D06
E43624,D14
E43625,D16
E43626,D20
E43627,D10
E43628,D19
E43629,D14
E43630,D12
E43631,D11
E43632,D13
E43633,D13
E43634,D02
E43635,D16
E43636,D04
E43637,D10
E43638,D01
E43639,D03
E43640,D01
E43641,D20
E43642,D15
E43643,D11
E43644,D16
E43645,D09
E43646,D12
E43647,D13
E43648,D18
E43649,D04
E43650,D13
E43651,D14
E43652,D16
E43653,D01
E43654,D19
E43655,D05
E43656,D01
E43657,D19
E43658,D04
E43659,D15
E43660,D16
E43661,D10
E43662,D14
E43663,D05
E43664,D04
E43665,D11
E43666,D01
E43667,D14
E43668,D10
E43669,D17
E43670,D07
E43671,D14
E43672,D12
E43673,D08
E43674,D12
E43675,D09
E43676,D01
E43677,D14
E43678,D14
E43679,D07
E43680,D19
E43681,D08
E43682,D01
E43683,D17
E43684,D17
E43685,D12
E43686,D16
E43687,D15
E43688,D13
E43689,D09
E43690,D20
E43691,D13
E43692,D13
E43693,D12
E43694,D20
E43695,D08
E43696,D16
E43697,D13
E43698,D02
E43699,D09
E43700,D19
E43701,D01
E43702,D08
E43703,D03
E43704,D14
E43705,D01
E43706,D01
E43707,D15
E43708,D02
E43709,D02
E43710,D14
E43711,D12
E43712,D14
E43713,D19
E43714,D03
E43715,D11
E43716,D20
E43717,D16
E43718,D12
E43719,D04
E43720,D07
E43721,D09
E43722,D04
E43723,D02
E43724,D17
E43725,D18
E43726,D05
E43727,D03
E43728,D16
E43729,D17
E43730,D19
E43731,D11
E43732,D05
E43733,D11
E43734,D01
E43735,D01
E43736,D07
E43737,D06
E43738,D14
E43739,D08
E43740,D02
E43741,D18
E43742,D12
E43743,D17
E43744,D09
E43745,D01
E43746,D10
E43747,D09
E43748,D13
E43749,D03
E43750,D03
E43751,D15
E43752,D16
E43753,D04
E43754,D02
E43755,D04
E43756,D19
E43757,D19
E43758,D14
E43759,D07
E43760,D14
E43761,D13
E43762,D16
E43763,D13
E43764,D03
E43765,D15
E43766,D06
E43767,D15
E43768,D16
E43769,D07
E43770,D05
E43771,D06
E43772,D16
E43773,D06
E43774,D16
E43775,D04
E43776,D10
E43777,D04
E43778,D12
E43779,D05
E43780,D07
E43781,D18
E43782,D14
E43783,D11
E43784,D18
E43785,D06
E43786,D04
E43787,D19
E43788,D08
E43789,D09
E43790,D05
E43791,D05
E43792,D04
E43793,D08
E43794,D09
E43795,D08
E43796,D04
E43797,D13
E43798,D07
E43799,D19
E43800,D02
E43801,D13
E43802,D12
E43803,D10
E43804,D10
E43805,D11
E43806,D18
E43807,D18
E43808,D07
E43809,D13
E43810,D05
E43811,D04
E43812,D07
E43813,D05
E43814,D08
E43815,D13
E43816,D06
E43817,D08
E43818,D02
E43819,D17
E43820,D12
E43821,D03
E43822,D16
E43823,D13
E43824,D18
E43825,D12
E43826,D06
E43827,D14
E43828,D09
E43829,D15
E43830,D08
E43831,D10
E43832,D07
E43833,D11
E43834,D16
E43835,D12
E43836,D07
E43837,D17
E43838,D01
E43839,D02
E43840,D20
E43841,D14
E43842,D02
E43843,D01
E43844,D12
E43845,D11
E43846,D16
E43847,D07
E43848,D18
E43849,D03
E43850,D04
E43851,D14
E43852,D16
E43853,D10
E43854,D15
E43855,D07
E43856,D07
E43857,D14
E43858,D02
E43859,D07
E43860,D11
E43861,D15
E43862,D04
E43863,D16
E43864,D16
E43865,D15
E43866,D10
E43867,D02
E43868,D16
E43869,D04
E43870,D17
E43871,D07
E43872,D03
E43873,D03
E43874,D07
E43875,D08
E43876,D15
E43877,D20
E43878,D11
E43879,D19
E43880,D09
E43881,D14
E43882,D11
E43883,D14
E43884,D17
E43885,D14
E43886,D19
E43887,D19
E43888,D20
E43889,D15
E43890,D03
E43891,D14
E43892,D01
E43893,D12
E43894,D17
E43895,D07
E43896,D08
E43897,D19
E43898,D16
E43899,D18
E43900,D10
E43901,D07
E43902,D03
E43903,D15
E43904,D20
E43905,D11
E43906,D16
E43907,D04
E43908,D17
E43909,D08
E43910,D05
E43911,D16
E43912,D01
E43913,D17
E43914,D17
E43915,D08
E43916,D18
E43917,D18
E43918,D01
E43919,D19
E43920,D10
E43921,D10
E43922,D14
E43923,D09
E43924,D02
E43925,D20
E43926,D08
E43927,D20
E43928,D07
E43929,D09
E43930,D17
E43931,D02
E43932,D11
E43933,D10
E43934,D08
E43935,D01
E43936,D10
E43937,D16
E43938,D04
E43939,D15
E43940,D20
E43941,D10
E43942,D13
E43943,D01
E43944,D08
E43945,D18
E43946,D11
E43947,D14
E43948,D17
E43949,D04
E43950,D20
E43951,D20
E43952,D10
E43953,D14
E43954,D20
E43955,D11
E43956,D03
E43957,D15
E43958,D16
E43959,D03
E43960,D06
E43961,D18
E43962,D14
E43963,D17
E43964,D08
E43965,D07
E43966,D13
E43967,D06
E43968,D11
E43969,D11
E43970,D09
E43971,D06
E43972,D09
E43973,D11
E43974,D17
E43975,D06
E43976,D20
E43977,D20
E43978,D01
E43979,D11
E43980,D16
E43981,D04
E43982,D11
E43983,D11
E43984,D09
E43985,D01
E43986,D12
E43987,D02
E43988,D01
E43989,D03
E43990,D06
E43991,D03
E43992,D13
E43993,D20
E43994,D07
E43995,D07
E43996,D10
E43997,D02
E43998,D12
E43999,D10
E44000,D20
E44001,D19
E44002,D16
E44003,D14
E44004,D07
E44005,D15
E44006,D20
E44007,D03
E44008,D19
E44009,D19
E44010,D13
E44011,D13
E44012,D14
E44013,D16
E44014,D01
E44015,D06
E44016,D04
E44017,D02
E44018,D13
E44019,D17
E44020,D01
E44021,D12
E44022,D10
E44023,D19
E44024,D13
E44025,D01
E44026,D07
E44027,D20
E44028,D04
E44029,D02
E44030,D17
E44031,D12
E44032,D01
E44033,D11
E44034,D01
E44035,D11
E44036,D01
E44037,D07
E44038,D07
E44039,D19
E44040,D08
E44041,D05
E44042,D01
E44043,D06
E44044,D11
E44045,D16
E44046,D18
E44047,D02
E44048,D18
E44049,D08
E44050,D03
E44051,D17
E44052,D08
E44053,D03
E44054,D14
E44055,D08
E44056,D14
E44057,D10
E44058,D18
E44059,D11
E44060,D13
E44061,D10
E44062,D07
E44063,D13
E44064,D02
E44065,D20
E44066,D07
E44067,D08
E44068,D17
E44069,D04
E44070,D18
E44071,D20
E44072,D17
E44073,D11
E44074,D11
E44075,D14
E44076,D09
E44077,D09
E44078,D03
E44079,D01
E44080,D05
E44081,D06
E44082,D04
E44083,D02
E44084,D11
E44085,D11
E44086,D11
E44087,D15
E44088,D03
E44089,D03
E44090,D05
E44091,D02
E44092,D18
E44093,D14
E44094,D16
E44095,D02
E44096,D04
E44097,D17
E44098,D18
E44099,D07
E44100,D18
E44101,D09
E44102,D11
E44103,D03
E44104,D04
E44105,D20
E44106,D01
E44107,D04
E44108,D08
E44109,D11
E44110,D08
E44111,D01
E44112,D16
E44113,D04
E44114,D14
E44115,D17
E44116,D06
E44117,D03
E44118,D10
E44119,D06
E44120,D15
E44121,D01
E44122,D03
E44123,D03
E44124,D08
E44125,D17
E44126,D05
E44127,D08
E44128,D10
E44129,D05
E44130,D15
E44131,D11
E44132,D04
E44133,D01
E44134,D10
E44135,D08
E44136,D16
E44137,D04
E44138,D10
E44139,D06
E44140,D08
E44141,D06
E44142,D14
E44143,D15
E44144,D12
E44145,D03
E44146,D17
E44147,D11
E44148,D14
E44149,D17
E44150,D09
E44151,D06
E44152,D03
E44153,D14
E44154,D07
E44155,D15
E44156,D10
E44157,D20
E44158,D15
E44159,D18
E44160,D13
E44161,D13
E44162,D03
E44163,D05
E44164,D03
E44165,D16
E44166,D19
E44167,D05
E44168,D10
E44169,D15
E44170,D11
E44171,D10
E44172,D08
E44173,D20
E44174,D06
E44175,D11
E44176,D19
E44177,D19
E44178,D08
E44179,D12
E44180,D02
E44181,D02
E44182,D01
E44183,D01
E44184,D09
E44185,D13
E44186,D20
E44187,D02
E44188,D20
E44189,D03
E44190,D12
E44191,D07
E44192,D09
E44193,D16
E44194,D03
E44195,D20
E44196,D02
E44197,D19
E44198,D16
E44199,D20
E44200,D18
E44201,D20
E44202,D12
E44203,D10
E44204,D19
E44205,D07
E44206,D08
E44207,D01
E44208,D11
E44209,D03
E44210,D03
E44211,D02
E44212,D13
E44213,D18
E44214,D16
E44215,D17
E44216,D13
E44217,D10
E44218,D11
E44219,D03
E44220,D02
E44221,D14
E44222,D19
E44223,D19
E44224,D20
E44225,D12
E44226,D03
E44227,D12
E44228,D16
E44229,D15
E44230,D04
E44231,D03
E44232,D19
E44233,D04
E44234,D19
E44235,D01
E44236,D01
E44237,D10
E44238,D07
E44239,D09
E44240,D01
E44241,D19
E44242,D13
E44243,D16
E44244,D18
E44245,D02
E44246,D08
E44247,D09
E44248,D05
E44249,D03
E44250,D11
E44251,D10
E44252,D06
E44253,D11
E44254,D10
E44255,D10
E44256,D20
E44257,D07
E44258,D02
E44259,D11
E44260,D14
E44261,D09
E44262,D05
E44263,D18
E44264,D06
E44265,D08
E44266,D17
E44267,D02
E44268,D09
E44269,D08
E44270,D08
E44271,D14
E44272,D15
E44273,D17
E44274,D07
E44275,D16
E44276,D05
E44277,D12
E44278,D07
E44279,D06
E44280,D01
E44281,D17
E44282,D02
E44283,D16
E44284,D15
E44285,D20
E44286,D08
E44287,D16
E44288,D02
E44289,D07
E44290,D03
E44291,D17
E44292,D04
E44293,D15
E44294,D13
E44295,D07
E44296,D11
E44297,D10
E44298,D03
E44299,D06
E44300,D03
E44301,D17
E44302,D06
E44303,D18
E44304,D07
E44305,D14
E44306,D03
E44307,D05
E44308,D12
E44309,D04
E44310,D14
E44311,D18
E44312,D08
E44313,D01
E44314,D02
E44315,D12
E44316,D08
E44317,D20
E44318,D14
E44319,D03
E44320,D13
E44321,D09
E44322,D14
E44323,D02
E44324,D02
E44325,D19
E44326,D07
E44327,D10
E44328,D09
E44329,D17
E44330,D08
E44331,D14
E44332,D14
E44333,D17
E44334,D01
E44335,D08
E44336,D10
E44337,D04
E44338,D02
E44339,D10
E44340,D13
E44341,D09
E44342,D18
E44343,D03
E44344,D03
E44345,D17
E44346,D12
E44347,D12
E44348,D05
E44349,D01
E44350,D18
E44351,D01
E44352,D19
E44353,D06
E44354,D04
E44355,D16
E44356,D19
E44357,D09
E44358,D11
E44359,D11
E44360,D03
E44361,D03
E44362,D10
E44363,D10
E44364,D07
E44365,D16
E44366,D09
E44367,D20
E44368,D12
E44369,D09
E44370,D06
E44371,D02
E44372,D10
E44373,D08
E44374,D13
E44375,D11
E44376,D08
E44377,D15
E44378,D06
E44379,D19
E44380,D06
E44381,D09
E44382,D19
E44383,D15
E44384,D02
E44385,D07
E44386,D04
E44387,D01
E44388,D03
E44389,D02
E44390,D05
E44391,D01
E44392,D18
E44393,D20
E44394,D04
E44395,D17
E44396,D12
E44397,D05
E44398,D12
E44399,D03
E44400,D06
E44401,D02
E44402,D20
E44403,D13
E44404,D02
E44405,D17
E44406,D08
E44407,D05
E44408,D08
E44409,D03
E44410,D04
E44411,D02
E44412,D17
E44413,D09
E44414,D02
E44415,D04
E44416,D16
E44417,D13
E44418,D03
E44419,D06
E44420,D06
E44421,D13
E44422,D18
E44423,D11
E44424,D16
E44425,D06
E44426,D01
E44427,D15
E44428,D06
E44429,D01
E44430,D05
E44431,D18
E44432,D14
E44433,D13
E44434,D05
E44435,D04
E44436,D05
E44437,D14
E44438,D13
E44439,D10
E44440,D19
E44441,D16
E44442,D11
E44443,D14
E44444,D11
E44445,D02
E44446,D05
E44447,D18
E44448,D16
E44449,D03
E44450,D13
E44451,D13
E44452,D11
E44453,D08
E44454,D20
E44455,D16
E44456,D20
E44457,D14
E44458,D17
E44459,D10
E44460,D19
E44461,D13
E44462,D12
E44463,D15
E44464,D17
E44465,D01
E44466,D03
E44467,D18
E44468,D08
E44469,D10
E44470,D01
E44471,D05
E44472,D05
E44473,D07
E44474,D12
E44475,D10
E44476,D06
E44477,D10
E44478,D19
E44479,D17
E44480,D14
E44481,D04
E44482,D05
E44483,D14
E44484,D03
E44485,D11
E44486,D10
E44487,D17
E44488,D06
E44489,D08
E44490,D17
E44491,D12
E44492,D03
E44493,D07
E44494,D13
E44495,D11
E44496,D01
E44497,D11
E44498,D06
E44499,D19
E44500,D05
E44501,D09
E44502,D15
E44503,D01
E44504,D05
E44505,D11
E44506,D19
E44507,D02
E44508,D12
E44509,D12
E44510,D08
E44511,D11
E44512,D09
E44513,D16
E44514,D08
E44515,D16
E44516,D06
E44517,D15
E44518,D09
E44519,D06
E44520,D05
E44521,D16
E44522,D03
E44523,D10
E44524,D05
E44525,D16
E44526,D04
E44527,D10
E44528,D06
E44529,D15
E44530,D15
E44531,D15
E44532,D03
E44533,D02
E44534,D11
E44535,D18
E44536,D03
E44537,D01
E44538,D09
E44539,D16
E44540,D03
E44541,D09
E44542,D13
E44543,D09
E44544,D07
E44545,D18
E44546,D03
E44547,D11
E44548,D04
E44549,D17
E44550,D01
E44551,D06
E44552,D02
E44553,D19
E44554,D11
E44555,D10
E44556,D12
E44557,D07
E44558,D01
E44559,D09
E44560,D02
E44561,D19
E44562,D09
E44563,D16
E44564,D19
E44565,D14
E44566,D13
E44567,D13
E44568,D11
E44569,D02
E44570,D10
E44571,D02
E44572,D05
E44573,D05
E44574,D02
E44575,D14
E44576,D01
E44577,D09
E44578,D16
E44579,D08
E44580,D17
E44581,D06
E44582,D10
E44583,D01
E44584,D16
E44585,D17
E44586,D05
E44587,D07
E44588,D19
E44589,D16
E44590,D10
E44591,D07
E44592,D12
E44593,D03
E44594,D10
E44595,D12
E44596,D05
E44597,D04
E44598,D19
E44599,D09
E44600,D07
E44601,D19
E44602,D04
E44603,D03
E44604,D20
E44605,D14
E44606,D07
E44607,D06
E44608,D10
E44609,D07
E44610,D13
E44611,D19
E44612,D07
E44613,D04
E44614,D06
E44615,D19
E44616,D12
E44617,D06
E44618,D05
E44619,D02
E44620,D19
E44621,D19
E44622,D18
E44623,D10
E44624,D15
E44625,D12
E44626,D15
E44627,D10
E44628,D03
E44629,D19
E44630,D20
E44631,D14
E44632,D15
E44633,D05
E44634,D16
E44635,D03
E44636,D19
E44637,D18
E44638,D06
E44639,D08
E44640,D10
E44641,D18
E44642,D12
E44643,D13
E44644,D12
E44645,D04
E44646,D17
E44647,D08
E44648,D14
E44649,D16
E44650,D16
E44651,D14
E44652,D03
E44653,D14
E44654,D19
E44655,D14
E44656,D10
E44657,D14
E44658,D17
E44659,D14
E44660,D13
E44661,D05
E44662,D19
E44663,D03
E44664,D17
E44665,D05
E44666,D01
E44667,D07
E44668,D08
E44669,D19
E44670,D11
E44671,D19
E44672,D14
E44673,D13
E44674,D02
E44675,D15
E44676,D20
E44677,D16
E44678,D02
E44679,D10
E44680,D19
E44681,D06
E44682,D03
E44683,D11
E44684,D04
E44685,D02
E44686,D02
E44687,D15
E44688,D18
E44689,D13
E44690,D12
E44691,D13
E44692,D05
E44693,D04
E44694,D17
E44695,D05
E44696,D17
E44697,D09
E44698,D14
E44699,D09
E44700,D09
E44701,D10
E44702,D07
E44703,D02
E44704,D10
E44705,D20
E44706,D06
E44707,D20
E44708,D13
E44709,D14
E44710,D09
E44711,D18
E44712,D17
E44713,D08
E44714,D08
E44715,D10
E44716,D15
E44717,D18
E44718,D02
E44719,D06
E44720,D05
E44721,D13
E44722,D11
E44723,D12
E44724,D06
E44725,D11
E44726,D11
E44727,D14
E44728,D19
E44729,D15
E44730,D11
E44731,D11
E44732,D11
E44733,D08
E44734,D20
E44735,D16
E44736,D16
E44737,D16
E44738,D03
E44739,D10
E44740,D16
E44741,D17
E44742,D02
E44743,D01
E44744,D14
E44745,D06
E44746,D08
E44747,D03
E44748,D03
E44749,D09
E44750,D05
E44751,D06
E44752,D04
E44753,D06
E44754,D15
E44755,D19
E44756,D05
E44757,D03
E44758,D19
E44759,D02
E44760,D19
E44761,D18
E44762,D04
E44763,D09
E44764,D15
E44765,D18
E44766,D06
E44767,D09
E44768,D08
E44769,D02
E44770,D16
E44771,D01
E44772,D02
E44773,D15
E44774,D07
E44775,D19
E44776,D07
E44777,D19
E44778,D03
E44779,D14
E44780,D04
E44781,D07
E44782,D06
E44783,D08
E44784,D11
E44785,D20
E44786,D07
E44787,D04
E44788,D13
E44789,D01
E44790,D04
E44791,D08
E44792,D07
E44793,D01
E44794,D01
E44795,D15
E44796,D15
E44797,D12
E44798,D02
E44799,D06
E44800,D02
E44801,D18
E44802,D19
E44803,D20
E44804,D20
E44805,D14
E44806,D07
E44807,D03
E44808,D12
E44809,D08
E44810,D14
E44811,D17
E44812,D06
E44813,D12
E44814,D11
E44815,D20
E44816,D06
E44817,D06
E44818,D15
E44819,D07
E44820,D05
E44821,D19
E44822,D16
E44823,D12
E44824,D11
E44825,D10
E44826,D12
E44827,D19
E44828,D08
E44829,D02
E44830,D02
E44831,D05
E44832,D11
E44833,D15
E44834,D06
E44835,D09
E44836,D10
E44837,D04
E44838,D11
E44839,D11
E44840,D11
E44841,D17
E44842,D10
E44843,D05
E44844,D06
E44845,D14
E44846,D03
E44847,D11
E44848,D17
E44849,D14
E44850,D02
E44851,D12
E44852,D17
E44853,D02
E44854,D04
E44855,D10
E44856,D13
E44857,D17
E44858,D13
E44859,D14
E44860,D01
E44861,D05
E44862,D04
E44863,D07
E44864,D12
E44865,D01
E44866,D17
E44867,D11
E44868,D14
E44869,D12
E44870,D04
E44871,D16
E44872,D01
E44873,D05
E44874,D05
E44875,D19
E44876,D05
E44877,D18
E44878,D20
E44879,D16
E44880,D08
E44881,D11
E44882,D20
E44883,D11
E44884,D11
E44885,D14
E44886,D16
E44887,D09
E44888,D20
E44889,D16
E44890,D18
E44891,D02
E44892,D02
E44893,D01
E44894,D03
E44895,D02
E44896,D07
E44897,D09
E44898,D11
E44899,D02
E44900,D02
E44901,D04
E44902,D18
E44903,D06
E44904,D04
E44905,D05
E44906,D19
E44907,D01
E44908,D02
E44909,D02
E44910,D09
E44911,D12
E44912,D15
E44913,D11
E44914,D17
E44915,D10
E44916,D10
E44917,D08
E44918,D03
E44919,D14
E44920,D01
E44921,D17
E44922,D15
E44923,D20
E44924,D06
E44925,D17
E44926,D19
E44927,D09
E44928,D11
E44929,D12
E44930,D02
E44931,D06
E44932,D10
E44933,D16
E44934,D05
E44935,D12
E44936,D04
E44937,D16
E44938,D14
E44939,D13
E44940,D07
E44941,D10
E44942,D16
E44943,D17
E44944,D20
E44945,D14
E44946,D15
E44947,D06
E44948,D07
E44949,D11
E44950,D02
E44951,D15
E44952,D20
E44953,D20
E44954,D05
E44955,D08
E44956,D11
E44957,D03
E44958,D04
E44959,D01
E44960,D11
E44961,D20
E44962,D15
E44963,D03
E44964,D12
E44965,D09
E44966,D19
E44967,D18
E44968,D08
E44969,D20
E44970,D03
E44971,D10
E44972,D02
E44973,D04
E44974,D03
E44975,D16
E44976,D18
E44977,D17
E44978,D06
E44979,D20
E44980,D19
E44981,D07
E44982,D17
E44983,D19
E44984,D04
E44985,D14
E44986,D02
E44987,D03
E44988,D04
E44989,D16
E44990,D10
E44991,D07
E44992,D02
E44993,D07
E44994,D18
E44995,D01
E44996,D10
E44997,D17
E44998,D14
E44999,D12
E45000,D08
E45001,D11
E45002,D10
E45003,D12
E45004,D01
E45005,D01
E45006,D12
E45007,D04
E45008,D16
E45009,D19
E45010,D20
E45011,D20
E45012,D18
E45013,D02
E45014,D14
E45015,D08
E45016,D01
E45017,D10
E45018,D06
E45019,D09
E45020,D09
E45021,D09
E45022,D04
E45023,D14
E45024,D11
E45025,D02
E45026,D18
E45027,D18
E45028,D08
E45029,D12
E45030,D14
E45031,D06
E45032,D14
E45033,D12
E45034,D04
E45035,D08
E45036,D11
E45037,D12
E45038,D13
E45039,D11
E45040,D02
E45041,D06
E45042,D16
E45043,D09
E45044,D01
E45045,D16
E45046,D16
E45047,D09
E45048,D18
E45049,D11
E45050,D20
E45051,D05
E45052,D03
E45053,D10
E45054,D18
E45055,D20
E45056,D09
E45057,D17
E45058,D01
E45059,D07
E45060,D06
E45061,D05
E45062,D14
E45063,D04
E45064,D18
E45065,D12
E45066,D18
E45067,D11
E45068,D15
E45069,D19
E45070,D15
E45071,D20
E45072,D07
E45073,D14
E45074,D19
E45075,D07
E45076,D12
E45077,D09
E45078,D02
E45079,D06
E45080,D11
E45081,D18
E45082,D10
E45083,D02
E45084,D11
E45085,D10
E45086,D06
E45087,D15
E45088,D09
E45089,D04
E45090,D03
E45091,D05
E45092,D18
E45093,D20
E45094,D05
E45095,D02
E45096,D14
E45097,D02
E45098,D06
E45099,D01
E45100,D04
E45101,D11
E45102,D15
E45103,D04
E45104,D04
E45105,D18
E45106,D08
E45107,D08
E45108,D04
E45109,D16
E45110,D13
E45111,D01
E45112,D12
E45113,D17
E45114,D15
E45115,D15
E45116,D08
E45117,D11
E45118,D03
E45119,D02
E45120,D12
E45121,D08
E45122,D13
E45123,D15
E45124,D16
E45125,D17
E45126,D11
E45127,D16
E45128,D15
E45129,D02
E45130,D06
E45131,D10
E45132,D08
E45133,D03
E45134,D19
E45135,D05
E45136,D03
E45137,D09
E45138,D09
E45139,D14
E45140,D13
E45141,D04
E45142,D03
E45143,D17
E45144,D02
E45145,D17
E45146,D03
E45147,D12
E45148,D09
E45149,D07
E45150,D19
E45151,D08
E45152,D11
E45153,D12
E45154,D11
E45155,D10
E45156,D07
E45157,D10
E45158,D02
E45159,D01
E45160,D16
E45161,D15
E45162,D11
E45163,D14
E45164,D11
E45165,D16
E45166,D12
E45167,D04
E45168,D15
E45169,D20
E45170,D06
E45171,D13
E45172,D15
E45173,D10
E45174,D05
E45175,D06
E45176,D10
E45177,D07
E45178,D06
E45179,D20
E45180,D19
E45181,D08
E45182,D05
E45183,D15
E45184,D11
E45185,D07
E45186,D14
E45187,D12
E45188,D15
E45189,D18
E45190,D18
E45191,D16
E45192,D13
E45193,D04
E45194,D08
E45195,D04
E45196,D09
E45197,D19
E45198,D14
E45199,D13
E45200,D08
E45201,D20
E45202,D01
E45203,D01
E45204,D08
E45205,D03
E45206,D07
E45207,D19
E45208,D16
E45209,D13
E45210,D20
E45211,D07
E45212,D03
E45213,D19
E45214,D12
E45215,D04
E45216,D10
E45217,D05
E45218,D02
E45219,D05
E45220,D11
E45221,D17
E45222,D08
E45223,D12
E45224,D02
E45225,D09
E45226,D06
E45227,D03
E45228,D14
E45229,D03
E45230,D20
E45231,D13
E45232,D05
E45233,D10
E45234,D08
E45235,D19
E45236,D10
E45237,D17
E45238,D09
E45239,D14
E45240,D03
E45241,D13
E45242,D03
E45243,D11
E45244,D04
E45245,D12
E45246,D14
E45247,D20
E45248,D04
E45249,D02
E45250,D20
E45251,D19
E45252,D07
E45253,D08
E45254,D11
E45255,D11
E45256,D04
E45257,D06
E45258,D06
E45259,D02
E45260,D18
E45261,D08
E45262,D11
E45263,D10
E45264,D20
E45265,D16
E45266,D20
E45267,D19
E45268,D20
E45269,D19
E45270,D14
E45271,D15
E45272,D15
E45273,D07
E45274,D05
E45275,D20
E45276,D16
E45277,D12
E45278,D15
E45279,D16
E45280,D01
E45281,D13
E45282,D07
E45283,D06
E45284,D15
E45285,D11
E45286,D08
E45287,D13
E45288,D11
E45289,D08
E45290,D16
E45291,D04
E45292,D12
E45293,D11
E45294,D16
E45295,D18
E45296,D15
E45297,D10
E45298,D13
E45299,D14
E45300,D02
E45301,D05
E45302,D13
E45303,D05
E45304,D20
E45305,D03
E45306,D09
E45307,D16
E45308,D07
E45309,D03
E45310,D12
E45311,D19
E45312,D20
E45313,D15
E45314,D17
E45315,D19
E45316,D13
E45317,D18
E45318,D03
E45319,D16
E45320,D15
E45321,D03
E45322,D03
E45323,D12
E45324,D09
E45325,D15
E45326,D13
E45327,D10
E45328,D07
E45329,D15
E45330,D09
E45331,D13
E45332,D14
E45333,D20
E45334,D19
E45335,D05
E45336,D05
E45337,D12
E45338,D19
E45339,D13
E45340,D19
E45341,D07
E45342,D19
E45343,D08
E45344,D11
E45345,D12
E45346,D19
E45347,D14
E45348,D17
E45349,D16
E45350,D07
E45351,D03
E45352,D19
E45353,D16
E45354,D08
E45355,D05
E45356,D05
E45357,D06
E45358,D02
E45359,D02
E45360,D02
E45361,D14
E45362,D04
E45363,D14
E45364,D20
E45365,D07
E45366,D06
E45367,D18
E45368,D17
E45369,D14
E45370,D15
E45371,D08
E45372,D14
E45373,D16
E45374,D16
E45375,D10
E45376,D18
E45377,D07
E45378,D08
E45379,D04
E45380,D07
E45381,D18
E45382,D01
E45383,D06
E45384,D17
E45385,D16
E45386,D18
E45387,D16
E45388,D03
E45389,D08
E45390,D15
E45391,D19
E45392,D14
E45393,D11
E45394,D02
E45395,D07
E45396,D20
E45397,D12
E45398,D02
E45399,D18
E45400,D09
E45401,D14
E45402,D02
E45403,D14
E45404,D08
E45405,D15
E45406,D12
E45407,D01
E45408,D14
E45409,D07
E45410,D05
E45411,D12
E45412,D20
E45413,D17
E45414,D10
E45415,D02
E45416,D11
E45417,D03
E45418,D05
E45419,D12
E45420,D18
E45421,D14
E45422,D13
E45423,D13
E45424,D08
E45425,D08
E45426,D05
E45427,D18
E45428,D20
E45429,D12
E45430,D14
E45431,D05
E45432,D15
E45433,D07
E45434,D17
E45435,D01
E45436,D16
E45437,D07
E45438,D01
E45439,D19
E45440,D12
E45441,D02
E45442,D08
E45443,D06
E45444,D02
E45445,D01
E45446,D12
E45447,D11
E45448,D03
E45449,D01
E45450,D12
E45451,D15
E45452,D20
E45453,D20
E45454,D04
E45455,D10
E45456,D07
E45457,D11
E45458,D02
E45459,D03
E45460,D17
E45461,D09
E45462,D07
E45463,D09
E45464,D05
E45465,D16
E45466,D16
E45467,D05
E45468,D11
E45469,D19
E45470,D02
E45471,D12
E45472,D06
E45473,D17
E45474,D05
E45475,D19
E45476,D13
E45477,D12
E45478,D07
E45479,D13
E45480,D14
E45481,D11
E45482,D16
E45483,D06
E45484,D06
E45485,D10
E45486,D17
E45487,D11
E45488,D11
E45489,D10
E45490,D02
E45491,D16
E45492,D16
E45493,D19
E45494,D01
E45495,D20
E45496,D07
E45497,D13
E45498,D18
E45499,D06
E45500,D01
E45501,D05
E45502,D09
E45503,D11
E45504,D09
E45505,D04
E45506,D18
E45507,D19
E45508,D04
E45509,D20
E45510,D17
E45511,D02
E45512,D03
E45513,D04
E45514,D01
E45515,D13
E45516,D03
E45517,D20
E45518,D04
E45519,D03
E45520,D03
E45521,D10
E45522,D16
E45523,D09
E45524,D04
E45525,D09
E45526,D20
E45527,D17
E45528,D13
E45529,D06
E45530,D15
E45531,D03
E45532,D10
E45533,D15
E45534,D01
E45535,D09
E45536,D16
E45537,D02
E45538,D05
E45539,D10
E45540,D11
E45541,D08
E45542,D07
E45543,D19
E45544,D07
E45545,D07
E45546,D14
E45547,D13
E45548,D07
E45549,D20
E45550,D09
E45551,D15
E45552,D13
E45553,D17
E45554,D09
E45555,D04
E45556,D19
E45557,D02
E45558,D03
E45559,D16
E45560,D16
E45561,D10
E45562,D05
E45563,D11
E45564,D11
E45565,D19
E45566,D16
E45567,D18
E45568,D12
E45569,D08
E45570,D11
E45571,D04
E45572,D17
E45573,D09
E45574,D11
E45575,D02
E45576,D04
E45577,D18
E45578,D04
E45579,D12
E45580,D12
E45581,D11
E45582,D18
E45583,D17
E45584,D16
E45585,D01
E45586,D03
E45587,D02
E45588,D19
E45589,D16
E45590,D16
E45591,D05
E45592,D19
E45593,D02
E45594,D05
E45595,D03
E45596,D16
E45597,D06
E45598,D15
E45599,D13
E45600,D09
E45601,D19
E45602,D07
E45603,D03
E45604,D19
E45605,D06
E45606,D10
E45607,D09
E45608,D07
E45609,D15
E45610,D12
E45611,D09
E45612,D02
E45613,D07
E45614,D07
E45615,D06
E45616,D13
E45617,D13
E45618,D05
E45619,D20
E45620,D13
E45621,D17
E45622,D19
E45623,D10
E45624,D08
E45625,D20
E45626,D19
E45627,D15
E45628,D12
E45629,D06
E45630,D13
E45631,D02
E45632,D08
E45633,D20
E45634,D12
E45635,D10
E45636,D08
E45637,D02
E45638,D20
E45639,D04
E45640,D15
E45641,D16
E45642,D13
E45643,D07
E45644,D14
E45645,D08
E45646,D12
E45647,D20
E45648,D08
E45649,D03
E45650,D15
E45651,D14
E45652,D12
E45653,D18
E45654,D02
E45655,D05
E45656,D04
E45657,D03
E45658,D13
E45659,D14
E45660,D16
E45661,D01
E45662,D12
E45663,D06
E45664,D05
E45665,D03
E45666,D20
E45667,D06
E45668,D09
E45669,D13
E45670,D15
E45671,D12
E45672,D16
E45673,D16
E45674,D16
E45675,D11
E45676,D03
E45677,D05
E45678,D01
E45679,D07
E45680,D08
E45681,D08
E45682,D14
E45683,D01
E45684,D15
E45685,D06
E45686,D05
E45687,D07
E45688,D20
E45689,D05
E45690,D01
E45691,D04
E45692,D02
E45693,D11
E45694,D05
E45695,D19
E45696,D12
E45697,D07
E45698,D16
E45699,D19
E45700,D10
E45701,D05
E45702,D05
E45703,D15
E45704,D06
E45705,D09
E45706,D15
E45707,D09
E45708,D08
E45709,D05
E45710,D13
E45711,D09
E45712,D13
E45713,D03
E45714,D07
E45715,D18
E45716,D19
E45717,D15
E45718,D14
E45719,D18
E45720,D19
E45721,D09
E45722,D19
E45723,D14
E45724,D10
E45725,D18
E45726,D20
E45727,D02
E45728,D19
E45729,D19
E45730,D19
E45731,D10
E45732,D13
E45733,D08
E45734,D08
E45735,D05
E45736,D03
E45737,D13
E45738,D01
E45739,D02
E45740,D14
E45741,D16
E45742,D05
E45743,D14
E45744,D13
E45745,D09
E45746,D14
E45747,D17
E45748,D05
E45749,D05
E45750,D08
E45751,D04
E45752,D11
E45753,D17
E45754,D17
E45755,D03
E45756,D04
E45757,D06
E45758,D12
E45759,D14
E45760,D10
E45761,D07
E45762,D09
E45763,D02
E45764,D16
E45765,D01
E45766,D20
E45767,D13
E45768,D12
E45769,D11
E45770,D19
E45771,D20
E45772,D11
E45773,D18
E45774,D18
E45775,D03
E45776,D06
E45777,D16
E45778,D17
E45779,D19
E45780,D19
E45781,D10
E45782,D10
E45783,D08
E45784,D05
E45785,D14
E45786,D16
E45787,D07
E45788,D09
E45789,D10
E45790,D11
E45791,D05
E45792,D07
E45793,D15
E45794,D11
E45795,D04
E45796,D19
E45797,D09
E45798,D06
E45799,D17
E45800,D02
E45801,D11
E45802,D05
E45803,D05
E45804,D17
E45805,D08
E45806,D04
E45807,D18
E45808,D02
E45809,D08
E45810,D07
E45811,D17
E45812,D14
E45813,D20
E45814,D02
E45815,D09
E45816,D07
E45817,D11
E45818,D03
E45819,D07
E45820,D12
E45821,D12
E45822,D10
E45823,D12
E45824,D16
E45825,D12
E45826,D15
E45827,D18
E45828,D13
E45829,D14
E45830,D11
E45831,D15
E45832,D15
E45833,D16
E45834,D09
E45835,D16
E45836,D10
E45837,D13
E45838,D18
E45839,D07
E45840,D03
E45841,D17
E45842,D04
E45843,D05
E45844,D03
E45845,D08
E45846,D10
E45847,D03
E45848,D20
E45849,D09
E45850,D04
E45851,D10
E45852,D12
E45853,D05
E45854,D04
E45855,D02
E45856,D02
E45857,D09
E45858,D02
E45859,D15
E45860,D12
E45861,D09
E45862,D15
E45863,D14
E45864,D02
E45865,D18
E45866,D18
E45867,D18
E45868,D13
E45869,D03
E45870,D02
E45871,D10
E45872,D18
E45873,D07
E45874,D11
E45875,D06
E45876,D16
E45877,D06
E45878,D01
E45879,D11
E45880,D07
E45881,D10
E45882,D19
E45883,D09
E45884,D09
E45885,D19
E45886,D13
E45887,D12
E45888,D13
E45889,D13
E45890,D11
E45891,D18
E45892,D07
E45893,D20
E45894,D04
E45895,D20
E45896,D03
E45897,D06
E45898,D07
E45899,D11
E45900,D18
E45901,D19
E45902,D04
E45903,D09
E45904,D12
E45905,D06
E45906,D16
E45907,D01
E45908,D13
E45909,D17
E45910,D18
E45911,D03
E45912,D05
E45913,D09
E45914,D16
E45915,D19
E45916,D12
E45917,D08
E45918,D11
E45919,D10
E45920,D01
E45921,D09
E45922,D06
E45923,D08
E45924,D16
E45925,D11
E45926,D07
E45927,D19
E45928,D09
E45929,D12
E45930,D03
E45931,D11
E45932,D19
E45933,D08
E45934,D12
E45935,D17
E45936,D03
E45937,D17
E45938,D08
E45939,D10
E45940,D08
E45941,D19
E45942,D01
E45943,D20
E45944,D11
E45945,D10
E45946,D04
E45947,D14
E45948,D16
E45949,D20
E45950,D16
E45951,D11
E45952,D04
E45953,D03
E45954,D08
E45955,D11
E45956,D16
E45957,D08
E45958,D20
E45959,D02
E45960,D01
E45961,D16
E45962,D08
E45963,D17
E45964,D04
E45965,D07
E45966,D02
E45967,D08
E45968,D14
E45969,D04
E45970,D11
E45971,D11
E45972,D13
E45973,D08
E45974,D19
E45975,D13
E45976,D12
E45977,D13
E45978,D19
E45979,D09
E45980,D05
E45981,D11
E45982,D12
E45983,D12
E45984,D08
E45985,D15
E45986,D12
E45987,D10
E45988,D14
E45989,D07
E45990,D07
E45991,D09
E45992,D14
E45993,D04
E45994,D15
E45995,D18
E45996,D08
E45997,D04
E45998,D20
E45999,D06
E46000,D19
E46001,D20
E46002,D15
E46003,D13
E46004,D20
E46005,D19
E46006,D19
E46007,D03
E46008,D05
E46009,D12
E46010,D12
E46011,D16
E46012,D08
E46013,D12
E46014,D18
E46015,D18
E46016,D10
E46017,D19
E46018,D01
E46019,D14
E46020,D07
E46021,D15
E46022,D05
E46023,D16
E46024,D17
E46025,D13
E46026,D20
E46027,D18
E46028,D19
E46029,D07
E46030,D08
E46031,D11
E46032,D03
E46033,D05
E46034,D09
E46035,D12
E46036,D16
E46037,D01
E46038,D18
E46039,D02
E46040,D19
E46041,D17
E46042,D15
E46043,D03
E46044,D06
E46045,D19
E46046,D20
E46047,D02
E46048,D17
E46049,D03
E46050,D08
E46051,D10
E46052,D13
E46053,D04
E46054,D04
E46055,D08
E46056,D19
E46057,D08
E46058,D17
E46059,D06
E46060,D17
E46061,D09
E46062,D02
E46063,D15
E46064,D11
E46065,D02
E46066,D01
E46067,D13
E46068,D01
E46069,D12
E46070,D20
E46071,D09
E46072,D06
E46073,D11
E46074,D07
E46075,D10
E46076,D15
E46077,D10
E46078,D01
E46079,D08
E46080,D19
E46081,D13
E46082,D15
E46083,D17
E46084,D13
E46085,D10
E46086,D15
E46087,D13
E46088,D07
E46089,D14
E46090,D15
E46091,D11
E46092,D06
E46093,D03
E46094,D09
E46095,D09
E46096,D19
E46097,D07
E46098,D19
E46099,D06
E46100,D18
E46101,D02
E46102,D01
E46103,D19
E46104,D05
E46105,D19
E46106,D09
E46107,D08
E46108,D09
E46109,D03
E46110,D01
E46111,D06
E46112,D09
E46113,D04
E46114,D03
E46115,D08
E46116,D15
E46117,D12
E46118,D10
E46119,D19
E46120,D06
E46121,D10
E46122,D18
E46123,D07
E46124,D02
E46125,D01
E46126,D18
E46127,D06
E46128,D03
E46129,D09
E46130,D07
E46131,D04
E46132,D01
E46133,D01
E46134,D12
E46135,D02
E46136,D07
E46137,D14
E46138,D04
E46139,D19
E46140,D10
E46141,D16
E46142,D20
E46143,D13
E46144,D02
E46145,D09
E46146,D11
E46147,D12
E46148,D04
E46149,D19
E46150,D17
E46151,D02
E46152,D02
E46153,D14
E46154,D02
E46155,D20
E46156,D17
E46157,D09
E46158,D11
E46159,D11
E46160,D06
E46161,D04
E46162,D18
E46163,D13
E46164,D05
E46165,D02
E46166,D14
E46167,D19
E46168,D18
E46169,D16
E46170,D20
E46171,D11
E46172,D10
E46173,D02
E46174,D18
E46175,D10
E46176,D19
E46177,D15
E46178,D02
E46179,D14
E46180,D03
E46181,D02
E46182,D06
E46183,D11
E46184,D06
E46185,D08
E46186,D16
E46187,D15
E46188,D03
E46189,D16
E46190,D14
E46191,D17
E46192,D13
E46193,D17
E46194,D07
E46195,D02
E46196,D01
E46197,D08
E46198,D09
E46199,D12
E46200,D14
E46201,D15
E46202,D06
E46203,D08
E46204,D11
E46205,D13
E46206,D09
E46207,D13
E46208,D13
E46209,D06
E46210,D05
E46211,D01
E46212,D10
E46213,D18
E46214,D04
E46215,D06
E46216,D10
E46217,D02
E46218,D12
E46219,D15
E46220,D18
E46221,D20
E46222,D13
E46223,D09
E46224,D01
E46225,D02
E46226,D12
E46227,D08
E46228,D14
E46229,D15
E46230,D13
E46231,D08
E46232,D10
E46233,D05
E46234,D05
E46235,D14
E46236,D15
E46237,D05
E46238,D14
E46239,D20
E46240,D11
E46241,D11
E46242,D15
E46243,D06
E46244,D06
E46245,D18
E46246,D18
E46247,D13
E46248,D11
E46249,D11
E46250,D14
E46251,D02
E46252,D07
E46253,D05
E46254,D06
E46255,D08
E46256,D19
E46257,D03
E46258,D05
E46259,D05
E46260,D12
E46261,D17
E46262,D11
E46263,D14
E46264,D09
E46265,D17
E46266,D17
E46267,D13
E46268,D08
E46269,D10
E46270,D05
E46271,D17
E46272,D16
E46273,D04
E46274,D12
E46275,D14
E46276,D11
E46277,D12
E46278,D18
E46279,D08
E46280,D06
E46281,D06
E46282,D18
E46283,D10
E46284,D03
E46285,D17
E46286,D09
E46287,D02
E46288,D19
E46289,D01
E46290,D16
E46291,D06
E46292,D08
E46293,D05
E46294,D03
E46295,D15
E46296,D03
E46297,D03
E46298,D02
E46299,D06
E46300,D05
E46301,D16
E46302,D09
E46303,D05
E46304,D18
E46305,D09
E46306,D20
E46307,D20
E46308,D12
E46309,D19
E46310,D14
E46311,D17
E46312,D17
E46313,D04
E46314,D05
E46315,D02
E46316,D07
E46317,D10
E46318,D19
E46319,D01
E46320,D10
E46321,D16
E46322,D08
E46323,D14
E46324,D07
E46325,D11
E46326,D15
E46327,D18
E46328,D12
E46329,D07
E46330,D20
E46331,D02
E46332,D01
E46333,D02
E46334,D15
E46335,D11
E46336,D19
E46337,D13
E46338,D14
E46339,D18
E46340,D15
E46341,D15
E46342,D15
E46343,D18
E46344,D06
E46345,D13
E46346,D10
E46347,D15
E46348,D20
E46349,D09
E46350,D13
E46351,D01
E46352,D06
E46353,D12
E46354,D10
E46355,D02
E46356,D13
E46357,D18
E46358,D01
E46359,D18
E46360,D16
E46361,D08
E46362,D07
E46363,D17
E46364,D09
E46365,D19
E46366,D10
E46367,D04
E46368,D20
E46369,D11
E46370,D20
E46371,D11
E46372,D14
E46373,D03
E46374,D13
E46375,D18
E46376,D05
E46377,D16
E46378,D19
E46379,D20
E46380,D16
E46381,D19
E46382,D16
E46383,D02
E46384,D15
E46385,D13
E46386,D10
E46387,D18
E46388,D16
E46389,D15
E46390,D07
E46391,D05
E46392,D04
E46393,D20
E46394,D11
E46395,D15
E46396,D09
E46397,D02
E46398,D20
E46399,D01
E46400,D04
E46401,D14
E46402,D18
E46403,D01
E46404,D03
E46405,D20
E46406,D20
E46407,D13
E46408,D19
E46409,D02
E46410,D05
E46411,D02
E46412,D02
E46413,D02
E46414,D06
E46415,D12
E46416,D09
E46417,D04
E46418,D09
E46419,D05
E46420,D13
E46421,D08
E46422,D13
E46423,D14
E46424,D12
E46425,D09
E46426,D18
E46427,D06
E46428,D08
E46429,D20
E46430,D06
E46431,D20
E46432,D17
E46433,D15
E46434,D03
E46435,D02
E46436,D06
E46437,D02
E46438,D07
E46439,D01
E46440,D11
E46441,D20
E46442,D13
E46443,D03
E46444,D08
E46445,D16
E46446,D14
E46447,D15
E46448,D07
E46449,D10
E46450,D14
E46451,D08
E46452,D14
E46453,D07
E46454,D02
E46455,D06
E46456,D01
E46457,D20
E46458,D17
E46459,D07
E46460,D17
E46461,D10
E46462,D05
E46463,D14
E46464,D07
E46465,D01
E46466,D03
E46467,D14
E46468,D09
E46469,D16
E46470,D12
E46471,D05
E46472,D04
E46473,D16
E46474,D06
E46475,D05
E46476,D13
E46477,D19
E46478,D06
E46479,D18
E46480,D15
E46481,D04
E46482,D07
E46483,D11
E46484,D13
E46485,D10
E46486,D04
E46487,D15
E46488,D19
E46489,D04
E46490,D16
E46491,D18
E46492,D03
E46493,D03
E46494,D01
E46495,D12
E46496,D17
E46497,D16
E46498,D11
E46499,D07
E46500,D19
E46501,D05
E46502,D17
E46503,D05
E46504,D19
E46505,D11
E46506,D04
E46507,D03
E46508,D11
E46509,D10
E46510,D11
E46511,D07
E46512,D14
E46513,D16
E46514,D06
E46515,D06
E46516,D17
E46517,D07
E46518,D01
E46519,D06
E46520,D18
E46521,D15
E46522,D07
E46523,D20
E46524,D09
E46525,D19
E46526,D05
E46527,D03
E46528,D14
E46529,D20
E46530,D18
E46531,D14
E46532,D03
E46533,D20
E46534,D12
E46535,D05
E46536,D13
E46537,D08
E46538,D04
E46539,D16
E46540,D11
E46541,D17
E46542,D09
E46543,D09
E46544,D04
E46545,D03
E46546,D08
E46547,D13
E46548,D05
E46549,D20
E46550,D20
E46551,D18
E46552,D11
E46553,D17
E46554,D07
E46555,D04
E46556,D06
E46557,D05
E46558,D19
E46559,D20
E46560,D20
E46561,D07
E46562,D10
E46563,D01
E46564,D19
E46565,D01
E46566,D03
E46567,D06
E46568,D05
E46569,D03
E46570,D01
E46571,D09
E46572,D13
E46573,D02
E46574,D05
E46575,D08
E46576,D01
E46577,D14
E46578,D18
E46579,D04
E46580,D04
E46581,D05
E46582,D09
E46583,D16
E46584,D20
E46585,D18
E46586,D05
E46587,D10
E46588,D07
E46589,D07
E46590,D16
E46591,D14
E46592,D03
E46593,D06
E46594,D03
E46595,D20
E46596,D09
E46597,D18
E46598,D02
E46599,D16
E46600,D19
E46601,D19
E46602,D02
E46603,D09
E46604,D13
E46605,D05
E46606,D14
E46607,D17
E46608,D01
E46609,D04
E46610,D19
E46611,D17
E46612,D13
E46613,D16
E46614,D07
E46615,D09
E46616,D17
E46617,D15
E46618,D01
E46619,D02
E46620,D12
E46621,D17
E46622,D14
E46623,D01
E46624,D04
E46625,D15
E46626,D02
E46627,D17
E46628,D08
E46629,D13
E46630,D18
E46631,D13
E46632,D04
E46633,D07
E46634,D19
E46635,D07
E46636,D03
E46637,D03
E46638,D12
E46639,D17
E46640,D12
E46641,D03
E46642,D14
E46643,D18
E46644,D16
E46645,D02
E46646,D11
E46647,D10
E46648,D02
E46649,D03
E46650,D13
E46651,D19
E46652,D10
E46653,D04
E46654,D10
E46655,D02
E46656,D04
E46657,D18
E46658,D10
E46659,D17
E46660,D14
E46661,D11
E46662,D08
E46663,D10
E46664,D02
E46665,D01
E46666,D18
E46667,D02
E46668,D09
E46669,D04
E46670,D13
E46671,D16
E46672,D06
E46673,D04
E46674,D07
E46675,D07
E46676,D06
E46677,D08
E46678,D09
E46679,D07
E46680,D12
E46681,D10
E46682,D01
E46683,D01
E46684,D09
E46685,D02
E46686,D07
E46687,D13
E46688,D18
E46689,D09
E46690,D04
E46691,D16
E46692,D17
E46693,D11
E46694,D05
E46695,D06
E46696,D05
E46697,D12
E46698,D15
E46699,D16
E46700,D04
E46701,D18
E46702,D06
E46703,D18
E46704,D01
E46705,D13
E46706,D09
E46707,D02
E46708,D04
E46709,D07
E46710,D19
E46711,D11
E46712,D19
E46713,D16
E46714,D06
E46715,D17
E46716,D10
E46717,D10
E46718,D18
E46719,D18
E46720,D18
E46721,D11
E46722,D15
E46723,D05
E46724,D13
E46725,D04
E46726,D06
E46727,D08
E46728,D19
E46729,D12
E46730,D06
E46731,D08
E46732,D07
E46733,D11
E46734,D01
E46735,D18
E46736,D04
E46737,D18
E46738,D15
E46739,D09
E46740,D16
E46741,D01
E46742,D15
E46743,D09
E46744,D02
E46745,D13
E46746,D08
E46747,D12
E46748,D01
E46749,D05
E46750,D20
E46751,D11
E46752,D10
E46753,D19
E46754,D04
E46755,D06
E46756,D18
E46757,D10
E46758,D11
E46759,D13
E46760,D08
E46761,D16
E46762,D13
E46763,D12
E46764,D19
E46765,D12
E46766,D13
E46767,D09
E46768,D08
E46769,D03
E46770,D08
E46771,D02
E46772,D13
E46773,D07
E46774,D04
E46775,D09
E46776,D17
E46777,D14
E46778,D05
E46779,D12
E46780,D09
E46781,D18
E46782,D12
E46783,D13
E46784,D19
E46785,D11
E46786,D10
E46787,D09
E46788,D14
E46789,D06
E46790,D04
E46791,D13
E46792,D15
E46793,D11
E46794,D02
E46795,D03
E46796,D05
E46797,D02
E46798,D02
E46799,D20
E46800,D20
E46801,D07
E46802,D15
E46803,D12
E46804,D15
E46805,D08
E46806,D12
E46807,D02
E46808,D07
E46809,D10
E46810,D06
E46811,D07
E46812,D08
E46813,D05
E46814,D01
E46815,D04
E46816,D03
E46817,D01
E46818,D18
E46819,D08
E46820,D17
E46821,D11
E46822,D07
E46823,D08
E46824,D02
E46825,D09
E46826,D13
E46827,D02
E46828,D13
E46829,D09
E46830,D07
E46831,D09
E46832,D16
E46833,D12
E46834,D06
E46835,D01
E46836,D05
E46837,D06
E46838,D15
E46839,D18
E46840,D14
E46841,D17
E46842,D13
E46843,D15
E46844,D11
E46845,D02
E46846,D13
E46847,D02
E46848,D12
E46849,D17
E46850,D01
E46851,D05
E46852,D18
E46853,D02
E46854,D08
E46855,D10
E46856,D02
E46857,D20
E46858,D12
E46859,D14
E46860,D05
E46861,D19
E46862,D16
E46863,D02
E46864,D02
E46865,D15
E46866,D20
E46867,D07
E46868,D15
E46869,D03
E46870,D05
E46871,D10
E46872,D19
E46873,D20
E46874,D15
E46875,D13
E46876,D07
E46877,D16
E46878,D14
E46879,D04
E46880,D19
E46881,D06
E46882,D13
E46883,D03
E46884,D19
E46885,D18
E46886,D13
E46887,D14
E46888,D03
E46889,D11
E46890,D17
E46891,D20
E46892,D08
E46893,D07
E46894,D19
E46895,D09
E46896,D07
E46897,D17
E46898,D02
E46899,D18
E46900,D17
E46901,D01
E46902,D02
E46903,D04
E46904,D19
E46905,D20
E46906,D18
E46907,D19
E46908,D08
E46909,D18
E46910,D03
E46911,D08
E46912,D14
E46913,D18
E46914,D03
E46915,D11
E46916,D11
E46917,D15
E46918,D06
E46919,D04
E46920,D19
E46921,D05
E46922,D13
E46923,D17
E46924,D13
E46925,D17
E46926,D12
E46927,D03
E46928,D07
E46929,D11
E46930,D07
E46931,D02
E46932,D01
E46933,D20
E46934,D14
E46935,D18
E46936,D06
E46937,D15
E46938,D01
E46939,D09
E46940,D02
E46941,D07
E46942,D13
E46943,D10
E46944,D03
E46945,D10
E46946,D09
E46947,D19
E46948,D06
E46949,D12
E46950,D07
E46951,D18
E46952,D05
E46953,D12
E46954,D19
E46955,D11
E46956,D10
E46957,D07
E46958,D19
E46959,D13
E46960,D20
E46961,D08
E46962,D14
E46963,D03
E46964,D08
E46965,D03
E46966,D19
E46967,D01
E46968,D10
E46969,D08
E46970,D09
E46971,D09
E46972,D03
E46973,D01
E46974,D19
E46975,D20
E46976,D16
E46977,D18
E46978,D12
E46979,D16
E46980,D06
E46981,D20
E46982,D13
E46983,D19
E46984,D17
E46985,D19
E46986,D08
E46987,D05
E46988,D02
E46989,D11
E46990,D17
E46991,D08
E46992,D18
E46993,D16
E46994,D10
E46995,D06
E46996,D04
E46997,D15
E46998,D13
E46999,D02
E47000,D08
E47001,D18
E47002,D08
E47003,D19
E47004,D14
E47005,D06
E47006,D20
E47007,D18
E47008,D11
E47009,D04
E47010,D16
E47011,D05
E47012,D06
E47013,D20
E47014,D19
E47015,D03
E47016,D14
E47017,D14
E47018,D20
E47019,D09
E47020,D08
E47021,D07
E47022,D17
E47023,D02
E47024,D03
E47025,D13
E47026,D20
E47027,D08
E47028,D04
E47029,D09
E47030,D16
E47031,D02
E47032,D15
E47033,D10
E47034,D02
E47035,D18
E47036,D18
E47037,D05
E47038,D13
E47039,D04
E47040,D12
E47041,D08
E47042,D17
E47043,D10
E47044,D14
E47045,D06
E47046,D20
E47047,D12
E47048,D15
E47049,D01
E47050,D20
E47051,D15
E47052,D16
E47053,D11
E47054,D13
E47055,D01
E47056,D13
E47057,D01
E47058,D13
E47059,D07
E47060,D17
E47061,D06
E47062,D19
E47063,D16
E47064,D12
E47065,D08
E47066,D07
E47067,D20
E47068,D02
E47069,D18
E47070,D03
E47071,D16
E47072,D12
E47073,D07
E47074,D15
E47075,D13
E47076,D13
E47077,D13
E47078,D15
E47079,D10
E47080,D04
E47081,D08
E47082,D13
E47083,D20
E47084,D11
E47085,D11
E47086,D18
E47087,D05
E47088,D16
E47089,D03
E47090,D07
E47091,D03
E47092,D18
E47093,D11
E47094,D20
E47095,D04
E47096,D01
E47097,D03
E47098,D17
E47099,D10
E47100,D15
E47101,D19
E47102,D02
E47103,D19
E47104,D13
E47105,D13
E47106,D02
E47107,D13
E47108,D17
E47109,D08
E47110,D04
E47111,D19
E47112,D15
E47113,D20
E47114,D14
E47115,D12
E47116,D12
E47117,D19
E47118,D17
E47119,D19
E47120,D20
E47121,D02
E47122,D19
E47123,D16
E47124,D18
E47125,D16
E47126,D10
E47127,D14
E47128,D18
E47129,D11
E47130,D20
E47131,D18
E47132,D05
E47133,D06
E47134,D06
E47135,D13
E47136,D04
E47137,D06
E47138,D19
E47139,D08
E47140,D08
E47141,D13
E47142,D04
E47143,D13
E47144,D01
E47145,D17
E47146,D13
E47147,D02
E47148,D13
E47149,D14
E47150,D13
E47151,D19
E47152,D08
E47153,D12
E47154,D16
E47155,D05
E47156,D06
E47157,D18
E47158,D12
E47159,D07
E47160,D02
E47161,D12
E47162,D08
E47163,D01
E47164,D10
E47165,D16
E47166,D08
E47167,D02
E47168,D13
E47169,D01
E47170,D08
E47171,D04
E47172,D15
E47173,D05
E47174,D10
E47175,D11
E47176,D09
E47177,D18
E47178,D09
E47179,D12
E47180,D07
E47181,D11
E47182,D20
E47183,D04
E47184,D14
E47185,D03
E47186,D10
E47187,D14
E47188,D10
E47189,D09
E47190,D07
E47191,D09
E47192,D16
E47193,D08
E47194,D17
E47195,D11
E47196,D13
E47197,D15
E47198,D17
E47199,D10
E47200,D02
E47201,D14
E47202,D14
E47203,D11
E47204,D07
E47205,D10
E47206,D16
E47207,D01
E47208,D01
E47209,D17
E47210,D10
E47211,D05
E47212,D05
E47213,D07
E47214,D20
E47215,D17
E47216,D09
E47217,D13
E47218,D15
E47219,D18
E47220,D05
E47221,D03
E47222,D12
E47223,D04
E47224,D10
E47225,D05
E47226,D20
E47227,D10
E47228,D19
E47229,D04
E47230,D12
E47231,D20
E47232,D19
E47233,D04
E47234,D20
E47235,D19
E47236,D08
E47237,D07
E47238,D13
E47239,D14
E47240,D07
E47241,D02
E47242,D12
E47243,D08
E47244,D16
E47245,D14
E47246,D07
E47247,D19
E47248,D14
E47249,D12
E47250,D02
E47251,D08
E47252,D02
E47253,D03
E47254,D19
E47255,D11
E47256,D15
E47257,D15
E47258,D07
E47259,D03
E47260,D03
E47261,D09
E47262,D09
E47263,D12
E47264,D04
E47265,D18
E47266,D18
E47267,D18
E47268,D19
E47269,D19
E47270,D11
E47271,D03
E47272,D06
E47273,D03
E47274,D15
E47275,D13
E47276,D05
E47277,D20
E47278,D10
E47279,D17
E47280,D15
E47281,D13
E47282,D05
E47283,D12
E47284,D06
E47285,D04
E47286,D15
E47287,D09
E47288,D01
E47289,D17
E47290,D15
E47291,D16
E47292,D08
E47293,D04
E47294,D20
E47295,D14
E47296,D08
E47297,D14
E47298,D03
E47299,D18
E47300,D19
E47301,D05
E47302,D15
E47303,D19
E47304,D06
E47305,D12
E47306,D12
E47307,D05
E47308,D16
E47309,D01
E47310,D09
E47311,D15
E47312,D18
E47313,D18
E47314,D05
E47315,D08
E47316,D01
E47317,D02
E47318,D15
E47319,D20
E47320,D18
E47321,D07
E47322,D12
E47323,D16
E47324,D06
E47325,D05
E47326,D06
E47327,D10
E47328,D10
E47329,D06
E47330,D06
E47331,D15
E47332,D04
E47333,D10
E47334,D02
E47335,D10
E47336,D16
E47337,D04
E47338,D01
E47339,D03
E47340,D17
E47341,D04
E47342,D12
E47343,D06
E47344,D19
E47345,D11
E47346,D13
E47347,D03
E47348,D01
E47349,D07
E47350,D05
E47351,D18
E47352,D08
E47353,D20
E47354,D20
E47355,D07
E47356,D11
E47357,D11
E47358,D10
E47359,D07
E47360,D01
E47361,D03
E47362,D09
E47363,D19
E47364,D14
E47365,D09
E47366,D08
E47367,D15
E47368,D12
E47369,D03
E47370,D15
E47371,D15
E47372,D18
E47373,D07
E47374,D19
E47375,D02
E47376,D03
E47377,D16
E47378,D06
E47379,D17
E47380,D11
E47381,D05
E47382,D13
E47383,D09
E47384,D09
E47385,D18
E47386,D15
E47387,D02
E47388,D10
E47389,D15
E47390,D17
E47391,D12
E47392,D08
E47393,D08
E47394,D16
E47395,D02
E47396,D01
E47397,D03
E47398,D15
E47399,D01
E47400,D16
E47401,D17
E47402,D09
E47403,D11
E47404,D06
E47405,D06
E47406,D07
E47407,D06
E47408,D04
E47409,D16
E47410,D08
E47411,D10
E47412,D08
E47413,D17
E47414,D09
E47415,D17
E47416,D07
E47417,D14
E47418,D12
E47419,D11
E47420,D01
E47421,D04
E47422,D17
E47423,D10
E47424,D13
E47425,D15
E47426,D01
E47427,D13
E47428,D14
E47429,D08
E47430,D01
E47431,D14
E47432,D03
E47433,D20
E47434,D14
E47435,D08
E47436,D02
E47437,D18
E47438,D11
E47439,D05
E47440,D15
E47441,D03
E47442,D18
E47443,D09
E47444,D11
E47445,D14
E47446,D15
E47447,D15
E47448,D01
E47449,D17
E47450,D17
E47451,D06
E47452,D10
E47453,D04
E47454,D18
E47455,D13
E47456,D16
E47457,D09
E47458,D06
E47459,D13
E47460,D10
E47461,D16
E47462,D19
E47463,D18
E47464,D20
E47465,D07
E47466,D07
E47467,D10
E47468,D10
E47469,D03
E47470,D07
E47471,D12
E47472,D20
E47473,D06
E47474,D05
E47475,D01
E47476,D09
E47477,D17
E47478,D10
E47479,D11
E47480,D05
E47481,D06
E47482,D17
E47483,D12
E47484,D13
E47485,D11
E47486,D14
E47487,D10
E47488,D20
E47489,D02
E47490,D16
E47491,D14
E47492,D03
E47493,D14
E47494,D04
E47495,D20
E47496,D06
E47497,D10
E47498,D06
E47499,D01
E47500,D15
E47501,D14
E47502,D02
E47503,D06
E47504,D13
E47505,D12
E47506,D02
E47507,D10
E47508,D13
E47509,D07
E47510,D11
E47511,D08
E47512,D10
E47513,D15
E47514,D03
E47515,D11
E47516,D01
E47517,D19
E47518,D20
E47519,D03
E47520,D19
E47521,D18
E47522,D20
E47523,D05
E47524,D07
E47525,D20
E47526,D10
E47527,D06
E47528,D17
E47529,D04
E47530,D18
E47531,D15
E47532,D05
E47533,D03
E47534,D08
E47535,D19
E47536,D05
E47537,D10
E47538,D09
E47539,D18
E47540,D03
E47541,D06
E47542,D11
E47543,D11
E47544,D11
E47545,D10
E47546,D02
E47547,D09
E47548,D13
E47549,D14
E47550,D12
E47551,D20
E47552,D17
E47553,D18
E47554,D14
E47555,D02
E47556,D06
E47557,D14
E47558,D15
E47559,D06
E47560,D18
E47561,D05
E47562,D16
E47563,D18
E47564,D05
E47565,D05
E47566,D09
E47567,D14
E47568,D09
E47569,D04
E47570,D05
E47571,D18
E47572,D12
E47573,D20
E47574,D04
E47575,D12
E47576,D06
E47577,D09
E47578,D13
E47579,D06
E47580,D20
E47581,D15
E47582,D19
E47583,D17
E47584,D19
E47585,D19
E47586,D13
E47587,D01
E47588,D16
E47589,D19
E47590,D10
E47591,D16
E47592,D19
E47593,D12
E47594,D03
E47595,D10
E47596,D08
E47597,D02
E47598,D07
E47599,D10
E47600,D13
E47601,D18
E47602,D09
E47603,D06
E47604,D06
E47605,D03
E47606,D16
E47607,D20
E47608,D16
E47609,D11
E47610,D03
E47611,D20
E47612,D07
E47613,D15
E47614,D14
E47615,D08
E47616,D08
E47617,D03
E47618,D15
E47619,D14
E47620,D07
E47621,D15
E47622,D05
E47623,D11
E47624,D17
E47625,D04
E47626,D07
E47627,D17
E47628,D13
E47629,D09
E47630,D19
E47631,D08
E47632,D06
E47633,D09
E47634,D08
E47635,D03
E47636,D08
E47637,D06
E47638,D20
E47639,D13
E47640,D17
E47641,D12
E47642,D06
E47643,D06
E47644,D17
E47645,D15
E47646,D08
E47647,D10
E47648,D09
E47649,D01
E47650,D12
E47651,D13
E47652,D17
E47653,D20
E47654,D20
E47655,D01
E47656,D05
E47657,D04
E47658,D05
E47659,D10
E47660,D06
E47661,D14
E47662,D08
E47663,D17
E47664,D01
E47665,D07
E47666,D02
E47667,D02
E47668,D05
E47669,D18
E47670,D13
E47671,D09
E47672,D14
E47673,D17
E47674,D20
E47675,D11
E47676,D12
E47677,D08
E47678,D15
E47679,D19
E47680,D14
E47681,D12
E47682,D18
E47683,D12
E47684,D12
E47685,D18
E47686,D03
E47687,D18
E47688,D09
E47689,D09
E47690,D01
E47691,D11
E47692,D12
E47693,D14
E47694,D08
E47695,D06
E47696,D20
E47697,D09
E47698,D18
E47699,D06
E47700,D14
E47701,D17
E47702,D17
E47703,D11
E47704,D03
E47705,D05
E47706,D09
E47707,D04
E47708,D11
E47709,D16
E47710,D17
E47711,D12
E47712,D19
E47713,D10
E47714,D05
E47715,D12
E47716,D06
E47717,D18
E47718,D05
E47719,D04
E47720,D14
E47721,D19
E47722,D15
E47723,D09
E47724,D10
E47725,D13
E47726,D01
E47727,D04
E47728,D19
E47729,D08
E47730,D17
E47731,D06
E47732,D07
E47733,D03
E47734,D08
E47735,D20
E47736,D07
E47737,D08
E47738,D08
E47739,D17
E47740,D14
E47741,D08
E47742,D06
E47743,D05
E47744,D18
E47745,D16
E47746,D12
E47747,D11
E47748,D05
E47749,D19
E47750,D09
E47751,D10
E47752,D03
E47753,D16
E47754,D13
E47755,D06
E47756,D16
E47757,D01
E47758,D07
E47759,D01
E47760,D09
E47761,D19
E47762,D07
E47763,D07
E47764,D19
E47765,D19
E47766,D12
E47767,D07
E47768,D12
E47769,D14
E47770,D04
E47771,D04
E47772,D18
E47773,D06
E47774,D09
E47775,D18
E47776,D10
E47777,D12
E47778,D02
E47779,D05
E47780,D11
E47781,D10
E47782,D08
E47783,D11
E47784,D12
E47785,D06
E47786,D04
E47787,D05
E47788,D08
E47789,D17
E47790,D01
E47791,D19
E47792,D15
E47793,D10
E47794,D05
E47795,D18
E47796,D06
E47797,D07
E47798,D03
E47799,D20
E47800,D13
E47801,D02
E47802,D05
E47803,D13
E47804,D13
E47805,D16
E47806,D09
E47807,D09
E47808,D06
E47809,D17
E47810,D15
E47811,D13
E47812,D08
E47813,D18
E47814,D15
E47815,D01
E47816,D18
E47817,D03
E47818,D18
E47819,D18
E47820,D02
E47821,D20
E47822,D01
E47823,D19
E47824,D10
E47825,D15
E47826,D08
E47827,D02
E47828,D17
E47829,D14
E47830,D14
E47831,D10
E47832,D13
E47833,D12
E47834,D01
E47835,D08
E47836,D07
E47837,D15
E47838,D02
E47839,D06
E47840,D11
E47841,D11
E47842,D16
E47843,D14
E47844,D03
E47845,D02
E47846,D11
E47847,D11
E47848,D09
E47849,D07
E47850,D05
E47851,D07
E47852,D19
E47853,D11
E47854,D13
E47855,D13
E47856,D19
E47857,D20
E47858,D03
E47859,D11
E47860,D04
E47861,D15
E47862,D01
E47863,D04
E47864,D02
E47865,D03
E47866,D06
E47867,D06
E47868,D14
E47869,D12
E47870,D01
E47871,D03
E47872,D13
E47873,D19
E47874,D07
E47875,D04
E47876,D14
E47877,D06
E47878,D17
E47879,D14
E47880,D07
E47881,D10
E47882,D02
E47883,D16
E47884,D20
E47885,D10
E47886,D17
E47887,D08
E47888,D19
E47889,D10
E47890,D06
E47891,D15
E47892,D19
E47893,D18
E47894,D16
E47895,D05
E47896,D09
E47897,D03
E47898,D16
E47899,D02
E47900,D18
E47901,D09
E47902,D17
E47903,D06
E47904,D01
E47905,D11
E47906,D01
E47907,D09
E47908,D03
E47909,D12
E47910,D09
E47911,D02
E47912,D13
E47913,D06
E47914,D09
E47915,D09
E47916,D10
E47917,D04
E47918,D18
E47919,D19
E47920,D12
E47921,D01
E47922,D04
E47923,D07
E47924,D08
E47925,D08
E47926,D10
E47927,D06
E47928,D05
E47929,D18
E47930,D03
E47931,D09
E47932,D20
E47933,D05
E47934,D17
E47935,D03
E47936,D18
E47937,D15
E47938,D01
E47939,D13
E47940,D06
E47941,D14
E47942,D14
E47943,D10
E47944,D09
E47945,D12
E47946,D02
E47947,D17
E47948,D06
E47949,D15
E47950,D13
E47951,D06
E47952,D08
E47953,D14
E47954,D17
E47955,D06
E47956,D06
E47957,D19
E47958,D05
E47959,D16
E47960,D09
E47961,D11
E47962,D11
E47963,D20
E47964,D14
E47965,D11
E47966,D09
E47967,D12
E47968,D10
E47969,D13
E47970,D08
E47971,D15
E47972,D02
E47973,D02
E47974,D17
E47975,D05
E47976,D18
E47977,D20
E47978,D05
E47979,D08
E47980,D09
E47981,D17
E47982,D13
E47983,D13
E47984,D10
E47985,D07
E47986,D16
E47987,D12
E47988,D15
E47989,D16
E47990,D13
E47991,D15
E47992,D13
E47993,D15
E47994,D20
E47995,D19
E47996,D11
E47997,D03
E47998,D14
E47999,D11
E48000,D10
E48001,D15
E48002,D07
E48003,D11
E48004,D19
E48005,D18
E48006,D11
E48007,D06
E48008,D05
E48009,D05
E48010,D17
E48011,D02
E48012,D13
E48013,D15
E48014,D11
E48015,D01
E48016,D03
E48017,D01
E48018,D05
E48019,D05
E48020,D08
E48021,D16
E48022,D18
E48023,D09
E48024,D06
E48025,D17
E48026,D17
E48027,D14
E48028,D02
E48029,D06
E48030,D01
E48031,D15
E48032,D15
E48033,D20
E48034,D20
E48035,D16
E48036,D18
E48037,D10
E48038,D14
E48039,D15
E48040,D04
E48041,D16
E48042,D09
E48043,D10
E48044,D03
E48045,D13
E48046,D08
E48047,D14
E48048,D13
E48049,D07
E48050,D06
E48051,D03
E48052,D11
E48053,D02
E48054,D18
E48055,D11
E48056,D05
E48057,D13
E48058,D17
E48059,D13
E48060,D07
E48061,D10
E48062,D10
E48063,D01
E48064,D07
E48065,D10
E48066,D18
E48067,D06
E48068,D02
E48069,D09
E48070,D08
E48071,D02
E48072,D07
E48073,D16
E48074,D13
E48075,D19
E48076,D10
E48077,D14
E48078,D19
E48079,D04
E48080,D17
E48081,D10
E48082,D03
E48083,D19
E48084,D03
E48085,D18
E48086,D14
E48087,D10
E48088,D07
E48089,D03
E48090,D03
E48091,D10
E48092,D13
E48093,D02
E48094,D01
E48095,D15
E48096,D19
E48097,D15
E48098,D13
E48099,D18
E48100,D17
E48101,D18
E48102,D17
E48103,D02
E48104,D07
E48105,D10
E48106,D07
E48107,D03
E48108,D19
E48109,D09
E48110,D02
E48111,D04
E48112,D18
E48113,D10
E48114,D04
E48115,D03
E48116,D06
E48117,D13
E48118,D03
E48119,D06
E48120,D03
E48121,D05
E48122,D02
E48123,D16
E48124,D19
E48125,D18
E48126,D12
E48127,D18
E48128,D04
E48129,D13
E48130,D03
E48131,D13
E48132,D04
E48133,D07
E48134,D14
E48135,D10
E48136,D07
E48137,D18
E48138,D11
E48139,D02
E48140,D18
E48141,D16
E48142,D09
E48143,D15
E48144,D08
E48145,D10
E48146,D08
E48147,D01
E48148,D06
E48149,D10
E48150,D17
E48151,D04
E48152,D02
E48153,D13
E48154,D13
E48155,D02
E48156,D12
E48157,D06
E48158,D01
E48159,D10
E48160,D15
E48161,D10
E48162,D09
E48163,D03
E48164,D11
E48165,D06
E48166,D16
E48167,D09
E48168,D16
E48169,D14
E48170,D19
E48171,D20
E48172,D10
E48173,D16
E48174,D16
E48175,D06
E48176,D17
E48177,D17
E48178,D17
E48179,D01
E48180,D17
E48181,D17
E48182,D16
E48183,D17
E48184,D08
E48185,D08
E48186,D16
E48187,D05
E48188,D09
E48189,D14
E48190,D18
E48191,D18
E48192,D05
E48193,D14
E48194,D20
E48195,D03
E48196,D05
E48197,D01
E48198,D05
E48199,D10
E48200,D19
E48201,D11
E48202,D03
E48203,D17
E48204,D04
E48205,D19
E48206,D04
E48207,D18
E48208,D02
E48209,D12
E48210,D05
E48211,D16
E48212,D14
E48213,D06
E48214,D13
E48215,D13
E48216,D10
E48217,D20
E48218,D04
E48219,D07
E48220,D05
E48221,D09
E48222,D12
E48223,D08
E48224,D17
E48225,D16
E48226,D15
E48227,D05
E48228,D17
E48229,D15
E48230,D03
E48231,D15
E48232,D05
E48233,D15
E48234,D19
E48235,D12
E48236,D18
E48237,D08
E48238,D07
E48239,D11
E48240,D08
E48241,D19
E48242,D08
E48243,D20
E48244,D15
E48245,D20
E48246,D09
E48247,D20
E48248,D07
E48249,D10
E48250,D03
E48251,D07
E48252,D09
E48253,D13
E48254,D10
E48255,D12
E48256,D03
E48257,D08
E48258,D03
E48259,D15
E48260,D19
E48261,D13
E48262,D15
E48263,D02
E48264,D12
E48265,D07
E48266,D01
E48267,D11
E48268,D20
E48269,D19
E48270,D07
E48271,D16
E48272,D07
E48273,D09
E48274,D15
E48275,D17
E48276,D08
E48277,D06
E48278,D08
E48279,D13
E48280,D01
E48281,D06
E48282,D08
E48283,D06
E48284,D20
E48285,D16
E48286,D10
E48287,D09
E48288,D20
E48289,D01
E48290,D10
E48291,D17
E48292,D13
E48293,D01
E48294,D05
E48295,D16
E48296,D01
E48297,D16
E48298,D16
E48299,D09
E48300,D07
E48301,D05
E48302,D16
E48303,D09
E48304,D20
E48305,D20
E48306,D04
E48307,D05
E48308,D08
E48309,D15
E48310,D11
E48311,D19
E48312,D15
E48313,D10
E48314,D02
E48315,D13
E48316,D20
E48317,D18
E48318,D16
E48319,D14
E48320,D11
E48321,D01
E48322,D02
E48323,D09
E48324,D07
E48325,D15
E48326,D08
E48327,D09
E48328,D17
E48329,D20
E48330,D11
E48331,D12
E48332,D13
E48333,D09
E48334,D04
E48335,D02
E48336,D10
E48337,D08
E48338,D12
E48339,D02
E48340,D15
E48341,D09
E48342,D14
E48343,D08
E48344,D10
E48345,D04
E48346,D13
E48347,D13
E48348,D11
E48349,D15
E48350,D14
E48351,D13
E48352,D16
E48353,D18
E48354,D13
E48355,D07
E48356,D17
E48357,D01
E48358,D05
E48359,D18
E48360,D01
E48361,D09
E48362,D10
E48363,D07
E48364,D01
E48365,D19
E48366,D14
E48367,D07
E48368,D18
E48369,D14
E48370,D20
E48371,D16
E48372,D08
E48373,D19
E48374,D19
E48375,D20
E48376,D04
E48377,D06
E48378,D04
E48379,D08
E48380,D06
E48381,D16
E48382,D05
E48383,D16
E48384,D20
E48385,D13
E48386,D13
E48387,D10
E48388,D19
E48389,D07
E48390,D20
E48391,D11
E48392,D17
E48393,D13
E48394,D09
E48395,D07
E48396,D17
E48397,D03
E48398,D16
E48399,D13
E48400,D09
E48401,D07
E48402,D17
E48403,D05
E48404,D04
E48405,D07
E48406,D02
E48407,D10
E48408,D05
E48409,D19
E48410,D01
E48411,D14
E48412,D09
E48413,D02
E48414,D13
E48415,D10
E48416,D07
E48417,D14
E48418,D13
E48419,D08
E48420,D07
E48421,D11
E48422,D06
E48423,D07
E48424,D06
E48425,D04
E48426,D07
E48427,D08
E48428,D10
E48429,D20
E48430,D01
E48431,D04
E48432,D17
E48433,D03
E48434,D12
E48435,D10
E48436,D16
E48437,D17
E48438,D13
E48439,D13
E48440,D19
E48441,D20
E48442,D04
E48443,D14
E48444,D01
E48445,D02
E48446,D03
E48447,D02
E48448,D02
E48449,D06
E48450,D06
E48451,D10
E48452,D13
E48453,D06
E48454,D12
E48455,D16
E48456,D19
E48457,D10
E48458,D13
E48459,D06
E48460,D20
E48461,D17
E48462,D20
E48463,D11
E48464,D13
E48465,D05
E48466,D09
E48467,D06
E48468,D20
E48469,D19
E48470,D08
E48471,D01
E48472,D01
E48473,D01
E48474,D13
E48475,D06
E48476,D08
E48477,D01
E48478,D07
E48479,D19
E48480,D10
E48481,D09
E48482,D09
E48483,D15
E48484,D03
E48485,D17
E48486,D17
E48487,D10
E48488,D02
E48489,D18
E48490,D17
E48491,D02
E48492,D13
E48493,D08
E48494,D07
E48495,D17
E48496,D13
E48497,D10
E48498,D08
E48499,D04
E48500,D09
E48501,D15
E48502,D02
E48503,D10
E48504,D18
E48505,D04
E48506,D01
E48507,D15
E48508,D19
E48509,D01
E48510,D02
E48511,D05
E48512,D20
E48513,D09
E48514,D04
E48515,D02
E48516,D18
E48517,D14
E48518,D13
E48519,D10
E48520,D13
E48521,D06
E48522,D02
E48523,D03
E48524,D11
E48525,D15
E48526,D16
E48527,D18
E48528,D06
E48529,D17
E48530,D02
E48531,D09
E48532,D14
E48533,D01
E48534,D01
E48535,D10
E48536,D17
E48537,D18
E48538,D09
E48539,D15
E48540,D14
E48541,D14
E48542,D04
E48543,D10
E48544,D05
E48545,D10
E48546,D04
E48547,D06
E48548,D16
E48549,D05
E48550,D07
E48551,D11
E48552,D07
E48553,D20
E48554,D20
E48555,D13
E48556,D19
E48557,D06
E48558,D05
E48559,D20
E48560,D11
E48561,D20
E48562,D02
E48563,D10
E48564,D11
E48565,D05
E48566,D14
E48567,D14
E48568,D11
E48569,D17
E48570,D20
E48571,D13
E48572,D04
E48573,D13
E48574,D03
E48575,D17
E48576,D15
E48577,D02
E48578,D17
E48579,D01
E48580,D03
E48581,D14
E48582,D10
E48583,D08
E48584,D17
E48585,D10
E48586,D12
E48587,D08
E48588,D08
E48589,D01
E48590,D18
E48591,D10
E48592,D01
E48593,D14
E48594,D07
E48595,D06
E48596,D18
E48597,D07
E48598,D03
E48599,D07
E48600,D10
E48601,D09
E48602,D17
E48603,D13
E48604,D16
E48605,D18
E48606,D11
E48607,D11
E48608,D11
E48609,D10
E48610,D09
E48611,D11
E48612,D12
E48613,D19
E48614,D14
E48615,D16
E48616,D13
E48617,D09
E48618,D01
E48619,D02
E48620,D14
E48621,D18
E48622,D03
E48623,D05
E48624,D01
E48625,D13
E48626,D07
E48627,D09
E48628,D06
E48629,D11
E48630,D03
E48631,D16
E48632,D02
E48633,D20
E48634,D10
E48635,D16
E48636,D08
E48637,D18
E48638,D01
E48639,D02
E48640,D10
E48641,D19
E48642,D18
E48643,D17
E48644,D13
E48645,D19
E48646,D07
E48647,D02
E48648,D15
E48649,D08
E48650,D17
E48651,D06
E48652,D05
E48653,D04
E48654,D05
E48655,D02
E48656,D19
E48657,D04
E48658,D11
E48659,D12
E48660,D02
E48661,D11
E48662,D01
E48663,D16
E48664,D17
E48665,D04
E48666,D06
E48667,D12
E48668,D03
E48669,D09
E48670,D08
E48671,D15
E48672,D16
E48673,D07
E48674,D08
E48675,D07
E48676,D20
E48677,D09
E48678,D19
E48679,D16
E48680,D16
E48681,D05
E48682,D11
E48683,D02
E48684,D18
E48685,D05
E48686,D10
E48687,D10
E48688,D08
E48689,D03
E48690,D09
E48691,D07
E48692,D18
E48693,D19
E48694,D09
E48695,D20
E48696,D14
E48697,D18
E48698,D11
E48699,D13
E48700,D17
E48701,D16
E48702,D12
E48703,D18
E48704,D19
E48705,D20
E48706,D10
E48707,D02
E48708,D17
E48709,D02
E48710,D05
E48711,D16
E48712,D12
E48713,D18
E48714,D15
E48715,D08
E48716,D05
E48717,D02
E48718,D01
E48719,D06
E48720,D06
E48721,D20
E48722,D09
E48723,D17
E48724,D18
E48725,D11
E48726,D08
E48727,D15
E48728,D10
E48729,D14
E48730,D13
E48731,D13
E48732,D20
E48733,D05
E48734,D12
E48735,D03
E48736,D03
E48737,D09
E48738,D06
E48739,D16
E48740,D03
E48741,D16
E48742,D18
E48743,D06
E48744,D07
E48745,D08
E48746,D20
E48747,D04
E48748,D08
E48749,D05
E48750,D07
E48751,D16
E48752,D16
E48753,D18
E48754,D13
E48755,D05
E48756,D06
E48757,D10
E48758,D19
E48759,D04
E48760,D01
E48761,D11
E48762,D16
E48763,D11
E48764,D06
E48765,D17
E48766,D09
E48767,D04
E48768,D14
E48769,D12
E48770,D18
E48771,D18
E48772,D18
E48773,D13
E48774,D04
E48775,D20
E48776,D07
E48777,D06
E48778,D11
E48779,D13
E48780,D19
E48781,D13
E48782,D11
E48783,D15
E48784,D04
E48785,D16
E48786,D19
E48787,D01
E48788,D07
E48789,D17
E48790,D19
E48791,D01
E48792,D02
E48793,D17
E48794,D05
E48795,D14
E48796,D14
E48797,D15
E48798,D16
E48799,D04
E48800,D06
E48801,D01
E48802,D09
E48803,D07
E48804,D19
E48805,D02
E48806,D11
E48807,D11
E48808,D10
E48809,D20
E48810,D10
E48811,D02
E48812,D03
E48813,D12
E48814,D14
E48815,D07
E48816,D07
E48817,D10
E48818,D07
E48819,D09
E48820,D02
E48821,D16
E48822,D02
E48823,D15
E48824,D19
E48825,D02
E48826,D11
E48827,D16
E48828,D09
E48829,D18
E48830,D12
E48831,D07
E48832,D16
E48833,D05
E48834,D03
E48835,D06
E48836,D18
E48837,D08
E48838,D17
E48839,D02
E48840,D15
E48841,D09
E48842,D20
E48843,D19
E48844,D07
E48845,D19
E48846,D06
E48847,D16
E48848,D02
E48849,D04
E48850,D03
E48851,D02
E48852,D02
E48853,D09
E48854,D10
E48855,D11
E48856,D15
E48857,D02
E48858,D08
E48859,D16
E48860,D07
E48861,D16
E48862,D13
E48863,D15
E48864,D08
E48865,D15
E48866,D12
E48867,D11
E48868,D10
E48869,D17
E48870,D17
E48871,D06
E48872,D03
E48873,D16
E48874,D19
E48875,D13
E48876,D15
E48877,D02
E48878,D07
E48879,D18
E48880,D03
E48881,D07
E48882,D15
E48883,D04
E48884,D01
E48885,D20
E48886,D18
E48887,D01
E48888,D12
E48889,D10
E48890,D16
E48891,D07
E48892,D06
E48893,D09
E48894,D02
E48895,D17
E48896,D20
E48897,D15
E48898,D04
E48899,D09
E48900,D01
E48901,D01
E48902,D10
E48903,D10
E48904,D12
E48905,D02
E48906,D19
E48907,D20
E48908,D08
E48909,D04
E48910,D17
E48911,D14
E48912,D14
E48913,D13
E48914,D14
E48915,D05
E48916,D13
E48917,D04
E48918,D06
E48919,D13
E48920,D13
E48921,D14
E48922,D19
E48923,D09
E48924,D09
E48925,D04
E48926,D10
E48927,D03
E48928,D12
E48929,D11
E48930,D01
E48931,D02
E48932,D08
E48933,D06
E48934,D11
E48935,D20
E48936,D12
E48937,D13
E48938,D01
E48939,D16
E48940,D20
E48941,D07
E48942,D12
E48943,D18
E48944,D02
E48945,D10
E48946,D07
E48947,D17
E48948,D07
E48949,D17
E48950,D16
E48951,D18
E48952,D19
E48953,D14
E48954,D19
E48955,D20
E48956,D16
E48957,D17
E48958,D05
E48959,D15
E48960,D17
E48961,D13
E48962,D03
E48963,D09
E48964,D05
E48965,D19
E48966,D20
E48967,D02
E48968,D16
E48969,D17
E48970,D03
E48971,D04
E48972,D11
E48973,D20
E48974,D18
E48975,D08
E48976,D07
E48977,D01
E48978,D09
E48979,D10
E48980,D08
E48981,D17
E48982,D15
E48983,D14
E48984,D17
E48985,D07
E48986,D11
E48987,D12
E48988,D17
E48989,D04
E48990,D05
E48991,D07
E48992,D20
E48993,D15
E48994,D08
E48995,D13
E48996,D11
E48997,D20
E48998,D08
E48999,D13
E49000,D04
E49001,D05
E49002,D14
E49003,D13
E49004,D20
E49005,D02
E49006,D03
E49007,D06
E49008,D14
E49009,D05
E49010,D04
E49011,D18
E49012,D15
E49013,D04
E49014,D09
E49015,D13
E49016,D07
E49017,D17
E49018,D09
E49019,D02
E49020,D11
E49021,D12
E49022,D09
E49023,D10
E49024,D10
E49025,D18
E49026,D02
E49027,D03
E49028,D03
E49029,D10
E49030,D16
E49031,D11
E49032,D07
E49033,D18
E49034,D06
E49035,D09
E49036,D11
E49037,D15
E49038,D09
E49039,D18
E49040,D12
E49041,D20
E49042,D13
E49043,D19
E49044,D08
E49045,D06
E49046,D01
E49047,D07
E49048,D11
E49049,D04
E49050,D17
E49051,D12
E49052,D09
E49053,D19
E49054,D08
E49055,D12
E49056,D18
E49057,D07
E49058,D07
E49059,D15
E49060,D16
E49061,D03
E49062,D01
E49063,D04
E49064,D20
E49065,D19
E49066,D15
E49067,D05
E49068,D07
E49069,D11
E49070,D06
E49071,D20
E49072,D04
E49073,D13
E49074,D20
E49075,D18
E49076,D01
E49077,D16
E49078,D10
E49079,D12
E49080,D11
E49081,D15
E49082,D05
E49083,D17
E49084,D01
E49085,D08
E49086,D19
E49087,D19
E49088,D19
E49089,D10
E49090,D03
E49091,D07
E49092,D07
E49093,D19
E49094,D05
E49095,D18
E49096,D18
E49097,D05
E49098,D13
E49099,D15
E49100,D06
E49101,D16
E49102,D13
E49103,D02
E49104,D18
E49105,D11
E49106,D17
E49107,D19
E49108,D03
E49109,D10
E49110,D14
E49111,D16
E49112,D02
E49113,D17
E49114,D12
E49115,D02
E49116,D01
E49117,D02
E49118,D20
E49119,D02
E49120,D08
E49121,D04
E49122,D01
E49123,D07
E49124,D15
E49125,D17
E49126,D17
E49127,D18
E49128,D18
E49129,D20
E49130,D08
E49131,D08
E49132,D18
E49133,D04
E49134,D01
E49135,D02
E49136,D10
E49137,D18
E49138,D15
E49139,D17
E49140,D15
E49141,D14
E49142,D03
E49143,D05
E49144,D04
E49145,D11
E49146,D11
E49147,D02
E49148,D05
E49149,D17
E49150,D09
E49151,D13
E49152,D02
E49153,D20
E49154,D16
E49155,D03
E49156,D20
E49157,D11
E49158,D20
E49159,D01
E49160,D17
E49161,D19
E49162,D01
E49163,D05
E49164,D02
E49165,D05
E49166,D08
E49167,D01
E49168,D15
E49169,D06
E49170,D04
E49171,D16
E49172,D11
E49173,D12
E49174,D03
E49175,D01
E49176,D09
E49177,D01
E49178,D19
E49179,D02
E49180,D13
E49181,D02
E49182,D17
E49183,D14
E49184,D14
E49185,D09
E49186,D06
E49187,D13
E49188,D17
E49189,D06
E49190,D20
E49191,D18
E49192,D11
E49193,D07
E49194,D10
E49195,D16
E49196,D13
E49197,D06
E49198,D09
E49199,D01
E49200,D09
E49201,D16
E49202,D02
E49203,D20
E49204,D18
E49205,D16
E49206,D18
E49207,D02
E49208,D18
E49209,D02
E49210,D06
E49211,D01
E49212,D15
E49213,D10
E49214,D18
E49215,D05
E49216,D01
E49217,D08
E49218,D04
E49219,D01
E49220,D09
E49221,D01
E49222,D17
E49223,D09
E49224,D12
E49225,D05
E49226,D01
E49227,D03
E49228,D04
E49229,D17
E49230,D05
E49231,D08
E49232,D10
E49233,D08
E49234,D20
E49235,D16
E49236,D10
E49237,D17
E49238,D03
E49239,D12
E49240,D11
E49241,D08
E49242,D12
E49243,D13
E49244,D10
E49245,D17
E49246,D09
E49247,D11
E49248,D09
E49249,D10
E49250,D04
E49251,D15
E49252,D10
E49253,D09
E49254,D02
E49255,D12
E49256,D06
E49257,D07
E49258,D18
E49259,D03
E49260,D05
E49261,D14
E49262,D14
E49263,D02
E49264,D01
E49265,D15
E49266,D08
E49267,D19
E49268,D01
E49269,D16
E49270,D10
E49271,D09
E49272,D13
E49273,D07
E49274,D11
E49275,D05
E49276,D06
E49277,D11
E49278,D10
E49279,D02
E49280,D01
E49281,D09
E49282,D13
E49283,D11
E49284,D07
E49285,D20
E49286,D18
E49287,D19
E49288,D02
E49289,D08
E49290,D07
E49291,D09
E49292,D08
E49293,D19
E49294,D06
E49295,D17
E49296,D12
E49297,D12
E49298,D03
E49299,D06
E49300,D19
E49301,D17
E49302,D11
E49303,D14
E49304,D03
E49305,D15
E49306,D02
E49307,D17
E49308,D18
E49309,D15
E49310,D04
E49311,D11
E49312,D06
E49313,D18
E49314,D20
E49315,D14
E49316,D10
E49317,D02
E49318,D15
E49319,D08
E49320,D01
E49321,D13
E49322,D10
E49323,D20
E49324,D14
E49325,D16
E49326,D20
E49327,D02
E49328,D15
E49329,D10
E49330,D07
E49331,D10
E49332,D14
E49333,D08
E49334,D06
E49335,D17
E49336,D11
E49337,D02
E49338,D14
E49339,D07
E49340,D09
E49341,D14
E49342,D11
E49343,D11
E49344,D05
E49345,D08
E49346,D19
E49347,D02
E49348,D08
E49349,D14
E49350,D18
E49351,D19
E49352,D09
E49353,D04
E49354,D10
E49355,D07
E49356,D02
E49357,D10
E49358,D20
E49359,D07
E49360,D13
E49361,D17
E49362,D08
E49363,D04
E49364,D17
E49365,D15
E49366,D07
E49367,D09
E49368,D19
E49369,D05
E49370,D05
E49371,D16
E49372,D16
E49373,D11
E49374,D02
E49375,D12
E49376,D15
E49377,D14
E49378,D16
E49379,D11
E49380,D03
E49381,D16
E49382,D20
E49383,D06
E49384,D18
E49385,D18
E49386,D06
E49387,D03
E49388,D14
E49389,D16
E49390,D06
E49391,D03
E49392,D12
E49393,D15
E49394,D19
E49395,D19
E49396,D03
E49397,D11
E49398,D05
E49399,D12
E49400,D08
E49401,D07
E49402,D10
E49403,D11
E49404,D06
E49405,D01
E49406,D19
E49407,D13
E49408,D02
E49409,D02
E49410,D07
E49411,D17
E49412,D08
E49413,D12
E49414,D20
E49415,D01
E49416,D08
E49417,D19
E49418,D20
E49419,D05
E49420,D03
E49421,D07
E49422,D06
E49423,D18
E49424,D11
E49425,D13
E49426,D05
E49427,D17
E49428,D04
E49429,D06
E49430,D07
E49431,D16
E49432,D02
E49433,D08
E49434,D06
E49435,D08
E49436,D14
E49437,D07
E49438,D03
E49439,D02
E49440,D09
E49441,D12
E49442,D04
E49443,D14
E49444,D08
E49445,D07
E49446,D18
E49447,D09
E49448,D04
E49449,D18
E49450,D12
E49451,D06
E49452,D18
E49453,D19
E49454,D09
E49455,D17
E49456,D18
E49457,D02
E49458,D08
E49459,D17
E49460,D11
E49461,D13
E49462,D06
E49463,D09
E49464,D19
E49465,D09
E49466,D12
E49467,D16
E49468,D04
E49469,D20
E49470,D01
E49471,D15
E49472,D17
E49473,D20
E49474,D14
E49475,D06
E49476,D12
E49477,D07
E49478,D12
E49479,D15
E49480,D04
E49481,D03
E49482,D02
E49483,D09
E49484,D18
E49485,D04
E49486,D11
E49487,D04
E49488,D11
E49489,D18
E49490,D14
E49491,D05
E49492,D08
E49493,D07
E49494,D08
E49495,D17
E49496,D12
E49497,D10
E49498,D12
E49499,D17
E49500,D08
E49501,D01
E49502,D14
E49503,D01
E49504,D11
E49505,D18
E49506,D20
E49507,D03
E49508,D10
E49509,D16
E49510,D10
E49511,D10
E49512,D01
E49513,D19
E49514,D17
E49515,D15
E49516,D09
E49517,D18
E49518,D06
E49519,D17
E49520,D15
E49521,D17
E49522,D17
E49523,D08
E49524,D03
E49525,D03
E49526,D18
E49527,D06
E49528,D18
E49529,D20
E49530,D19
E49531,D05
E49532,D18
E49533,D12
E49534,D16
E49535,D12
E49536,D09
E49537,D06
E49538,D08
E49539,D07
E49540,D11
E49541,D13
E49542,D08
E49543,D06
E49544,D09
E49545,D18
E49546,D19
E49547,D13
E49548,D16
E49549,D11
E49550,D07
E49551,D01
E49552,D04
E49553,D01
E49554,D03
E49555,D06
E49556,D04
E49557,D07
E49558,D19
E49559,D02
E49560,D11
E49561,D17
E49562,D18
E49563,D13
E49564,D19
E49565,D15
E49566,D11
E49567,D04
E49568,D20
E49569,D10
E49570,D04
E49571,D03
E49572,D17
E49573,D11
E49574,D06
E49575,D12
E49576,D19
E49577,D01
E49578,D17
E49579,D11
E49580,D09
E49581,D02
E49582,D15
E49583,D12
E49584,D08
E49585,D11
E49586,D18
E49587,D15
E49588,D18
E49589,D05
E49590,D13
E49591,D10
E49592,D04
E49593,D08
E49594,D05
E49595,D10
E49596,D05
E49597,D08
E49598,D11
E49599,D07
E49600,D08
E49601,D01
E49602,D10
E49603,D14
E49604,D08
E49605,D18
E49606,D11
E49607,D18
E49608,D18
E49609,D17
E49610,D03
E49611,D15
E49612,D07
E49613,D16
E49614,D13
E49615,D12
E49616,D06
E49617,D12
E49618,D17
E49619,D15
E49620,D14
E49621,D12
E49622,D15
E49623,D08
E49624,D15
E49625,D09
E49626,D20
E49627,D11
E49628,D10
E49629,D11
E49630,D07
E49631,D06
E49632,D13
E49633,D10
E49634,D11
E49635,D01
E49636,D09
E49637,D18
E49638,D03
E49639,D01
E49640,D15
E49641,D12
E49642,D11
E49643,D05
E49644,D15
E49645,D09
E49646,D07
E49647,D14
E49648,D01
E49649,D04
E49650,D19
E49651,D02
E49652,D17
E49653,D17
E49654,D05
E49655,D15
E49656,D12
E49657,D08
E49658,D08
E49659,D04
E49660,D17
E49661,D18
E49662,D07
E49663,D10
E49664,D16
E49665,D17
E49666,D15
E49667,D12
E49668,D10
E49669,D17
E49670,D09
E49671,D06
E49672,D11
E49673,D04
E49674,D12
E49675,D18
E49676,D14
E49677,D08
E49678,D07
E49679,D04
E49680,D07
E49681,D05
E49682,D07
E49683,D04
E49684,D10
E49685,D17
E49686,D09
E49687,D12
E49688,D08
E49689,D10
E49690,D17
E49691,D18
E49692,D08
E49693,D16
E49694,D05
E49695,D14
E49696,D10
E49697,D16
E49698,D08
E49699,D02
E49700,D20
E49701,D20
E49702,D19
E49703,D07
E49704,D13
E49705,D17
E49706,D02
E49707,D01
E49708,D10
E49709,D06
E49710,D14
E49711,D06
E49712,D18
E49713,D19
E49714,D17
E49715,D13
E49716,D15
E49717,D13
E49718,D01
E49719,D14
E49720,D07
E49721,D17
E49722,D19
E49723,D19
E49724,D11
E49725,D10
E49726,D12
E49727,D09
E49728,D17
E49729,D15
E49730,D13
E49731,D18
E49732,D17
E49733,D13
E49734,D04
E49735,D11
E49736,D17
E49737,D17
E49738,D07
E49739,D01
E49740,D06
E49741,D16
E49742,D04
E49743,D06
E49744,D12
E49745,D08
E49746,D12
E49747,D20
E49748,D05
E49749,D19
E49750,D17
E49751,D04
E49752,D17
E49753,D20
E49754,D08
E49755,D01
E49756,D07
E49757,D09
E49758,D14
E49759,D01
E49760,D07
E49761,D12
E49762,D14
E49763,D20
E49764,D04
E49765,D01
E49766,D19
E49767,D08
E49768,D04
E49769,D04
E49770,D04
E49771,D14
E49772,D14
E49773,D16
E49774,D07
E49775,D19
E49776,D05
E49777,D15
E49778,D08
E49779,D13
E49780,D04
E49781,D07
E49782,D10
E49783,D05
E49784,D17
E49785,D06
E49786,D13
E49787,D07
E49788,D20
E49789,D07
E49790,D14
E49791,D11
E49792,D06
E49793,D08
E49794,D06
E49795,D07
E49796,D15
E49797,D03
E49798,D01
E49799,D20
E49800,D03
E49801,D01
E49802,D03
E49803,D13
E49804,D19
E49805,D14
E49806,D12
E49807,D15
E49808,D17
E49809,D10
E49810,D07
E49811,D12
E49812,D06
E49813,D05
E49814,D02
E49815,D04
E49816,D13
E49817,D10
E49818,D04
E49819,D02
E49820,D19
E49821,D04
E49822,D19
E49823,D10
E49824,D10
E49825,D14
E49826,D16
E49827,D16
E49828,D15
E49829,D09
E49830,D20
E49831,D16
E49832,D04
E49833,D19
E49834,D03
E49835,D18
E49836,D20
E49837,D04
E49838,D03
E49839,D19
E49840,D11
E49841,D20
E49842,D14
E49843,D10
E49844,D06
E49845,D04
E49846,D20
E49847,D04
E49848,D14
E49849,D02
E49850,D12
E49851,D16
E49852,D11
E49853,D17
E49854,D20
E49855,D20
E49856,D16
E49857,D06
E49858,D01
E49859,D18
E49860,D14
E49861,D18
E49862,D02
E49863,D15
E49864,D06
E49865,D09
E49866,D19
E49867,D07
E49868,D01
E49869,D20
E49870,D15
E49871,D02
E49872,D15
E49873,D01
E49874,D20
E49875,D19
E49876,D10
E49877,D17
E49878,D06
E49879,D02
E49880,D03
E49881,D01
E49882,D02
E49883,D17
E49884,D20
E49885,D14
E49886,D11
E49887,D09
E49888,D19
E49889,D01
E49890,D20
E49891,D06
E49892,D14
E49893,D19
E49894,D06
E49895,D20
E49896,D08
E49897,D04
E49898,D09
E49899,D02
E49900,D08
E49901,D15
E49902,D19
E49903,D03
E49904,D04
E49905,D06
E49906,D14
E49907,D03
E49908,D13
E49909,D09
E49910,D15
E49911,D14
E49912,D20
E49913,D15
E49914,D18
E49915,D19
E49916,D11
E49917,D17
E49918,D03
E49919,D15
E49920,D10
E49921,D09
E49922,D20
E49923,D16
E49924,D02
E49925,D10
E49926,D09
E49927,D19
E49928,D02
E49929,D14
E49930,D10
E49931,D05
E49932,D11
E49933,D04
E49934,D20
E49935,D16
E49936,D09
E49937,D16
E49938,D04
E49939,D07
E49940,D09
E49941,D19
E49942,D02
E49943,D09
E49944,D20
E49945,D11
E49946,D06
E49947,D20
E49948,D19
E49949,D20
E49950,D10
E49951,D05
E49952,D08
E49953,D15
E49954,D10
E49955,D18
E49956,D01
E49957,D19
E49958,D14
E49959,D07
E49960,D01
E49961,D08
E49962,D12
E49963,D18
E49964,D09
E49965,D02
E49966,D04
E49967,D18
E49968,D06
E49969,D12
E49970,D11
E49971,D01
E49972,D16
E49973,D04
E49974,D20
E49975,D18
E49976,D13
E49977,D06
E49978,D03
E49979,D17
E49980,D18
E49981,D11
E49982,D13
E49983,D03
E49984,D14
E49985,D19
E49986,D06
E49987,D13
E49988,D05
E49989,D11
E49990,D08
E49991,D02
E49992,D20
E49993,D17
E49994,D12
E49995,D03
E49996,D15
E49997,D18
E49998,D10
E49999,D18
E50000,D10
